run,trial,subject,label,p_right,seed
all participants,144,1,left_hand,0.0905,0
all participants,145,1,right_hand,1.0,0
all participants,146,1,right_hand,0.9129,0
all participants,147,1,left_hand,0.0,0
all participants,148,1,right_hand,0.9803,0
all participants,149,1,left_hand,0.0,0
all participants,150,1,right_hand,0.9999,0
all participants,151,1,right_hand,1.0,0
all participants,152,1,left_hand,0.0008,0
all participants,153,1,right_hand,0.9997,0
all participants,154,1,left_hand,0.0,0
all participants,155,1,left_hand,0.0,0
all participants,156,1,right_hand,1.0,0
all participants,157,1,left_hand,0.0008,0
all participants,158,1,left_hand,0.0001,0
all participants,159,1,left_hand,0.0113,0
all participants,160,1,left_hand,0.0092,0
all participants,161,1,right_hand,1.0,0
all participants,162,1,left_hand,0.0,0
all participants,163,1,right_hand,0.9999,0
all participants,164,1,right_hand,0.9981,0
all participants,165,1,left_hand,0.0,0
all participants,166,1,right_hand,1.0,0
all participants,167,1,right_hand,0.9237,0
all participants,168,1,right_hand,0.9859,0
all participants,169,1,left_hand,0.0002,0
all participants,170,1,left_hand,0.0001,0
all participants,171,1,right_hand,0.9999,0
all participants,172,1,right_hand,1.0,0
all participants,173,1,left_hand,0.0813,0
all participants,174,1,left_hand,0.0,0
all participants,175,1,left_hand,0.0584,0
all participants,176,1,right_hand,0.9994,0
all participants,177,1,right_hand,0.9989,0
all participants,178,1,left_hand,0.0041,0
all participants,179,1,left_hand,0.0,0
all participants,180,1,left_hand,0.0,0
all participants,181,1,right_hand,0.9999,0
all participants,182,1,left_hand,0.0002,0
all participants,183,1,right_hand,0.9911,0
all participants,184,1,right_hand,0.9995,0
all participants,185,1,left_hand,0.9985,0
all participants,186,1,right_hand,1.0,0
all participants,187,1,left_hand,0.8936,0
all participants,188,1,right_hand,0.9997,0
all participants,189,1,right_hand,0.9999,0
all participants,190,1,right_hand,0.8572,0
all participants,191,1,left_hand,0.0039,0
all participants,192,1,left_hand,0.0,0
all participants,193,1,left_hand,0.9091,0
all participants,194,1,right_hand,0.9773,0
all participants,195,1,left_hand,0.0,0
all participants,196,1,left_hand,0.0,0
all participants,197,1,right_hand,1.0,0
all participants,198,1,left_hand,0.0,0
all participants,199,1,left_hand,0.0,0
all participants,200,1,right_hand,0.9996,0
all participants,201,1,left_hand,0.0278,0
all participants,202,1,right_hand,1.0,0
all participants,203,1,right_hand,1.0,0
all participants,204,1,left_hand,0.6839,0
all participants,205,1,right_hand,0.3007,0
all participants,206,1,left_hand,0.0063,0
all participants,207,1,left_hand,0.0,0
all participants,208,1,right_hand,0.4929,0
all participants,209,1,left_hand,0.0,0
all participants,210,1,right_hand,0.996,0
all participants,211,1,right_hand,0.9991,0
all participants,212,1,right_hand,0.9951,0
all participants,213,1,right_hand,0.6186,0
all participants,214,1,right_hand,1.0,0
all participants,215,1,left_hand,0.6558,0
all participants,216,1,right_hand,0.9932,0
all participants,217,1,left_hand,0.6233,0
all participants,218,1,left_hand,0.0119,0
all participants,219,1,left_hand,0.0,0
all participants,220,1,right_hand,1.0,0
all participants,221,1,right_hand,0.4136,0
all participants,222,1,left_hand,0.9983,0
all participants,223,1,right_hand,0.9563,0
all participants,224,1,left_hand,0.9959,0
all participants,225,1,right_hand,0.9753,0
all participants,226,1,left_hand,0.2072,0
all participants,227,1,right_hand,0.9991,0
all participants,228,1,right_hand,0.9362,0
all participants,229,1,right_hand,0.9973,0
all participants,230,1,left_hand,0.0001,0
all participants,231,1,left_hand,0.0,0
all participants,232,1,right_hand,0.9979,0
all participants,233,1,left_hand,0.0,0
all participants,234,1,right_hand,0.8422,0
all participants,235,1,right_hand,0.9717,0
all participants,236,1,left_hand,0.0002,0
all participants,237,1,left_hand,0.9372,0
all participants,238,1,right_hand,1.0,0
all participants,239,1,left_hand,0.0002,0
all participants,240,1,right_hand,0.9119,0
all participants,241,1,left_hand,0.0141,0
all participants,242,1,left_hand,0.0653,0
all participants,243,1,right_hand,0.8062,0
all participants,244,1,left_hand,0.0686,0
all participants,245,1,left_hand,0.001,0
all participants,246,1,left_hand,0.0015,0
all participants,247,1,right_hand,0.9468,0
all participants,248,1,right_hand,0.9596,0
all participants,249,1,right_hand,0.9984,0
all participants,250,1,right_hand,1.0,0
all participants,251,1,left_hand,0.0071,0
all participants,252,1,right_hand,0.9975,0
all participants,253,1,right_hand,0.0906,0
all participants,254,1,right_hand,1.0,0
all participants,255,1,left_hand,0.0225,0
all participants,256,1,left_hand,0.3209,0
all participants,257,1,left_hand,0.7538,0
all participants,258,1,left_hand,0.0062,0
all participants,259,1,left_hand,0.5185,0
all participants,260,1,right_hand,1.0,0
all participants,261,1,left_hand,0.0003,0
all participants,262,1,right_hand,1.0,0
all participants,263,1,right_hand,0.9994,0
all participants,264,1,left_hand,0.0003,0
all participants,265,1,right_hand,0.9997,0
all participants,266,1,left_hand,0.0913,0
all participants,267,1,left_hand,0.0521,0
all participants,268,1,right_hand,1.0,0
all participants,269,1,right_hand,1.0,0
all participants,270,1,right_hand,0.9989,0
all participants,271,1,left_hand,0.9975,0
all participants,272,1,right_hand,0.9998,0
all participants,273,1,right_hand,1.0,0
all participants,274,1,right_hand,0.9967,0
all participants,275,1,right_hand,0.3238,0
all participants,276,1,right_hand,0.0179,0
all participants,277,1,left_hand,0.0215,0
all participants,278,1,right_hand,1.0,0
all participants,279,1,right_hand,0.9953,0
all participants,280,1,left_hand,0.0305,0
all participants,281,1,left_hand,0.0103,0
all participants,282,1,left_hand,0.9979,0
all participants,283,1,left_hand,0.1408,0
all participants,284,1,left_hand,0.888,0
all participants,285,1,left_hand,0.0602,0
all participants,286,1,right_hand,0.9995,0
all participants,287,1,left_hand,0.0002,0
all participants,432,2,left_hand,0.2635,0
all participants,433,2,right_hand,0.9865,0
all participants,434,2,right_hand,1.0,0
all participants,435,2,left_hand,0.0012,0
all participants,436,2,right_hand,0.9723,0
all participants,437,2,left_hand,0.0198,0
all participants,438,2,right_hand,0.9767,0
all participants,439,2,right_hand,0.4482,0
all participants,440,2,left_hand,0.5117,0
all participants,441,2,right_hand,0.9328,0
all participants,442,2,left_hand,0.6063,0
all participants,443,2,left_hand,0.4022,0
all participants,444,2,right_hand,1.0,0
all participants,445,2,left_hand,0.3357,0
all participants,446,2,left_hand,0.0,0
all participants,447,2,left_hand,0.6665,0
all participants,448,2,left_hand,0.0123,0
all participants,449,2,right_hand,0.9991,0
all participants,450,2,left_hand,0.5199,0
all participants,451,2,right_hand,0.9977,0
all participants,452,2,right_hand,1.0,0
all participants,453,2,left_hand,0.0,0
all participants,454,2,right_hand,0.9968,0
all participants,455,2,right_hand,0.9998,0
all participants,456,2,right_hand,0.8292,0
all participants,457,2,left_hand,0.0815,0
all participants,458,2,left_hand,0.0108,0
all participants,459,2,right_hand,0.9735,0
all participants,460,2,right_hand,0.987,0
all participants,461,2,left_hand,0.0078,0
all participants,462,2,left_hand,0.0,0
all participants,463,2,left_hand,0.0677,0
all participants,464,2,right_hand,0.9704,0
all participants,465,2,right_hand,0.4107,0
all participants,466,2,left_hand,0.0606,0
all participants,467,2,left_hand,0.0108,0
all participants,468,2,left_hand,0.0113,0
all participants,469,2,right_hand,0.9668,0
all participants,470,2,left_hand,0.0011,0
all participants,471,2,right_hand,0.9721,0
all participants,472,2,right_hand,0.8646,0
all participants,473,2,left_hand,0.0577,0
all participants,474,2,right_hand,0.9969,0
all participants,475,2,left_hand,0.0092,0
all participants,476,2,right_hand,0.9972,0
all participants,477,2,right_hand,0.9989,0
all participants,478,2,right_hand,0.9987,0
all participants,479,2,left_hand,0.0542,0
all participants,480,2,left_hand,0.1224,0
all participants,481,2,left_hand,0.0149,0
all participants,482,2,right_hand,0.1023,0
all participants,483,2,left_hand,0.0486,0
all participants,484,2,left_hand,0.1893,0
all participants,485,2,right_hand,0.9402,0
all participants,486,2,left_hand,0.0053,0
all participants,487,2,left_hand,0.0697,0
all participants,488,2,right_hand,0.0486,0
all participants,489,2,left_hand,0.0252,0
all participants,490,2,right_hand,0.8877,0
all participants,491,2,right_hand,0.5472,0
all participants,492,2,left_hand,0.0908,0
all participants,493,2,right_hand,0.0795,0
all participants,494,2,left_hand,0.8892,0
all participants,495,2,left_hand,0.0118,0
all participants,496,2,right_hand,0.9096,0
all participants,497,2,left_hand,0.002,0
all participants,498,2,right_hand,0.9233,0
all participants,499,2,right_hand,0.1304,0
all participants,500,2,right_hand,0.9986,0
all participants,501,2,right_hand,0.928,0
all participants,502,2,right_hand,0.6129,0
all participants,503,2,left_hand,0.1844,0
all participants,504,2,right_hand,0.5222,0
all participants,505,2,left_hand,0.0448,0
all participants,506,2,left_hand,0.1263,0
all participants,507,2,left_hand,0.0005,0
all participants,508,2,right_hand,0.77,0
all participants,509,2,right_hand,0.8653,0
all participants,510,2,left_hand,0.3863,0
all participants,511,2,right_hand,0.9742,0
all participants,512,2,left_hand,0.0043,0
all participants,513,2,right_hand,0.1794,0
all participants,514,2,left_hand,0.012,0
all participants,515,2,right_hand,0.7263,0
all participants,516,2,right_hand,0.9994,0
all participants,517,2,right_hand,0.8988,0
all participants,518,2,left_hand,0.8679,0
all participants,519,2,left_hand,0.5204,0
all participants,520,2,right_hand,0.9507,0
all participants,521,2,left_hand,0.3809,0
all participants,522,2,right_hand,0.9991,0
all participants,523,2,right_hand,0.9822,0
all participants,524,2,left_hand,0.6766,0
all participants,525,2,left_hand,0.0076,0
all participants,526,2,right_hand,0.5206,0
all participants,527,2,left_hand,0.0001,0
all participants,528,2,right_hand,0.925,0
all participants,529,2,left_hand,0.0147,0
all participants,530,2,left_hand,0.0025,0
all participants,531,2,right_hand,0.4956,0
all participants,532,2,left_hand,0.1456,0
all participants,533,2,left_hand,0.0092,0
all participants,534,2,left_hand,0.0,0
all participants,535,2,right_hand,0.2834,0
all participants,536,2,right_hand,0.0382,0
all participants,537,2,right_hand,0.1667,0
all participants,538,2,right_hand,0.7263,0
all participants,539,2,left_hand,0.0,0
all participants,540,2,right_hand,0.9992,0
all participants,541,2,right_hand,0.5486,0
all participants,542,2,right_hand,0.2078,0
all participants,543,2,left_hand,0.0431,0
all participants,544,2,left_hand,0.1984,0
all participants,545,2,left_hand,0.7554,0
all participants,546,2,left_hand,0.8599,0
all participants,547,2,left_hand,0.1009,0
all participants,548,2,right_hand,0.9621,0
all participants,549,2,left_hand,0.645,0
all participants,550,2,right_hand,0.989,0
all participants,551,2,right_hand,0.9397,0
all participants,552,2,left_hand,0.0005,0
all participants,553,2,right_hand,0.6654,0
all participants,554,2,left_hand,0.0122,0
all participants,555,2,left_hand,0.2172,0
all participants,556,2,right_hand,1.0,0
all participants,557,2,right_hand,0.949,0
all participants,558,2,right_hand,0.9662,0
all participants,559,2,left_hand,0.0142,0
all participants,560,2,right_hand,0.9944,0
all participants,561,2,right_hand,0.6591,0
all participants,562,2,right_hand,0.003,0
all participants,563,2,right_hand,0.1067,0
all participants,564,2,right_hand,0.083,0
all participants,565,2,left_hand,0.0013,0
all participants,566,2,right_hand,0.9999,0
all participants,567,2,right_hand,0.0006,0
all participants,568,2,left_hand,0.1763,0
all participants,569,2,left_hand,0.5293,0
all participants,570,2,left_hand,0.9917,0
all participants,571,2,left_hand,0.0006,0
all participants,572,2,left_hand,0.0494,0
all participants,573,2,left_hand,0.0011,0
all participants,574,2,right_hand,0.1112,0
all participants,575,2,left_hand,0.7321,0
all participants,720,3,left_hand,0.3394,0
all participants,721,3,right_hand,1.0,0
all participants,722,3,right_hand,0.999,0
all participants,723,3,left_hand,0.0038,0
all participants,724,3,right_hand,0.9989,0
all participants,725,3,left_hand,0.0018,0
all participants,726,3,right_hand,0.9687,0
all participants,727,3,right_hand,0.999,0
all participants,728,3,left_hand,0.0001,0
all participants,729,3,right_hand,0.9929,0
all participants,730,3,left_hand,0.0001,0
all participants,731,3,left_hand,0.0543,0
all participants,732,3,right_hand,0.9999,0
all participants,733,3,left_hand,0.0,0
all participants,734,3,left_hand,0.0,0
all participants,735,3,left_hand,0.0796,0
all participants,736,3,left_hand,0.0,0
all participants,737,3,right_hand,0.775,0
all participants,738,3,left_hand,0.0001,0
all participants,739,3,right_hand,0.998,0
all participants,740,3,right_hand,0.846,0
all participants,741,3,left_hand,0.0,0
all participants,742,3,right_hand,0.9941,0
all participants,743,3,right_hand,0.6452,0
all participants,744,3,right_hand,0.982,0
all participants,745,3,left_hand,0.0,0
all participants,746,3,left_hand,0.0001,0
all participants,747,3,right_hand,1.0,0
all participants,748,3,right_hand,1.0,0
all participants,749,3,left_hand,0.0069,0
all participants,750,3,left_hand,0.0045,0
all participants,751,3,left_hand,0.0,0
all participants,752,3,right_hand,0.9618,0
all participants,753,3,right_hand,1.0,0
all participants,754,3,left_hand,0.0146,0
all participants,755,3,left_hand,0.0001,0
all participants,756,3,left_hand,0.0028,0
all participants,757,3,right_hand,1.0,0
all participants,758,3,left_hand,0.0,0
all participants,759,3,right_hand,0.9999,0
all participants,760,3,right_hand,0.9449,0
all participants,761,3,left_hand,0.0,0
all participants,762,3,right_hand,0.999,0
all participants,763,3,left_hand,0.014,0
all participants,764,3,right_hand,0.9428,0
all participants,765,3,right_hand,0.998,0
all participants,766,3,right_hand,0.93,0
all participants,767,3,left_hand,0.0001,0
all participants,768,3,left_hand,0.0009,0
all participants,769,3,left_hand,0.0001,0
all participants,770,3,right_hand,0.9872,0
all participants,771,3,left_hand,0.0,0
all participants,772,3,left_hand,0.0,0
all participants,773,3,right_hand,0.9743,0
all participants,774,3,left_hand,0.243,0
all participants,775,3,left_hand,0.0008,0
all participants,776,3,right_hand,0.9972,0
all participants,777,3,left_hand,0.1571,0
all participants,778,3,right_hand,1.0,0
all participants,779,3,right_hand,0.9999,0
all participants,780,3,left_hand,0.0,0
all participants,781,3,right_hand,0.9999,0
all participants,782,3,left_hand,0.0,0
all participants,783,3,left_hand,0.0007,0
all participants,784,3,right_hand,1.0,0
all participants,785,3,left_hand,0.0015,0
all participants,786,3,right_hand,1.0,0
all participants,787,3,right_hand,0.3891,0
all participants,788,3,right_hand,0.967,0
all participants,789,3,right_hand,1.0,0
all participants,790,3,right_hand,1.0,0
all participants,791,3,left_hand,0.0377,0
all participants,792,3,right_hand,0.811,0
all participants,793,3,left_hand,0.0,0
all participants,794,3,left_hand,0.954,0
all participants,795,3,left_hand,0.0003,0
all participants,796,3,right_hand,1.0,0
all participants,797,3,right_hand,1.0,0
all participants,798,3,left_hand,0.0026,0
all participants,799,3,right_hand,0.9985,0
all participants,800,3,left_hand,0.1134,0
all participants,801,3,right_hand,0.9999,0
all participants,802,3,left_hand,0.126,0
all participants,803,3,right_hand,0.9996,0
all participants,804,3,right_hand,1.0,0
all participants,805,3,right_hand,1.0,0
all participants,806,3,left_hand,0.0003,0
all participants,807,3,left_hand,0.0079,0
all participants,808,3,right_hand,0.9999,0
all participants,809,3,left_hand,0.0036,0
all participants,810,3,right_hand,0.93,0
all participants,811,3,right_hand,0.9947,0
all participants,812,3,left_hand,0.0541,0
all participants,813,3,left_hand,0.5367,0
all participants,814,3,right_hand,1.0,0
all participants,815,3,left_hand,0.0,0
all participants,816,3,right_hand,0.9524,0
all participants,817,3,left_hand,0.0007,0
all participants,818,3,left_hand,0.0,0
all participants,819,3,right_hand,1.0,0
all participants,820,3,left_hand,0.044,0
all participants,821,3,left_hand,0.0,0
all participants,822,3,left_hand,0.073,0
all participants,823,3,right_hand,0.9593,0
all participants,824,3,right_hand,1.0,0
all participants,825,3,right_hand,1.0,0
all participants,826,3,right_hand,1.0,0
all participants,827,3,left_hand,0.0004,0
all participants,828,3,right_hand,0.9996,0
all participants,829,3,right_hand,1.0,0
all participants,830,3,right_hand,0.9995,0
all participants,831,3,left_hand,0.0077,0
all participants,832,3,left_hand,0.0069,0
all participants,833,3,left_hand,0.0157,0
all participants,834,3,left_hand,0.0,0
all participants,835,3,left_hand,0.0048,0
all participants,836,3,right_hand,0.6401,0
all participants,837,3,left_hand,0.0,0
all participants,838,3,right_hand,0.9921,0
all participants,839,3,right_hand,0.9997,0
all participants,840,3,left_hand,0.0,0
all participants,841,3,right_hand,0.9994,0
all participants,842,3,left_hand,0.0036,0
all participants,843,3,left_hand,0.0017,0
all participants,844,3,right_hand,0.9997,0
all participants,845,3,right_hand,0.947,0
all participants,846,3,right_hand,0.9878,0
all participants,847,3,left_hand,0.0001,0
all participants,848,3,right_hand,0.9902,0
all participants,849,3,right_hand,0.9999,0
all participants,850,3,right_hand,0.9985,0
all participants,851,3,right_hand,1.0,0
all participants,852,3,right_hand,0.967,0
all participants,853,3,left_hand,0.027,0
all participants,854,3,right_hand,1.0,0
all participants,855,3,right_hand,0.2259,0
all participants,856,3,left_hand,0.0844,0
all participants,857,3,left_hand,0.0,0
all participants,858,3,left_hand,0.0276,0
all participants,859,3,left_hand,0.0001,0
all participants,860,3,left_hand,0.0,0
all participants,861,3,left_hand,0.7237,0
all participants,862,3,right_hand,0.9912,0
all participants,863,3,left_hand,0.056,0
all participants,1008,4,right_hand,0.9998,0
all participants,1009,4,left_hand,0.8888,0
all participants,1010,4,left_hand,0.6703,0
all participants,1011,4,right_hand,0.6245,0
all participants,1012,4,right_hand,0.8956,0
all participants,1013,4,left_hand,0.0845,0
all participants,1014,4,left_hand,0.0897,0
all participants,1015,4,left_hand,0.48,0
all participants,1016,4,right_hand,0.0403,0
all participants,1017,4,right_hand,0.9999,0
all participants,1018,4,left_hand,0.0087,0
all participants,1019,4,left_hand,0.0086,0
all participants,1020,4,left_hand,0.9275,0
all participants,1021,4,right_hand,0.4598,0
all participants,1022,4,left_hand,0.0259,0
all participants,1023,4,right_hand,0.7747,0
all participants,1024,4,right_hand,0.9907,0
all participants,1025,4,left_hand,0.0138,0
all participants,1026,4,right_hand,0.4739,0
all participants,1027,4,left_hand,0.9947,0
all participants,1028,4,right_hand,0.9305,0
all participants,1029,4,right_hand,0.9947,0
all participants,1030,4,right_hand,0.9997,0
all participants,1031,4,left_hand,0.0253,0
all participants,1032,4,left_hand,0.0092,0
all participants,1033,4,left_hand,0.0129,0
all participants,1034,4,right_hand,0.9992,0
all participants,1035,4,left_hand,0.0006,0
all participants,1036,4,left_hand,0.0769,0
all participants,1037,4,right_hand,0.83,0
all participants,1038,4,left_hand,0.3251,0
all participants,1039,4,left_hand,0.014,0
all participants,1040,4,right_hand,0.9999,0
all participants,1041,4,left_hand,0.5078,0
all participants,1042,4,right_hand,0.1534,0
all participants,1043,4,right_hand,0.9965,0
all participants,1044,4,left_hand,0.0156,0
all participants,1045,4,right_hand,0.8629,0
all participants,1046,4,left_hand,0.0238,0
all participants,1047,4,left_hand,0.4313,0
all participants,1048,4,right_hand,1.0,0
all participants,1049,4,left_hand,0.0016,0
all participants,1050,4,right_hand,0.9999,0
all participants,1051,4,right_hand,0.7792,0
all participants,1052,4,right_hand,0.4433,0
all participants,1053,4,right_hand,0.9986,0
all participants,1054,4,right_hand,0.3901,0
all participants,1055,4,left_hand,0.0005,0
all participants,1056,4,right_hand,0.7065,0
all participants,1057,4,left_hand,0.0598,0
all participants,1058,4,left_hand,0.4812,0
all participants,1059,4,left_hand,0.9402,0
all participants,1060,4,right_hand,0.9998,0
all participants,1061,4,right_hand,0.003,0
all participants,1062,4,left_hand,0.05,0
all participants,1063,4,right_hand,0.9998,0
all participants,1064,4,left_hand,0.18,0
all participants,1065,4,right_hand,0.2868,0
all participants,1066,4,left_hand,0.9894,0
all participants,1067,4,right_hand,0.9976,0
all participants,1068,4,right_hand,0.9559,0
all participants,1069,4,right_hand,0.1591,0
all participants,1070,4,left_hand,0.419,0
all participants,1071,4,left_hand,0.3793,0
all participants,1072,4,right_hand,0.9997,0
all participants,1073,4,left_hand,0.6164,0
all participants,1074,4,right_hand,1.0,0
all participants,1075,4,right_hand,0.8495,0
all participants,1076,4,left_hand,0.0105,0
all participants,1077,4,left_hand,0.7987,0
all participants,1078,4,right_hand,0.9996,0
all participants,1079,4,left_hand,0.5957,0
all participants,1080,4,right_hand,0.9999,0
all participants,1081,4,left_hand,0.2295,0
all participants,1082,4,left_hand,0.026,0
all participants,1083,4,right_hand,0.9716,0
all participants,1084,4,left_hand,0.9963,0
all participants,1085,4,left_hand,0.0,0
all participants,1086,4,left_hand,0.0084,0
all participants,1087,4,right_hand,0.8163,0
all participants,1088,4,right_hand,0.8534,0
all participants,1089,4,right_hand,1.0,0
all participants,1090,4,right_hand,0.993,0
all participants,1091,4,left_hand,0.1033,0
all participants,1092,4,right_hand,0.0539,0
all participants,1093,4,right_hand,0.7703,0
all participants,1094,4,right_hand,0.974,0
all participants,1095,4,left_hand,0.0177,0
all participants,1096,4,left_hand,0.4547,0
all participants,1097,4,left_hand,0.0218,0
all participants,1098,4,left_hand,0.0001,0
all participants,1099,4,left_hand,0.4957,0
all participants,1100,4,right_hand,1.0,0
all participants,1101,4,left_hand,0.0021,0
all participants,1102,4,right_hand,0.9998,0
all participants,1103,4,right_hand,0.9981,0
all participants,1104,4,left_hand,0.012,0
all participants,1105,4,right_hand,0.9965,0
all participants,1106,4,left_hand,0.0021,0
all participants,1107,4,left_hand,0.0118,0
all participants,1108,4,right_hand,0.9811,0
all participants,1109,4,right_hand,0.4565,0
all participants,1110,4,right_hand,0.9818,0
all participants,1111,4,left_hand,0.0,0
all participants,1112,4,right_hand,1.0,0
all participants,1113,4,right_hand,0.7692,0
all participants,1114,4,right_hand,0.9997,0
all participants,1115,4,right_hand,1.0,0
all participants,1116,4,right_hand,0.9878,0
all participants,1117,4,left_hand,0.0038,0
all participants,1118,4,right_hand,0.8734,0
all participants,1119,4,right_hand,0.998,0
all participants,1120,4,left_hand,0.4979,0
all participants,1121,4,left_hand,0.867,0
all participants,1122,4,left_hand,0.9865,0
all participants,1123,4,left_hand,0.3733,0
all participants,1124,4,left_hand,0.1442,0
all participants,1125,4,left_hand,0.8997,0
all participants,1126,4,right_hand,0.9999,0
all participants,1127,4,left_hand,0.9349,0
all participants,1128,4,left_hand,0.1046,0
all participants,1129,4,right_hand,0.9309,0
all participants,1130,4,right_hand,0.9886,0
all participants,1131,4,left_hand,0.0002,0
all participants,1132,4,right_hand,0.9262,0
all participants,1133,4,right_hand,0.9993,0
all participants,1134,4,right_hand,1.0,0
all participants,1135,4,right_hand,0.9999,0
all participants,1136,4,right_hand,0.9895,0
all participants,1137,4,left_hand,0.0028,0
all participants,1138,4,left_hand,0.659,0
all participants,1139,4,left_hand,0.951,0
all participants,1140,4,left_hand,0.892,0
all participants,1141,4,right_hand,0.9999,0
all participants,1142,4,right_hand,1.0,0
all participants,1143,4,left_hand,0.9788,0
all participants,1144,4,left_hand,0.9982,0
all participants,1145,4,left_hand,0.0001,0
all participants,1146,4,right_hand,0.532,0
all participants,1147,4,right_hand,0.9994,0
all participants,1148,4,left_hand,0.0,0
all participants,1149,4,left_hand,0.0976,0
all participants,1150,4,right_hand,0.9984,0
all participants,1151,4,left_hand,0.0699,0
all participants,1296,5,left_hand,0.0362,0
all participants,1297,5,right_hand,0.669,0
all participants,1298,5,right_hand,0.8477,0
all participants,1299,5,left_hand,0.0281,0
all participants,1300,5,right_hand,0.9197,0
all participants,1301,5,left_hand,0.0005,0
all participants,1302,5,right_hand,0.995,0
all participants,1303,5,right_hand,0.3288,0
all participants,1304,5,left_hand,0.0436,0
all participants,1305,5,right_hand,0.0551,0
all participants,1306,5,left_hand,0.0,0
all participants,1307,5,left_hand,0.0145,0
all participants,1308,5,right_hand,0.5066,0
all participants,1309,5,left_hand,0.0304,0
all participants,1310,5,left_hand,0.0012,0
all participants,1311,5,left_hand,0.0057,0
all participants,1312,5,left_hand,0.0018,0
all participants,1313,5,right_hand,0.9713,0
all participants,1314,5,left_hand,0.0004,0
all participants,1315,5,right_hand,0.8389,0
all participants,1316,5,right_hand,0.9043,0
all participants,1317,5,left_hand,0.0006,0
all participants,1318,5,right_hand,0.9581,0
all participants,1319,5,right_hand,0.9992,0
all participants,1320,5,right_hand,0.1632,0
all participants,1321,5,left_hand,0.0004,0
all participants,1322,5,left_hand,0.0007,0
all participants,1323,5,right_hand,0.9933,0
all participants,1324,5,right_hand,0.9559,0
all participants,1325,5,left_hand,0.0637,0
all participants,1326,5,left_hand,0.0035,0
all participants,1327,5,left_hand,0.0018,0
all participants,1328,5,right_hand,0.9063,0
all participants,1329,5,right_hand,0.9445,0
all participants,1330,5,left_hand,0.0005,0
all participants,1331,5,left_hand,0.0004,0
all participants,1332,5,left_hand,0.0,0
all participants,1333,5,right_hand,0.1454,0
all participants,1334,5,left_hand,0.0002,0
all participants,1335,5,right_hand,0.6762,0
all participants,1336,5,right_hand,0.2735,0
all participants,1337,5,left_hand,0.0,0
all participants,1338,5,right_hand,0.9547,0
all participants,1339,5,left_hand,0.0087,0
all participants,1340,5,right_hand,0.9973,0
all participants,1341,5,right_hand,0.9961,0
all participants,1342,5,right_hand,0.9359,0
all participants,1343,5,left_hand,0.0024,0
all participants,1344,5,left_hand,0.0001,0
all participants,1345,5,left_hand,0.0102,0
all participants,1346,5,right_hand,0.4269,0
all participants,1347,5,left_hand,0.0,0
all participants,1348,5,left_hand,0.0,0
all participants,1349,5,right_hand,0.0321,0
all participants,1350,5,left_hand,0.0523,0
all participants,1351,5,left_hand,0.0,0
all participants,1352,5,right_hand,0.7954,0
all participants,1353,5,left_hand,0.0001,0
all participants,1354,5,right_hand,0.2898,0
all participants,1355,5,right_hand,0.0319,0
all participants,1356,5,left_hand,0.0,0
all participants,1357,5,right_hand,0.9762,0
all participants,1358,5,left_hand,0.0,0
all participants,1359,5,left_hand,0.0,0
all participants,1360,5,right_hand,0.9895,0
all participants,1361,5,left_hand,0.0,0
all participants,1362,5,right_hand,0.0568,0
all participants,1363,5,right_hand,0.9584,0
all participants,1364,5,right_hand,0.8133,0
all participants,1365,5,right_hand,0.9986,0
all participants,1366,5,right_hand,0.5717,0
all participants,1367,5,left_hand,0.0005,0
all participants,1368,5,right_hand,0.5197,0
all participants,1369,5,left_hand,0.1468,0
all participants,1370,5,left_hand,0.0003,0
all participants,1371,5,left_hand,0.0,0
all participants,1372,5,right_hand,0.86,0
all participants,1373,5,right_hand,0.0922,0
all participants,1374,5,left_hand,0.0134,0
all participants,1375,5,right_hand,0.9722,0
all participants,1376,5,left_hand,0.0003,0
all participants,1377,5,right_hand,0.9716,0
all participants,1378,5,left_hand,0.0,0
all participants,1379,5,right_hand,0.9919,0
all participants,1380,5,right_hand,0.9955,0
all participants,1381,5,right_hand,0.9997,0
all participants,1382,5,left_hand,0.1073,0
all participants,1383,5,left_hand,0.0004,0
all participants,1384,5,right_hand,0.0327,0
all participants,1385,5,left_hand,0.0005,0
all participants,1386,5,right_hand,0.4433,0
all participants,1387,5,right_hand,0.0928,0
all participants,1388,5,left_hand,0.0009,0
all participants,1389,5,left_hand,0.0007,0
all participants,1390,5,right_hand,0.8341,0
all participants,1391,5,left_hand,0.0042,0
all participants,1392,5,right_hand,0.7317,0
all participants,1393,5,left_hand,0.0176,0
all participants,1394,5,left_hand,0.0008,0
all participants,1395,5,right_hand,0.9603,0
all participants,1396,5,left_hand,0.8859,0
all participants,1397,5,left_hand,0.0,0
all participants,1398,5,left_hand,0.0009,0
all participants,1399,5,right_hand,0.3372,0
all participants,1400,5,right_hand,0.3281,0
all participants,1401,5,right_hand,0.8946,0
all participants,1402,5,right_hand,0.9741,0
all participants,1403,5,left_hand,0.0002,0
all participants,1404,5,right_hand,0.3891,0
all participants,1405,5,right_hand,0.9985,0
all participants,1406,5,right_hand,0.0237,0
all participants,1407,5,left_hand,0.0009,0
all participants,1408,5,left_hand,0.0083,0
all participants,1409,5,left_hand,0.0048,0
all participants,1410,5,left_hand,0.0,0
all participants,1411,5,left_hand,0.0015,0
all participants,1412,5,right_hand,0.976,0
all participants,1413,5,left_hand,0.0029,0
all participants,1414,5,right_hand,0.8722,0
all participants,1415,5,right_hand,0.7087,0
all participants,1416,5,left_hand,0.0006,0
all participants,1417,5,right_hand,0.5741,0
all participants,1418,5,left_hand,0.0,0
all participants,1419,5,left_hand,0.0,0
all participants,1420,5,right_hand,0.9653,0
all participants,1421,5,right_hand,0.9994,0
all participants,1422,5,right_hand,0.2745,0
all participants,1423,5,left_hand,0.0133,0
all participants,1424,5,right_hand,0.9391,0
all participants,1425,5,right_hand,0.9681,0
all participants,1426,5,right_hand,0.0208,0
all participants,1427,5,right_hand,0.665,0
all participants,1428,5,right_hand,0.6879,0
all participants,1429,5,left_hand,0.0012,0
all participants,1430,5,right_hand,0.0239,0
all participants,1431,5,right_hand,0.0723,0
all participants,1432,5,left_hand,0.0044,0
all participants,1433,5,left_hand,0.0003,0
all participants,1434,5,left_hand,0.0002,0
all participants,1435,5,left_hand,0.0071,0
all participants,1436,5,left_hand,0.0002,0
all participants,1437,5,left_hand,0.0001,0
all participants,1438,5,right_hand,0.1945,0
all participants,1439,5,left_hand,0.0028,0
all participants,1584,6,left_hand,0.0481,0
all participants,1585,6,right_hand,0.9978,0
all participants,1586,6,right_hand,0.9381,0
all participants,1587,6,left_hand,0.0009,0
all participants,1588,6,right_hand,0.0575,0
all participants,1589,6,left_hand,0.0002,0
all participants,1590,6,right_hand,0.9889,0
all participants,1591,6,right_hand,0.8445,0
all participants,1592,6,left_hand,0.0082,0
all participants,1593,6,right_hand,0.9994,0
all participants,1594,6,left_hand,0.9627,0
all participants,1595,6,left_hand,0.0003,0
all participants,1596,6,right_hand,1.0,0
all participants,1597,6,left_hand,0.0107,0
all participants,1598,6,left_hand,0.0004,0
all participants,1599,6,left_hand,0.9573,0
all participants,1600,6,left_hand,0.5148,0
all participants,1601,6,right_hand,0.9996,0
all participants,1602,6,left_hand,0.1347,0
all participants,1603,6,right_hand,0.9603,0
all participants,1604,6,right_hand,0.9997,0
all participants,1605,6,left_hand,0.6851,0
all participants,1606,6,right_hand,0.9998,0
all participants,1607,6,right_hand,0.9999,0
all participants,1608,6,right_hand,0.9981,0
all participants,1609,6,left_hand,0.0025,0
all participants,1610,6,left_hand,0.1662,0
all participants,1611,6,right_hand,0.9992,0
all participants,1612,6,right_hand,0.9881,0
all participants,1613,6,left_hand,0.0863,0
all participants,1614,6,left_hand,0.0005,0
all participants,1615,6,left_hand,0.6717,0
all participants,1616,6,right_hand,0.2851,0
all participants,1617,6,right_hand,0.9753,0
all participants,1618,6,left_hand,0.0,0
all participants,1619,6,left_hand,0.0303,0
all participants,1620,6,left_hand,0.0001,0
all participants,1621,6,right_hand,0.9902,0
all participants,1622,6,left_hand,0.7358,0
all participants,1623,6,right_hand,0.037,0
all participants,1624,6,right_hand,0.9904,0
all participants,1625,6,left_hand,0.0088,0
all participants,1626,6,right_hand,0.8454,0
all participants,1627,6,left_hand,0.7327,0
all participants,1628,6,right_hand,0.9948,0
all participants,1629,6,right_hand,0.884,0
all participants,1630,6,right_hand,1.0,0
all participants,1631,6,left_hand,0.0211,0
all participants,1632,6,left_hand,0.9854,0
all participants,1633,6,left_hand,0.0005,0
all participants,1634,6,right_hand,0.9413,0
all participants,1635,6,left_hand,0.0,0
all participants,1636,6,left_hand,0.0001,0
all participants,1637,6,right_hand,0.993,0
all participants,1638,6,left_hand,0.0,0
all participants,1639,6,left_hand,0.0001,0
all participants,1640,6,right_hand,0.9987,0
all participants,1641,6,left_hand,0.0002,0
all participants,1642,6,right_hand,0.0035,0
all participants,1643,6,right_hand,1.0,0
all participants,1644,6,left_hand,0.9375,0
all participants,1645,6,right_hand,1.0,0
all participants,1646,6,left_hand,0.7603,0
all participants,1647,6,left_hand,0.4794,0
all participants,1648,6,right_hand,0.9927,0
all participants,1649,6,left_hand,0.0709,0
all participants,1650,6,right_hand,0.9993,0
all participants,1651,6,right_hand,0.9998,0
all participants,1652,6,right_hand,0.9711,0
all participants,1653,6,right_hand,0.9956,0
all participants,1654,6,right_hand,0.9982,0
all participants,1655,6,left_hand,0.8765,0
all participants,1656,6,right_hand,0.9602,0
all participants,1657,6,left_hand,0.0156,0
all participants,1658,6,left_hand,0.9995,0
all participants,1659,6,left_hand,0.0001,0
all participants,1660,6,right_hand,0.9995,0
all participants,1661,6,right_hand,0.9932,0
all participants,1662,6,left_hand,0.0321,0
all participants,1663,6,right_hand,0.9949,0
all participants,1664,6,left_hand,0.6547,0
all participants,1665,6,right_hand,0.999,0
all participants,1666,6,left_hand,0.0002,0
all participants,1667,6,right_hand,0.9269,0
all participants,1668,6,right_hand,0.9985,0
all participants,1669,6,right_hand,0.9999,0
all participants,1670,6,left_hand,0.0001,0
all participants,1671,6,left_hand,0.566,0
all participants,1672,6,right_hand,0.9465,0
all participants,1673,6,left_hand,0.519,0
all participants,1674,6,right_hand,0.7752,0
all participants,1675,6,right_hand,0.9999,0
all participants,1676,6,left_hand,0.9786,0
all participants,1677,6,left_hand,0.0221,0
all participants,1678,6,right_hand,0.9995,0
all participants,1679,6,left_hand,0.0197,0
all participants,1680,6,right_hand,0.9989,0
all participants,1681,6,left_hand,0.0415,0
all participants,1682,6,left_hand,0.9737,0
all participants,1683,6,right_hand,0.9997,0
all participants,1684,6,left_hand,0.0407,0
all participants,1685,6,left_hand,0.3964,0
all participants,1686,6,left_hand,0.1414,0
all participants,1687,6,right_hand,0.8327,0
all participants,1688,6,right_hand,0.9912,0
all participants,1689,6,right_hand,0.9999,0
all participants,1690,6,right_hand,0.9471,0
all participants,1691,6,left_hand,0.9749,0
all participants,1692,6,right_hand,0.011,0
all participants,1693,6,right_hand,0.9847,0
all participants,1694,6,right_hand,0.9998,0
all participants,1695,6,left_hand,0.0003,0
all participants,1696,6,left_hand,0.9553,0
all participants,1697,6,left_hand,0.0137,0
all participants,1698,6,left_hand,0.2486,0
all participants,1699,6,left_hand,0.059,0
all participants,1700,6,right_hand,0.0023,0
all participants,1701,6,left_hand,0.0,0
all participants,1702,6,right_hand,0.9931,0
all participants,1703,6,right_hand,0.9427,0
all participants,1704,6,left_hand,0.9795,0
all participants,1705,6,right_hand,1.0,0
all participants,1706,6,left_hand,0.6326,0
all participants,1707,6,left_hand,0.9706,0
all participants,1708,6,right_hand,0.9997,0
all participants,1709,6,right_hand,0.7344,0
all participants,1710,6,right_hand,0.9485,0
all participants,1711,6,left_hand,0.8674,0
all participants,1712,6,right_hand,0.9987,0
all participants,1713,6,right_hand,0.9947,0
all participants,1714,6,right_hand,0.0683,0
all participants,1715,6,right_hand,0.9955,0
all participants,1716,6,right_hand,0.9864,0
all participants,1717,6,left_hand,0.0004,0
all participants,1718,6,right_hand,0.0861,0
all participants,1719,6,right_hand,0.9977,0
all participants,1720,6,left_hand,0.2084,0
all participants,1721,6,left_hand,0.8433,0
all participants,1722,6,left_hand,0.9973,0
all participants,1723,6,left_hand,0.0096,0
all participants,1724,6,left_hand,0.9863,0
all participants,1725,6,left_hand,0.0675,0
all participants,1726,6,right_hand,0.4497,0
all participants,1727,6,left_hand,0.981,0
all participants,1872,7,left_hand,0.9503,0
all participants,1873,7,right_hand,0.9887,0
all participants,1874,7,right_hand,1.0,0
all participants,1875,7,left_hand,0.0007,0
all participants,1876,7,right_hand,0.9891,0
all participants,1877,7,left_hand,0.0001,0
all participants,1878,7,right_hand,0.9956,0
all participants,1879,7,right_hand,1.0,0
all participants,1880,7,left_hand,0.9419,0
all participants,1881,7,right_hand,0.7605,0
all participants,1882,7,left_hand,0.0152,0
all participants,1883,7,left_hand,0.0415,0
all participants,1884,7,right_hand,0.4773,0
all participants,1885,7,left_hand,0.8902,0
all participants,1886,7,left_hand,0.828,0
all participants,1887,7,left_hand,0.9582,0
all participants,1888,7,left_hand,0.0,0
all participants,1889,7,right_hand,0.135,0
all participants,1890,7,left_hand,0.0,0
all participants,1891,7,right_hand,1.0,0
all participants,1892,7,right_hand,1.0,0
all participants,1893,7,left_hand,0.0,0
all participants,1894,7,right_hand,0.9902,0
all participants,1895,7,right_hand,0.9996,0
all participants,1896,7,right_hand,0.9998,0
all participants,1897,7,left_hand,0.0004,0
all participants,1898,7,left_hand,0.9825,0
all participants,1899,7,right_hand,0.7294,0
all participants,1900,7,right_hand,0.5847,0
all participants,1901,7,left_hand,0.02,0
all participants,1902,7,left_hand,0.0114,0
all participants,1903,7,left_hand,0.0001,0
all participants,1904,7,right_hand,0.9836,0
all participants,1905,7,right_hand,0.9615,0
all participants,1906,7,left_hand,0.0033,0
all participants,1907,7,left_hand,0.0001,0
all participants,1908,7,left_hand,0.0025,0
all participants,1909,7,right_hand,0.9999,0
all participants,1910,7,left_hand,0.0094,0
all participants,1911,7,right_hand,1.0,0
all participants,1912,7,right_hand,0.9973,0
all participants,1913,7,left_hand,0.0,0
all participants,1914,7,right_hand,0.9933,0
all participants,1915,7,left_hand,0.0011,0
all participants,1916,7,right_hand,0.6468,0
all participants,1917,7,right_hand,0.9998,0
all participants,1918,7,right_hand,0.9944,0
all participants,1919,7,left_hand,0.0007,0
all participants,1920,7,left_hand,0.4801,0
all participants,1921,7,left_hand,0.0,0
all participants,1922,7,right_hand,1.0,0
all participants,1923,7,left_hand,0.16,0
all participants,1924,7,left_hand,0.0374,0
all participants,1925,7,right_hand,1.0,0
all participants,1926,7,left_hand,0.0015,0
all participants,1927,7,left_hand,0.0006,0
all participants,1928,7,right_hand,0.9997,0
all participants,1929,7,left_hand,0.0025,0
all participants,1930,7,right_hand,1.0,0
all participants,1931,7,right_hand,1.0,0
all participants,1932,7,left_hand,0.0024,0
all participants,1933,7,right_hand,1.0,0
all participants,1934,7,left_hand,0.2674,0
all participants,1935,7,left_hand,0.0003,0
all participants,1936,7,right_hand,0.9999,0
all participants,1937,7,left_hand,0.0571,0
all participants,1938,7,right_hand,0.981,0
all participants,1939,7,right_hand,1.0,0
all participants,1940,7,right_hand,0.9878,0
all participants,1941,7,right_hand,1.0,0
all participants,1942,7,right_hand,1.0,0
all participants,1943,7,left_hand,0.4897,0
all participants,1944,7,right_hand,0.1342,0
all participants,1945,7,left_hand,0.2641,0
all participants,1946,7,left_hand,0.0,0
all participants,1947,7,left_hand,0.0006,0
all participants,1948,7,right_hand,1.0,0
all participants,1949,7,right_hand,0.9874,0
all participants,1950,7,left_hand,0.0002,0
all participants,1951,7,right_hand,1.0,0
all participants,1952,7,left_hand,0.0008,0
all participants,1953,7,right_hand,1.0,0
all participants,1954,7,left_hand,0.1213,0
all participants,1955,7,right_hand,0.9991,0
all participants,1956,7,right_hand,0.2047,0
all participants,1957,7,right_hand,1.0,0
all participants,1958,7,left_hand,0.0,0
all participants,1959,7,left_hand,0.0984,0
all participants,1960,7,right_hand,0.9938,0
all participants,1961,7,left_hand,0.0015,0
all participants,1962,7,right_hand,0.9971,0
all participants,1963,7,right_hand,1.0,0
all participants,1964,7,left_hand,0.0002,0
all participants,1965,7,left_hand,0.0008,0
all participants,1966,7,right_hand,1.0,0
all participants,1967,7,left_hand,0.116,0
all participants,1968,7,right_hand,0.0691,0
all participants,1969,7,left_hand,0.1024,0
all participants,1970,7,left_hand,0.0001,0
all participants,1971,7,right_hand,0.1883,0
all participants,1972,7,left_hand,0.0106,0
all participants,1973,7,left_hand,0.0102,0
all participants,1974,7,left_hand,0.0001,0
all participants,1975,7,right_hand,0.9997,0
all participants,1976,7,right_hand,0.9964,0
all participants,1977,7,right_hand,0.9993,0
all participants,1978,7,right_hand,0.9999,0
all participants,1979,7,left_hand,0.0012,0
all participants,1980,7,right_hand,0.6828,0
all participants,1981,7,right_hand,0.9977,0
all participants,1982,7,right_hand,1.0,0
all participants,1983,7,left_hand,0.0,0
all participants,1984,7,left_hand,0.0015,0
all participants,1985,7,left_hand,0.0011,0
all participants,1986,7,left_hand,0.0,0
all participants,1987,7,left_hand,0.0028,0
all participants,1988,7,right_hand,1.0,0
all participants,1989,7,left_hand,0.0021,0
all participants,1990,7,right_hand,0.9995,0
all participants,1991,7,right_hand,1.0,0
all participants,1992,7,left_hand,0.0001,0
all participants,1993,7,right_hand,0.9999,0
all participants,1994,7,left_hand,0.0811,0
all participants,1995,7,left_hand,0.0089,0
all participants,1996,7,right_hand,0.9541,0
all participants,1997,7,right_hand,0.9154,0
all participants,1998,7,right_hand,0.9998,0
all participants,1999,7,left_hand,0.9272,0
all participants,2000,7,right_hand,1.0,0
all participants,2001,7,right_hand,0.9997,0
all participants,2002,7,right_hand,0.8496,0
all participants,2003,7,right_hand,0.9633,0
all participants,2004,7,right_hand,0.9647,0
all participants,2005,7,left_hand,0.0061,0
all participants,2006,7,right_hand,0.9999,0
all participants,2007,7,right_hand,1.0,0
all participants,2008,7,left_hand,0.0027,0
all participants,2009,7,left_hand,0.0001,0
all participants,2010,7,left_hand,0.0009,0
all participants,2011,7,left_hand,0.0013,0
all participants,2012,7,left_hand,0.0001,0
all participants,2013,7,left_hand,0.6698,0
all participants,2014,7,right_hand,1.0,0
all participants,2015,7,left_hand,0.0,0
all participants,2160,8,left_hand,0.0,0
all participants,2161,8,right_hand,0.8939,0
all participants,2162,8,right_hand,0.9976,0
all participants,2163,8,left_hand,0.0,0
all participants,2164,8,right_hand,0.9923,0
all participants,2165,8,left_hand,0.0009,0
all participants,2166,8,right_hand,0.9961,0
all participants,2167,8,right_hand,1.0,0
all participants,2168,8,left_hand,0.0,0
all participants,2169,8,right_hand,0.9928,0
all participants,2170,8,left_hand,0.7398,0
all participants,2171,8,left_hand,0.0075,0
all participants,2172,8,right_hand,1.0,0
all participants,2173,8,left_hand,0.0,0
all participants,2174,8,left_hand,0.0007,0
all participants,2175,8,left_hand,0.0,0
all participants,2176,8,left_hand,0.0,0
all participants,2177,8,right_hand,0.992,0
all participants,2178,8,left_hand,0.0003,0
all participants,2179,8,right_hand,0.9971,0
all participants,2180,8,right_hand,0.0832,0
all participants,2181,8,left_hand,0.0001,0
all participants,2182,8,right_hand,0.9999,0
all participants,2183,8,right_hand,0.9376,0
all participants,2184,8,right_hand,1.0,0
all participants,2185,8,left_hand,0.0001,0
all participants,2186,8,left_hand,0.0014,0
all participants,2187,8,right_hand,1.0,0
all participants,2188,8,right_hand,0.8197,0
all participants,2189,8,left_hand,0.0,0
all participants,2190,8,left_hand,0.4847,0
all participants,2191,8,left_hand,0.011,0
all participants,2192,8,right_hand,1.0,0
all participants,2193,8,right_hand,0.9995,0
all participants,2194,8,left_hand,0.0692,0
all participants,2195,8,left_hand,0.0,0
all participants,2196,8,left_hand,0.0001,0
all participants,2197,8,right_hand,1.0,0
all participants,2198,8,left_hand,0.1327,0
all participants,2199,8,right_hand,0.9991,0
all participants,2200,8,right_hand,0.9999,0
all participants,2201,8,left_hand,0.0073,0
all participants,2202,8,right_hand,0.9997,0
all participants,2203,8,left_hand,0.5226,0
all participants,2204,8,right_hand,0.3587,0
all participants,2205,8,right_hand,0.9714,0
all participants,2206,8,right_hand,0.9754,0
all participants,2207,8,left_hand,0.0045,0
all participants,2208,8,left_hand,0.0001,0
all participants,2209,8,left_hand,0.0272,0
all participants,2210,8,right_hand,0.9997,0
all participants,2211,8,left_hand,0.0,0
all participants,2212,8,left_hand,0.0,0
all participants,2213,8,right_hand,0.9984,0
all participants,2214,8,left_hand,0.0,0
all participants,2215,8,left_hand,0.0,0
all participants,2216,8,right_hand,0.4399,0
all participants,2217,8,left_hand,0.0,0
all participants,2218,8,right_hand,1.0,0
all participants,2219,8,right_hand,0.9998,0
all participants,2220,8,left_hand,0.0,0
all participants,2221,8,right_hand,1.0,0
all participants,2222,8,left_hand,0.0022,0
all participants,2223,8,left_hand,0.0004,0
all participants,2224,8,right_hand,0.047,0
all participants,2225,8,left_hand,0.0002,0
all participants,2226,8,right_hand,0.9902,0
all participants,2227,8,right_hand,0.9921,0
all participants,2228,8,right_hand,0.9951,0
all participants,2229,8,right_hand,0.8946,0
all participants,2230,8,right_hand,0.9975,0
all participants,2231,8,left_hand,0.1039,0
all participants,2232,8,right_hand,0.9994,0
all participants,2233,8,left_hand,0.0005,0
all participants,2234,8,left_hand,0.084,0
all participants,2235,8,left_hand,0.0001,0
all participants,2236,8,right_hand,0.9823,0
all participants,2237,8,right_hand,1.0,0
all participants,2238,8,left_hand,0.0001,0
all participants,2239,8,right_hand,1.0,0
all participants,2240,8,left_hand,0.0,0
all participants,2241,8,right_hand,1.0,0
all participants,2242,8,left_hand,0.0002,0
all participants,2243,8,right_hand,0.9961,0
all participants,2244,8,right_hand,1.0,0
all participants,2245,8,right_hand,0.9979,0
all participants,2246,8,left_hand,0.4306,0
all participants,2247,8,left_hand,0.0,0
all participants,2248,8,right_hand,0.9999,0
all participants,2249,8,left_hand,0.0,0
all participants,2250,8,right_hand,1.0,0
all participants,2251,8,right_hand,0.9999,0
all participants,2252,8,left_hand,0.2432,0
all participants,2253,8,left_hand,0.0016,0
all participants,2254,8,right_hand,0.9997,0
all participants,2255,8,left_hand,0.0001,0
all participants,2256,8,right_hand,1.0,0
all participants,2257,8,left_hand,0.0,0
all participants,2258,8,left_hand,0.0306,0
all participants,2259,8,right_hand,0.9534,0
all participants,2260,8,left_hand,0.0,0
all participants,2261,8,left_hand,0.0002,0
all participants,2262,8,left_hand,0.0006,0
all participants,2263,8,right_hand,1.0,0
all participants,2264,8,right_hand,0.9999,0
all participants,2265,8,right_hand,1.0,0
all participants,2266,8,right_hand,1.0,0
all participants,2267,8,left_hand,0.0012,0
all participants,2268,8,right_hand,1.0,0
all participants,2269,8,right_hand,1.0,0
all participants,2270,8,right_hand,0.997,0
all participants,2271,8,left_hand,0.0,0
all participants,2272,8,left_hand,0.0197,0
all participants,2273,8,left_hand,0.3761,0
all participants,2274,8,left_hand,0.0007,0
all participants,2275,8,left_hand,0.0055,0
all participants,2276,8,right_hand,0.999,0
all participants,2277,8,left_hand,0.0003,0
all participants,2278,8,right_hand,0.949,0
all participants,2279,8,right_hand,0.9825,0
all participants,2280,8,left_hand,0.0071,0
all participants,2281,8,right_hand,0.9997,0
all participants,2282,8,left_hand,0.0001,0
all participants,2283,8,left_hand,0.0,0
all participants,2284,8,right_hand,1.0,0
all participants,2285,8,right_hand,0.9899,0
all participants,2286,8,right_hand,0.9987,0
all participants,2287,8,left_hand,0.0,0
all participants,2288,8,right_hand,0.67,0
all participants,2289,8,right_hand,1.0,0
all participants,2290,8,right_hand,0.9999,0
all participants,2291,8,right_hand,0.9976,0
all participants,2292,8,right_hand,0.9916,0
all participants,2293,8,left_hand,0.0016,0
all participants,2294,8,right_hand,0.999,0
all participants,2295,8,right_hand,0.9985,0
all participants,2296,8,left_hand,0.0,0
all participants,2297,8,left_hand,0.0237,0
all participants,2298,8,left_hand,0.0001,0
all participants,2299,8,left_hand,0.0002,0
all participants,2300,8,left_hand,0.0,0
all participants,2301,8,left_hand,0.2667,0
all participants,2302,8,right_hand,1.0,0
all participants,2303,8,left_hand,0.009,0
all participants,2448,9,left_hand,0.0004,0
all participants,2449,9,right_hand,1.0,0
all participants,2450,9,right_hand,1.0,0
all participants,2451,9,left_hand,0.0087,0
all participants,2452,9,right_hand,1.0,0
all participants,2453,9,left_hand,0.0022,0
all participants,2454,9,right_hand,1.0,0
all participants,2455,9,right_hand,1.0,0
all participants,2456,9,left_hand,0.5812,0
all participants,2457,9,right_hand,1.0,0
all participants,2458,9,left_hand,0.0005,0
all participants,2459,9,left_hand,0.0425,0
all participants,2460,9,right_hand,0.9998,0
all participants,2461,9,left_hand,0.0014,0
all participants,2462,9,left_hand,0.0001,0
all participants,2463,9,left_hand,0.0045,0
all participants,2464,9,left_hand,0.9997,0
all participants,2465,9,right_hand,1.0,0
all participants,2466,9,left_hand,0.0011,0
all participants,2467,9,right_hand,1.0,0
all participants,2468,9,right_hand,1.0,0
all participants,2469,9,left_hand,0.0011,0
all participants,2470,9,right_hand,1.0,0
all participants,2471,9,right_hand,1.0,0
all participants,2472,9,right_hand,1.0,0
all participants,2473,9,left_hand,0.8753,0
all participants,2474,9,left_hand,0.9526,0
all participants,2475,9,right_hand,1.0,0
all participants,2476,9,right_hand,1.0,0
all participants,2477,9,left_hand,0.0315,0
all participants,2478,9,left_hand,0.265,0
all participants,2479,9,left_hand,0.1185,0
all participants,2480,9,right_hand,0.9979,0
all participants,2481,9,right_hand,0.9973,0
all participants,2482,9,left_hand,0.9981,0
all participants,2483,9,left_hand,0.9989,0
all participants,2484,9,left_hand,0.1903,0
all participants,2485,9,right_hand,0.9995,0
all participants,2486,9,left_hand,0.0006,0
all participants,2487,9,right_hand,0.9998,0
all participants,2488,9,right_hand,0.9992,0
all participants,2489,9,left_hand,0.4326,0
all participants,2490,9,right_hand,1.0,0
all participants,2491,9,left_hand,0.4995,0
all participants,2492,9,right_hand,0.9999,0
all participants,2493,9,right_hand,1.0,0
all participants,2494,9,right_hand,0.9468,0
all participants,2495,9,left_hand,0.9871,0
all participants,2496,9,left_hand,0.7056,0
all participants,2497,9,left_hand,0.277,0
all participants,2498,9,right_hand,1.0,0
all participants,2499,9,left_hand,0.0253,0
all participants,2500,9,left_hand,0.0083,0
all participants,2501,9,right_hand,0.9868,0
all participants,2502,9,left_hand,0.0,0
all participants,2503,9,left_hand,0.3725,0
all participants,2504,9,right_hand,1.0,0
all participants,2505,9,left_hand,0.002,0
all participants,2506,9,right_hand,1.0,0
all participants,2507,9,right_hand,0.9154,0
all participants,2508,9,left_hand,0.0974,0
all participants,2509,9,right_hand,0.9998,0
all participants,2510,9,left_hand,0.0418,0
all participants,2511,9,left_hand,0.1629,0
all participants,2512,9,right_hand,1.0,0
all participants,2513,9,left_hand,0.7413,0
all participants,2514,9,right_hand,0.95,0
all participants,2515,9,right_hand,1.0,0
all participants,2516,9,right_hand,1.0,0
all participants,2517,9,right_hand,0.7261,0
all participants,2518,9,right_hand,0.0371,0
all participants,2519,9,left_hand,0.0053,0
all participants,2520,9,right_hand,0.999,0
all participants,2521,9,left_hand,0.0001,0
all participants,2522,9,left_hand,0.0047,0
all participants,2523,9,left_hand,0.0375,0
all participants,2524,9,right_hand,0.9774,0
all participants,2525,9,right_hand,0.0247,0
all participants,2526,9,left_hand,0.9936,0
all participants,2527,9,right_hand,0.0003,0
all participants,2528,9,left_hand,1.0,0
all participants,2529,9,right_hand,0.9803,0
all participants,2530,9,left_hand,0.0,0
all participants,2531,9,right_hand,0.9882,0
all participants,2532,9,right_hand,0.9629,0
all participants,2533,9,right_hand,0.9999,0
all participants,2534,9,left_hand,0.0064,0
all participants,2535,9,left_hand,0.0003,0
all participants,2536,9,right_hand,0.9997,0
all participants,2537,9,left_hand,0.989,0
all participants,2538,9,right_hand,0.9998,0
all participants,2539,9,right_hand,0.9284,0
all participants,2540,9,left_hand,0.9425,0
all participants,2541,9,left_hand,0.0017,0
all participants,2542,9,right_hand,1.0,0
all participants,2543,9,left_hand,0.5027,0
all participants,2544,9,right_hand,0.9995,0
all participants,2545,9,left_hand,0.6804,0
all participants,2546,9,left_hand,0.0276,0
all participants,2547,9,right_hand,0.3565,0
all participants,2548,9,left_hand,0.0065,0
all participants,2549,9,left_hand,0.168,0
all participants,2550,9,left_hand,0.0274,0
all participants,2551,9,right_hand,0.999,0
all participants,2552,9,right_hand,0.8825,0
all participants,2553,9,right_hand,0.2789,0
all participants,2554,9,right_hand,0.9998,0
all participants,2555,9,left_hand,0.0004,0
all participants,2556,9,right_hand,0.0556,0
all participants,2557,9,right_hand,0.9943,0
all participants,2558,9,right_hand,0.9944,0
all participants,2559,9,left_hand,0.0985,0
all participants,2560,9,left_hand,0.0,0
all participants,2561,9,left_hand,0.9962,0
all participants,2562,9,left_hand,0.6495,0
all participants,2563,9,left_hand,0.2824,0
all participants,2564,9,right_hand,0.9801,0
all participants,2565,9,left_hand,0.7793,0
all participants,2566,9,right_hand,0.999,0
all participants,2567,9,right_hand,0.9996,0
all participants,2568,9,left_hand,0.1266,0
all participants,2569,9,right_hand,0.0004,0
all participants,2570,9,left_hand,0.0747,0
all participants,2571,9,left_hand,0.0006,0
all participants,2572,9,right_hand,0.996,0
all participants,2573,9,right_hand,0.6222,0
all participants,2574,9,right_hand,0.9997,0
all participants,2575,9,left_hand,0.0127,0
all participants,2576,9,right_hand,1.0,0
all participants,2577,9,right_hand,0.9978,0
all participants,2578,9,right_hand,1.0,0
all participants,2579,9,right_hand,0.9773,0
all participants,2580,9,right_hand,0.8064,0
all participants,2581,9,left_hand,0.9885,0
all participants,2582,9,right_hand,0.9993,0
all participants,2583,9,right_hand,0.9982,0
all participants,2584,9,left_hand,0.0002,0
all participants,2585,9,left_hand,0.8416,0
all participants,2586,9,left_hand,0.0001,0
all participants,2587,9,left_hand,0.4881,0
all participants,2588,9,left_hand,0.0016,0
all participants,2589,9,left_hand,0.0002,0
all participants,2590,9,right_hand,0.9999,0
all participants,2591,9,left_hand,0.0027,0
"all participants, one stage",144,1,left_hand,0.0533,0
"all participants, one stage",145,1,right_hand,1.0,0
"all participants, one stage",146,1,right_hand,0.9939,0
"all participants, one stage",147,1,left_hand,0.0,0
"all participants, one stage",148,1,right_hand,0.9912,0
"all participants, one stage",149,1,left_hand,0.0,0
"all participants, one stage",150,1,right_hand,1.0,0
"all participants, one stage",151,1,right_hand,1.0,0
"all participants, one stage",152,1,left_hand,0.0001,0
"all participants, one stage",153,1,right_hand,1.0,0
"all participants, one stage",154,1,left_hand,0.0,0
"all participants, one stage",155,1,left_hand,0.0,0
"all participants, one stage",156,1,right_hand,1.0,0
"all participants, one stage",157,1,left_hand,0.0003,0
"all participants, one stage",158,1,left_hand,0.0,0
"all participants, one stage",159,1,left_hand,0.0081,0
"all participants, one stage",160,1,left_hand,0.0015,0
"all participants, one stage",161,1,right_hand,1.0,0
"all participants, one stage",162,1,left_hand,0.0,0
"all participants, one stage",163,1,right_hand,0.9499,0
"all participants, one stage",164,1,right_hand,0.9999,0
"all participants, one stage",165,1,left_hand,0.0,0
"all participants, one stage",166,1,right_hand,1.0,0
"all participants, one stage",167,1,right_hand,1.0,0
"all participants, one stage",168,1,right_hand,0.9619,0
"all participants, one stage",169,1,left_hand,0.0,0
"all participants, one stage",170,1,left_hand,0.0,0
"all participants, one stage",171,1,right_hand,1.0,0
"all participants, one stage",172,1,right_hand,1.0,0
"all participants, one stage",173,1,left_hand,0.0538,0
"all participants, one stage",174,1,left_hand,0.0,0
"all participants, one stage",175,1,left_hand,0.0,0
"all participants, one stage",176,1,right_hand,1.0,0
"all participants, one stage",177,1,right_hand,0.9997,0
"all participants, one stage",178,1,left_hand,0.0,0
"all participants, one stage",179,1,left_hand,0.0,0
"all participants, one stage",180,1,left_hand,0.0,0
"all participants, one stage",181,1,right_hand,1.0,0
"all participants, one stage",182,1,left_hand,0.0003,0
"all participants, one stage",183,1,right_hand,0.9828,0
"all participants, one stage",184,1,right_hand,0.999,0
"all participants, one stage",185,1,left_hand,0.655,0
"all participants, one stage",186,1,right_hand,1.0,0
"all participants, one stage",187,1,left_hand,0.0299,0
"all participants, one stage",188,1,right_hand,1.0,0
"all participants, one stage",189,1,right_hand,1.0,0
"all participants, one stage",190,1,right_hand,0.0155,0
"all participants, one stage",191,1,left_hand,0.0,0
"all participants, one stage",192,1,left_hand,0.0,0
"all participants, one stage",193,1,left_hand,0.4676,0
"all participants, one stage",194,1,right_hand,0.9799,0
"all participants, one stage",195,1,left_hand,0.0,0
"all participants, one stage",196,1,left_hand,0.0,0
"all participants, one stage",197,1,right_hand,1.0,0
"all participants, one stage",198,1,left_hand,0.0,0
"all participants, one stage",199,1,left_hand,0.0,0
"all participants, one stage",200,1,right_hand,1.0,0
"all participants, one stage",201,1,left_hand,0.5798,0
"all participants, one stage",202,1,right_hand,1.0,0
"all participants, one stage",203,1,right_hand,1.0,0
"all participants, one stage",204,1,left_hand,0.9959,0
"all participants, one stage",205,1,right_hand,0.9603,0
"all participants, one stage",206,1,left_hand,0.0028,0
"all participants, one stage",207,1,left_hand,0.0,0
"all participants, one stage",208,1,right_hand,0.9995,0
"all participants, one stage",209,1,left_hand,0.0,0
"all participants, one stage",210,1,right_hand,0.9983,0
"all participants, one stage",211,1,right_hand,1.0,0
"all participants, one stage",212,1,right_hand,0.9408,0
"all participants, one stage",213,1,right_hand,0.9999,0
"all participants, one stage",214,1,right_hand,1.0,0
"all participants, one stage",215,1,left_hand,0.9834,0
"all participants, one stage",216,1,right_hand,0.9428,0
"all participants, one stage",217,1,left_hand,0.9374,0
"all participants, one stage",218,1,left_hand,0.0003,0
"all participants, one stage",219,1,left_hand,0.0,0
"all participants, one stage",220,1,right_hand,1.0,0
"all participants, one stage",221,1,right_hand,0.6194,0
"all participants, one stage",222,1,left_hand,0.0165,0
"all participants, one stage",223,1,right_hand,1.0,0
"all participants, one stage",224,1,left_hand,0.999,0
"all participants, one stage",225,1,right_hand,0.9997,0
"all participants, one stage",226,1,left_hand,0.2223,0
"all participants, one stage",227,1,right_hand,0.9994,0
"all participants, one stage",228,1,right_hand,0.9994,0
"all participants, one stage",229,1,right_hand,1.0,0
"all participants, one stage",230,1,left_hand,0.0,0
"all participants, one stage",231,1,left_hand,0.0,0
"all participants, one stage",232,1,right_hand,1.0,0
"all participants, one stage",233,1,left_hand,0.0,0
"all participants, one stage",234,1,right_hand,0.9982,0
"all participants, one stage",235,1,right_hand,0.9998,0
"all participants, one stage",236,1,left_hand,0.0,0
"all participants, one stage",237,1,left_hand,0.9683,0
"all participants, one stage",238,1,right_hand,1.0,0
"all participants, one stage",239,1,left_hand,0.0006,0
"all participants, one stage",240,1,right_hand,0.9992,0
"all participants, one stage",241,1,left_hand,0.0002,0
"all participants, one stage",242,1,left_hand,0.0111,0
"all participants, one stage",243,1,right_hand,0.9982,0
"all participants, one stage",244,1,left_hand,0.004,0
"all participants, one stage",245,1,left_hand,0.001,0
"all participants, one stage",246,1,left_hand,0.0,0
"all participants, one stage",247,1,right_hand,0.5743,0
"all participants, one stage",248,1,right_hand,0.9993,0
"all participants, one stage",249,1,right_hand,0.9989,0
"all participants, one stage",250,1,right_hand,1.0,0
"all participants, one stage",251,1,left_hand,0.0002,0
"all participants, one stage",252,1,right_hand,0.9957,0
"all participants, one stage",253,1,right_hand,0.9006,0
"all participants, one stage",254,1,right_hand,1.0,0
"all participants, one stage",255,1,left_hand,0.834,0
"all participants, one stage",256,1,left_hand,0.9179,0
"all participants, one stage",257,1,left_hand,0.9992,0
"all participants, one stage",258,1,left_hand,0.0144,0
"all participants, one stage",259,1,left_hand,0.2555,0
"all participants, one stage",260,1,right_hand,1.0,0
"all participants, one stage",261,1,left_hand,0.0,0
"all participants, one stage",262,1,right_hand,1.0,0
"all participants, one stage",263,1,right_hand,1.0,0
"all participants, one stage",264,1,left_hand,0.0122,0
"all participants, one stage",265,1,right_hand,1.0,0
"all participants, one stage",266,1,left_hand,0.9534,0
"all participants, one stage",267,1,left_hand,0.0001,0
"all participants, one stage",268,1,right_hand,1.0,0
"all participants, one stage",269,1,right_hand,1.0,0
"all participants, one stage",270,1,right_hand,1.0,0
"all participants, one stage",271,1,left_hand,0.8257,0
"all participants, one stage",272,1,right_hand,1.0,0
"all participants, one stage",273,1,right_hand,1.0,0
"all participants, one stage",274,1,right_hand,0.9999,0
"all participants, one stage",275,1,right_hand,0.0497,0
"all participants, one stage",276,1,right_hand,0.8916,0
"all participants, one stage",277,1,left_hand,0.0368,0
"all participants, one stage",278,1,right_hand,1.0,0
"all participants, one stage",279,1,right_hand,0.9999,0
"all participants, one stage",280,1,left_hand,0.0012,0
"all participants, one stage",281,1,left_hand,0.7191,0
"all participants, one stage",282,1,left_hand,0.1067,0
"all participants, one stage",283,1,left_hand,0.0014,0
"all participants, one stage",284,1,left_hand,0.2502,0
"all participants, one stage",285,1,left_hand,0.0023,0
"all participants, one stage",286,1,right_hand,1.0,0
"all participants, one stage",287,1,left_hand,0.0001,0
"all participants, one stage",432,2,left_hand,0.0047,0
"all participants, one stage",433,2,right_hand,0.9999,0
"all participants, one stage",434,2,right_hand,1.0,0
"all participants, one stage",435,2,left_hand,0.0005,0
"all participants, one stage",436,2,right_hand,1.0,0
"all participants, one stage",437,2,left_hand,0.0,0
"all participants, one stage",438,2,right_hand,1.0,0
"all participants, one stage",439,2,right_hand,0.9981,0
"all participants, one stage",440,2,left_hand,0.9969,0
"all participants, one stage",441,2,right_hand,1.0,0
"all participants, one stage",442,2,left_hand,0.8275,0
"all participants, one stage",443,2,left_hand,0.0269,0
"all participants, one stage",444,2,right_hand,1.0,0
"all participants, one stage",445,2,left_hand,0.9995,0
"all participants, one stage",446,2,left_hand,0.0,0
"all participants, one stage",447,2,left_hand,0.9101,0
"all participants, one stage",448,2,left_hand,0.7206,0
"all participants, one stage",449,2,right_hand,1.0,0
"all participants, one stage",450,2,left_hand,0.5165,0
"all participants, one stage",451,2,right_hand,0.9997,0
"all participants, one stage",452,2,right_hand,0.9998,0
"all participants, one stage",453,2,left_hand,0.0,0
"all participants, one stage",454,2,right_hand,0.9999,0
"all participants, one stage",455,2,right_hand,1.0,0
"all participants, one stage",456,2,right_hand,0.9954,0
"all participants, one stage",457,2,left_hand,0.334,0
"all participants, one stage",458,2,left_hand,0.0439,0
"all participants, one stage",459,2,right_hand,0.9998,0
"all participants, one stage",460,2,right_hand,0.9999,0
"all participants, one stage",461,2,left_hand,0.0048,0
"all participants, one stage",462,2,left_hand,0.0,0
"all participants, one stage",463,2,left_hand,0.0043,0
"all participants, one stage",464,2,right_hand,0.9052,0
"all participants, one stage",465,2,right_hand,0.9864,0
"all participants, one stage",466,2,left_hand,0.0067,0
"all participants, one stage",467,2,left_hand,0.0004,0
"all participants, one stage",468,2,left_hand,0.0006,0
"all participants, one stage",469,2,right_hand,0.9994,0
"all participants, one stage",470,2,left_hand,0.0028,0
"all participants, one stage",471,2,right_hand,0.996,0
"all participants, one stage",472,2,right_hand,0.9644,0
"all participants, one stage",473,2,left_hand,0.0,0
"all participants, one stage",474,2,right_hand,1.0,0
"all participants, one stage",475,2,left_hand,0.0002,0
"all participants, one stage",476,2,right_hand,0.9997,0
"all participants, one stage",477,2,right_hand,1.0,0
"all participants, one stage",478,2,right_hand,1.0,0
"all participants, one stage",479,2,left_hand,0.0016,0
"all participants, one stage",480,2,left_hand,0.0062,0
"all participants, one stage",481,2,left_hand,0.0069,0
"all participants, one stage",482,2,right_hand,0.5118,0
"all participants, one stage",483,2,left_hand,0.0,0
"all participants, one stage",484,2,left_hand,0.6772,0
"all participants, one stage",485,2,right_hand,0.9983,0
"all participants, one stage",486,2,left_hand,0.0003,0
"all participants, one stage",487,2,left_hand,0.0064,0
"all participants, one stage",488,2,right_hand,0.0552,0
"all participants, one stage",489,2,left_hand,0.0045,0
"all participants, one stage",490,2,right_hand,0.9571,0
"all participants, one stage",491,2,right_hand,0.9952,0
"all participants, one stage",492,2,left_hand,0.0028,0
"all participants, one stage",493,2,right_hand,0.2501,0
"all participants, one stage",494,2,left_hand,0.9118,0
"all participants, one stage",495,2,left_hand,0.0,0
"all participants, one stage",496,2,right_hand,0.6104,0
"all participants, one stage",497,2,left_hand,0.0,0
"all participants, one stage",498,2,right_hand,0.9999,0
"all participants, one stage",499,2,right_hand,0.0771,0
"all participants, one stage",500,2,right_hand,1.0,0
"all participants, one stage",501,2,right_hand,0.9486,0
"all participants, one stage",502,2,right_hand,0.9973,0
"all participants, one stage",503,2,left_hand,0.7526,0
"all participants, one stage",504,2,right_hand,0.8894,0
"all participants, one stage",505,2,left_hand,0.0488,0
"all participants, one stage",506,2,left_hand,0.0019,0
"all participants, one stage",507,2,left_hand,0.0001,0
"all participants, one stage",508,2,right_hand,0.6195,0
"all participants, one stage",509,2,right_hand,0.8738,0
"all participants, one stage",510,2,left_hand,0.516,0
"all participants, one stage",511,2,right_hand,0.9993,0
"all participants, one stage",512,2,left_hand,0.0005,0
"all participants, one stage",513,2,right_hand,0.7339,0
"all participants, one stage",514,2,left_hand,0.0004,0
"all participants, one stage",515,2,right_hand,0.9961,0
"all participants, one stage",516,2,right_hand,1.0,0
"all participants, one stage",517,2,right_hand,1.0,0
"all participants, one stage",518,2,left_hand,0.8688,0
"all participants, one stage",519,2,left_hand,0.7596,0
"all participants, one stage",520,2,right_hand,0.9996,0
"all participants, one stage",521,2,left_hand,0.7882,0
"all participants, one stage",522,2,right_hand,1.0,0
"all participants, one stage",523,2,right_hand,1.0,0
"all participants, one stage",524,2,left_hand,0.9886,0
"all participants, one stage",525,2,left_hand,0.0001,0
"all participants, one stage",526,2,right_hand,0.9865,0
"all participants, one stage",527,2,left_hand,0.0027,0
"all participants, one stage",528,2,right_hand,0.9991,0
"all participants, one stage",529,2,left_hand,0.0002,0
"all participants, one stage",530,2,left_hand,0.0016,0
"all participants, one stage",531,2,right_hand,0.7391,0
"all participants, one stage",532,2,left_hand,0.1522,0
"all participants, one stage",533,2,left_hand,0.0008,0
"all participants, one stage",534,2,left_hand,0.0,0
"all participants, one stage",535,2,right_hand,0.7627,0
"all participants, one stage",536,2,right_hand,0.1851,0
"all participants, one stage",537,2,right_hand,0.0854,0
"all participants, one stage",538,2,right_hand,0.9972,0
"all participants, one stage",539,2,left_hand,0.0,0
"all participants, one stage",540,2,right_hand,0.9986,0
"all participants, one stage",541,2,right_hand,0.9951,0
"all participants, one stage",542,2,right_hand,0.0997,0
"all participants, one stage",543,2,left_hand,0.058,0
"all participants, one stage",544,2,left_hand,0.0004,0
"all participants, one stage",545,2,left_hand,0.0,0
"all participants, one stage",546,2,left_hand,0.6754,0
"all participants, one stage",547,2,left_hand,0.0,0
"all participants, one stage",548,2,right_hand,0.9975,0
"all participants, one stage",549,2,left_hand,0.1951,0
"all participants, one stage",550,2,right_hand,0.9993,0
"all participants, one stage",551,2,right_hand,1.0,0
"all participants, one stage",552,2,left_hand,0.0,0
"all participants, one stage",553,2,right_hand,0.964,0
"all participants, one stage",554,2,left_hand,0.0057,0
"all participants, one stage",555,2,left_hand,0.1815,0
"all participants, one stage",556,2,right_hand,1.0,0
"all participants, one stage",557,2,right_hand,0.9954,0
"all participants, one stage",558,2,right_hand,0.9581,0
"all participants, one stage",559,2,left_hand,0.0076,0
"all participants, one stage",560,2,right_hand,0.427,0
"all participants, one stage",561,2,right_hand,0.682,0
"all participants, one stage",562,2,right_hand,0.0002,0
"all participants, one stage",563,2,right_hand,0.2599,0
"all participants, one stage",564,2,right_hand,0.5695,0
"all participants, one stage",565,2,left_hand,0.0,0
"all participants, one stage",566,2,right_hand,0.9998,0
"all participants, one stage",567,2,right_hand,0.0001,0
"all participants, one stage",568,2,left_hand,0.0046,0
"all participants, one stage",569,2,left_hand,0.0424,0
"all participants, one stage",570,2,left_hand,0.1476,0
"all participants, one stage",571,2,left_hand,0.0,0
"all participants, one stage",572,2,left_hand,0.0018,0
"all participants, one stage",573,2,left_hand,0.0,0
"all participants, one stage",574,2,right_hand,0.0021,0
"all participants, one stage",575,2,left_hand,0.9917,0
"all participants, one stage",720,3,left_hand,0.9281,0
"all participants, one stage",721,3,right_hand,1.0,0
"all participants, one stage",722,3,right_hand,1.0,0
"all participants, one stage",723,3,left_hand,0.0,0
"all participants, one stage",724,3,right_hand,0.9956,0
"all participants, one stage",725,3,left_hand,0.0,0
"all participants, one stage",726,3,right_hand,0.861,0
"all participants, one stage",727,3,right_hand,0.9995,0
"all participants, one stage",728,3,left_hand,0.0,0
"all participants, one stage",729,3,right_hand,0.9998,0
"all participants, one stage",730,3,left_hand,0.0,0
"all participants, one stage",731,3,left_hand,0.6789,0
"all participants, one stage",732,3,right_hand,1.0,0
"all participants, one stage",733,3,left_hand,0.0,0
"all participants, one stage",734,3,left_hand,0.0,0
"all participants, one stage",735,3,left_hand,0.005,0
"all participants, one stage",736,3,left_hand,0.0,0
"all participants, one stage",737,3,right_hand,0.9864,0
"all participants, one stage",738,3,left_hand,0.0005,0
"all participants, one stage",739,3,right_hand,1.0,0
"all participants, one stage",740,3,right_hand,0.9991,0
"all participants, one stage",741,3,left_hand,0.0,0
"all participants, one stage",742,3,right_hand,0.9682,0
"all participants, one stage",743,3,right_hand,1.0,0
"all participants, one stage",744,3,right_hand,0.9491,0
"all participants, one stage",745,3,left_hand,0.0,0
"all participants, one stage",746,3,left_hand,0.0,0
"all participants, one stage",747,3,right_hand,1.0,0
"all participants, one stage",748,3,right_hand,1.0,0
"all participants, one stage",749,3,left_hand,0.0001,0
"all participants, one stage",750,3,left_hand,0.1037,0
"all participants, one stage",751,3,left_hand,0.0,0
"all participants, one stage",752,3,right_hand,1.0,0
"all participants, one stage",753,3,right_hand,1.0,0
"all participants, one stage",754,3,left_hand,0.0988,0
"all participants, one stage",755,3,left_hand,0.0007,0
"all participants, one stage",756,3,left_hand,0.0119,0
"all participants, one stage",757,3,right_hand,1.0,0
"all participants, one stage",758,3,left_hand,0.0,0
"all participants, one stage",759,3,right_hand,0.9996,0
"all participants, one stage",760,3,right_hand,0.9999,0
"all participants, one stage",761,3,left_hand,0.0,0
"all participants, one stage",762,3,right_hand,1.0,0
"all participants, one stage",763,3,left_hand,0.0,0
"all participants, one stage",764,3,right_hand,0.8315,0
"all participants, one stage",765,3,right_hand,1.0,0
"all participants, one stage",766,3,right_hand,0.9986,0
"all participants, one stage",767,3,left_hand,0.0,0
"all participants, one stage",768,3,left_hand,0.0002,0
"all participants, one stage",769,3,left_hand,0.0,0
"all participants, one stage",770,3,right_hand,0.9972,0
"all participants, one stage",771,3,left_hand,0.0,0
"all participants, one stage",772,3,left_hand,0.0,0
"all participants, one stage",773,3,right_hand,0.9981,0
"all participants, one stage",774,3,left_hand,0.3263,0
"all participants, one stage",775,3,left_hand,0.0,0
"all participants, one stage",776,3,right_hand,0.9999,0
"all participants, one stage",777,3,left_hand,0.8877,0
"all participants, one stage",778,3,right_hand,1.0,0
"all participants, one stage",779,3,right_hand,1.0,0
"all participants, one stage",780,3,left_hand,0.0,0
"all participants, one stage",781,3,right_hand,1.0,0
"all participants, one stage",782,3,left_hand,0.0,0
"all participants, one stage",783,3,left_hand,0.0001,0
"all participants, one stage",784,3,right_hand,1.0,0
"all participants, one stage",785,3,left_hand,0.0005,0
"all participants, one stage",786,3,right_hand,1.0,0
"all participants, one stage",787,3,right_hand,0.915,0
"all participants, one stage",788,3,right_hand,0.9491,0
"all participants, one stage",789,3,right_hand,1.0,0
"all participants, one stage",790,3,right_hand,1.0,0
"all participants, one stage",791,3,left_hand,0.0167,0
"all participants, one stage",792,3,right_hand,0.9974,0
"all participants, one stage",793,3,left_hand,0.0,0
"all participants, one stage",794,3,left_hand,1.0,0
"all participants, one stage",795,3,left_hand,0.0,0
"all participants, one stage",796,3,right_hand,1.0,0
"all participants, one stage",797,3,right_hand,1.0,0
"all participants, one stage",798,3,left_hand,0.0015,0
"all participants, one stage",799,3,right_hand,1.0,0
"all participants, one stage",800,3,left_hand,0.0707,0
"all participants, one stage",801,3,right_hand,1.0,0
"all participants, one stage",802,3,left_hand,0.9999,0
"all participants, one stage",803,3,right_hand,1.0,0
"all participants, one stage",804,3,right_hand,1.0,0
"all participants, one stage",805,3,right_hand,1.0,0
"all participants, one stage",806,3,left_hand,0.0004,0
"all participants, one stage",807,3,left_hand,0.0012,0
"all participants, one stage",808,3,right_hand,1.0,0
"all participants, one stage",809,3,left_hand,0.0007,0
"all participants, one stage",810,3,right_hand,0.9999,0
"all participants, one stage",811,3,right_hand,0.9553,0
"all participants, one stage",812,3,left_hand,0.5702,0
"all participants, one stage",813,3,left_hand,0.9999,0
"all participants, one stage",814,3,right_hand,1.0,0
"all participants, one stage",815,3,left_hand,0.0,0
"all participants, one stage",816,3,right_hand,0.9741,0
"all participants, one stage",817,3,left_hand,0.0,0
"all participants, one stage",818,3,left_hand,0.0,0
"all participants, one stage",819,3,right_hand,1.0,0
"all participants, one stage",820,3,left_hand,0.0,0
"all participants, one stage",821,3,left_hand,0.0,0
"all participants, one stage",822,3,left_hand,0.0053,0
"all participants, one stage",823,3,right_hand,0.933,0
"all participants, one stage",824,3,right_hand,1.0,0
"all participants, one stage",825,3,right_hand,1.0,0
"all participants, one stage",826,3,right_hand,1.0,0
"all participants, one stage",827,3,left_hand,0.0,0
"all participants, one stage",828,3,right_hand,0.9677,0
"all participants, one stage",829,3,right_hand,1.0,0
"all participants, one stage",830,3,right_hand,1.0,0
"all participants, one stage",831,3,left_hand,0.001,0
"all participants, one stage",832,3,left_hand,0.0,0
"all participants, one stage",833,3,left_hand,0.0001,0
"all participants, one stage",834,3,left_hand,0.0,0
"all participants, one stage",835,3,left_hand,0.0029,0
"all participants, one stage",836,3,right_hand,0.4041,0
"all participants, one stage",837,3,left_hand,0.0,0
"all participants, one stage",838,3,right_hand,0.9997,0
"all participants, one stage",839,3,right_hand,1.0,0
"all participants, one stage",840,3,left_hand,0.0,0
"all participants, one stage",841,3,right_hand,1.0,0
"all participants, one stage",842,3,left_hand,0.0001,0
"all participants, one stage",843,3,left_hand,0.0335,0
"all participants, one stage",844,3,right_hand,0.9999,0
"all participants, one stage",845,3,right_hand,0.9998,0
"all participants, one stage",846,3,right_hand,0.9999,0
"all participants, one stage",847,3,left_hand,0.0,0
"all participants, one stage",848,3,right_hand,1.0,0
"all participants, one stage",849,3,right_hand,1.0,0
"all participants, one stage",850,3,right_hand,1.0,0
"all participants, one stage",851,3,right_hand,1.0,0
"all participants, one stage",852,3,right_hand,1.0,0
"all participants, one stage",853,3,left_hand,0.5957,0
"all participants, one stage",854,3,right_hand,1.0,0
"all participants, one stage",855,3,right_hand,0.3899,0
"all participants, one stage",856,3,left_hand,0.1425,0
"all participants, one stage",857,3,left_hand,0.0,0
"all participants, one stage",858,3,left_hand,0.3181,0
"all participants, one stage",859,3,left_hand,0.0,0
"all participants, one stage",860,3,left_hand,0.0,0
"all participants, one stage",861,3,left_hand,0.2825,0
"all participants, one stage",862,3,right_hand,1.0,0
"all participants, one stage",863,3,left_hand,0.003,0
"all participants, one stage",1008,4,right_hand,1.0,0
"all participants, one stage",1009,4,left_hand,0.4331,0
"all participants, one stage",1010,4,left_hand,0.5662,0
"all participants, one stage",1011,4,right_hand,1.0,0
"all participants, one stage",1012,4,right_hand,0.9975,0
"all participants, one stage",1013,4,left_hand,0.0,0
"all participants, one stage",1014,4,left_hand,0.0,0
"all participants, one stage",1015,4,left_hand,0.029,0
"all participants, one stage",1016,4,right_hand,0.0009,0
"all participants, one stage",1017,4,right_hand,1.0,0
"all participants, one stage",1018,4,left_hand,0.0,0
"all participants, one stage",1019,4,left_hand,0.0564,0
"all participants, one stage",1020,4,left_hand,0.1312,0
"all participants, one stage",1021,4,right_hand,0.976,0
"all participants, one stage",1022,4,left_hand,0.5427,0
"all participants, one stage",1023,4,right_hand,0.9971,0
"all participants, one stage",1024,4,right_hand,0.9972,0
"all participants, one stage",1025,4,left_hand,0.0001,0
"all participants, one stage",1026,4,right_hand,0.9987,0
"all participants, one stage",1027,4,left_hand,0.0138,0
"all participants, one stage",1028,4,right_hand,0.992,0
"all participants, one stage",1029,4,right_hand,0.9923,0
"all participants, one stage",1030,4,right_hand,1.0,0
"all participants, one stage",1031,4,left_hand,0.0002,0
"all participants, one stage",1032,4,left_hand,0.0002,0
"all participants, one stage",1033,4,left_hand,0.0,0
"all participants, one stage",1034,4,right_hand,0.9989,0
"all participants, one stage",1035,4,left_hand,0.0,0
"all participants, one stage",1036,4,left_hand,0.0,0
"all participants, one stage",1037,4,right_hand,0.0021,0
"all participants, one stage",1038,4,left_hand,0.0,0
"all participants, one stage",1039,4,left_hand,0.0,0
"all participants, one stage",1040,4,right_hand,1.0,0
"all participants, one stage",1041,4,left_hand,0.0427,0
"all participants, one stage",1042,4,right_hand,0.8142,0
"all participants, one stage",1043,4,right_hand,1.0,0
"all participants, one stage",1044,4,left_hand,0.0101,0
"all participants, one stage",1045,4,right_hand,0.9744,0
"all participants, one stage",1046,4,left_hand,0.0,0
"all participants, one stage",1047,4,left_hand,0.0594,0
"all participants, one stage",1048,4,right_hand,1.0,0
"all participants, one stage",1049,4,left_hand,0.0002,0
"all participants, one stage",1050,4,right_hand,0.3244,0
"all participants, one stage",1051,4,right_hand,0.9981,0
"all participants, one stage",1052,4,right_hand,0.8724,0
"all participants, one stage",1053,4,right_hand,1.0,0
"all participants, one stage",1054,4,right_hand,0.7649,0
"all participants, one stage",1055,4,left_hand,0.0,0
"all participants, one stage",1056,4,right_hand,0.9628,0
"all participants, one stage",1057,4,left_hand,0.0001,0
"all participants, one stage",1058,4,left_hand,0.025,0
"all participants, one stage",1059,4,left_hand,0.0012,0
"all participants, one stage",1060,4,right_hand,1.0,0
"all participants, one stage",1061,4,right_hand,0.4068,0
"all participants, one stage",1062,4,left_hand,0.0,0
"all participants, one stage",1063,4,right_hand,0.9999,0
"all participants, one stage",1064,4,left_hand,0.0033,0
"all participants, one stage",1065,4,right_hand,0.7842,0
"all participants, one stage",1066,4,left_hand,0.7187,0
"all participants, one stage",1067,4,right_hand,0.9991,0
"all participants, one stage",1068,4,right_hand,0.9273,0
"all participants, one stage",1069,4,right_hand,0.3012,0
"all participants, one stage",1070,4,left_hand,0.1287,0
"all participants, one stage",1071,4,left_hand,0.0023,0
"all participants, one stage",1072,4,right_hand,0.9959,0
"all participants, one stage",1073,4,left_hand,0.013,0
"all participants, one stage",1074,4,right_hand,0.9994,0
"all participants, one stage",1075,4,right_hand,0.9809,0
"all participants, one stage",1076,4,left_hand,0.0,0
"all participants, one stage",1077,4,left_hand,0.965,0
"all participants, one stage",1078,4,right_hand,0.9999,0
"all participants, one stage",1079,4,left_hand,0.0315,0
"all participants, one stage",1080,4,right_hand,1.0,0
"all participants, one stage",1081,4,left_hand,0.0004,0
"all participants, one stage",1082,4,left_hand,0.0,0
"all participants, one stage",1083,4,right_hand,0.9999,0
"all participants, one stage",1084,4,left_hand,0.0792,0
"all participants, one stage",1085,4,left_hand,0.0,0
"all participants, one stage",1086,4,left_hand,0.0,0
"all participants, one stage",1087,4,right_hand,0.9248,0
"all participants, one stage",1088,4,right_hand,0.1452,0
"all participants, one stage",1089,4,right_hand,1.0,0
"all participants, one stage",1090,4,right_hand,0.9981,0
"all participants, one stage",1091,4,left_hand,0.0004,0
"all participants, one stage",1092,4,right_hand,1.0,0
"all participants, one stage",1093,4,right_hand,0.9957,0
"all participants, one stage",1094,4,right_hand,0.1685,0
"all participants, one stage",1095,4,left_hand,0.0,0
"all participants, one stage",1096,4,left_hand,0.0174,0
"all participants, one stage",1097,4,left_hand,0.0,0
"all participants, one stage",1098,4,left_hand,0.0,0
"all participants, one stage",1099,4,left_hand,0.0007,0
"all participants, one stage",1100,4,right_hand,1.0,0
"all participants, one stage",1101,4,left_hand,0.0,0
"all participants, one stage",1102,4,right_hand,0.261,0
"all participants, one stage",1103,4,right_hand,0.7358,0
"all participants, one stage",1104,4,left_hand,0.0,0
"all participants, one stage",1105,4,right_hand,0.9998,0
"all participants, one stage",1106,4,left_hand,0.0001,0
"all participants, one stage",1107,4,left_hand,0.0,0
"all participants, one stage",1108,4,right_hand,1.0,0
"all participants, one stage",1109,4,right_hand,0.9468,0
"all participants, one stage",1110,4,right_hand,0.9997,0
"all participants, one stage",1111,4,left_hand,0.0,0
"all participants, one stage",1112,4,right_hand,1.0,0
"all participants, one stage",1113,4,right_hand,1.0,0
"all participants, one stage",1114,4,right_hand,1.0,0
"all participants, one stage",1115,4,right_hand,1.0,0
"all participants, one stage",1116,4,right_hand,0.8429,0
"all participants, one stage",1117,4,left_hand,0.0001,0
"all participants, one stage",1118,4,right_hand,0.0175,0
"all participants, one stage",1119,4,right_hand,1.0,0
"all participants, one stage",1120,4,left_hand,0.0302,0
"all participants, one stage",1121,4,left_hand,0.2007,0
"all participants, one stage",1122,4,left_hand,0.856,0
"all participants, one stage",1123,4,left_hand,0.0003,0
"all participants, one stage",1124,4,left_hand,0.0002,0
"all participants, one stage",1125,4,left_hand,0.583,0
"all participants, one stage",1126,4,right_hand,0.4914,0
"all participants, one stage",1127,4,left_hand,0.9749,0
"all participants, one stage",1128,4,left_hand,0.0002,0
"all participants, one stage",1129,4,right_hand,0.994,0
"all participants, one stage",1130,4,right_hand,0.9998,0
"all participants, one stage",1131,4,left_hand,0.0,0
"all participants, one stage",1132,4,right_hand,0.9864,0
"all participants, one stage",1133,4,right_hand,1.0,0
"all participants, one stage",1134,4,right_hand,1.0,0
"all participants, one stage",1135,4,right_hand,1.0,0
"all participants, one stage",1136,4,right_hand,0.9992,0
"all participants, one stage",1137,4,left_hand,0.0,0
"all participants, one stage",1138,4,left_hand,0.1946,0
"all participants, one stage",1139,4,left_hand,0.9688,0
"all participants, one stage",1140,4,left_hand,0.0104,0
"all participants, one stage",1141,4,right_hand,1.0,0
"all participants, one stage",1142,4,right_hand,1.0,0
"all participants, one stage",1143,4,left_hand,0.0434,0
"all participants, one stage",1144,4,left_hand,1.0,0
"all participants, one stage",1145,4,left_hand,0.0,0
"all participants, one stage",1146,4,right_hand,1.0,0
"all participants, one stage",1147,4,right_hand,1.0,0
"all participants, one stage",1148,4,left_hand,0.0,0
"all participants, one stage",1149,4,left_hand,0.0306,0
"all participants, one stage",1150,4,right_hand,1.0,0
"all participants, one stage",1151,4,left_hand,0.0,0
"all participants, one stage",1296,5,left_hand,0.0512,0
"all participants, one stage",1297,5,right_hand,0.9958,0
"all participants, one stage",1298,5,right_hand,0.9952,0
"all participants, one stage",1299,5,left_hand,0.0175,0
"all participants, one stage",1300,5,right_hand,0.9992,0
"all participants, one stage",1301,5,left_hand,0.0,0
"all participants, one stage",1302,5,right_hand,1.0,0
"all participants, one stage",1303,5,right_hand,0.6262,0
"all participants, one stage",1304,5,left_hand,0.0003,0
"all participants, one stage",1305,5,right_hand,0.269,0
"all participants, one stage",1306,5,left_hand,0.0,0
"all participants, one stage",1307,5,left_hand,0.0101,0
"all participants, one stage",1308,5,right_hand,0.9925,0
"all participants, one stage",1309,5,left_hand,0.0,0
"all participants, one stage",1310,5,left_hand,0.0001,0
"all participants, one stage",1311,5,left_hand,0.0001,0
"all participants, one stage",1312,5,left_hand,0.0,0
"all participants, one stage",1313,5,right_hand,0.9996,0
"all participants, one stage",1314,5,left_hand,0.0005,0
"all participants, one stage",1315,5,right_hand,0.1291,0
"all participants, one stage",1316,5,right_hand,0.0679,0
"all participants, one stage",1317,5,left_hand,0.0,0
"all participants, one stage",1318,5,right_hand,0.9968,0
"all participants, one stage",1319,5,right_hand,1.0,0
"all participants, one stage",1320,5,right_hand,0.0558,0
"all participants, one stage",1321,5,left_hand,0.0001,0
"all participants, one stage",1322,5,left_hand,0.0,0
"all participants, one stage",1323,5,right_hand,1.0,0
"all participants, one stage",1324,5,right_hand,0.9933,0
"all participants, one stage",1325,5,left_hand,0.0092,0
"all participants, one stage",1326,5,left_hand,0.0005,0
"all participants, one stage",1327,5,left_hand,0.0003,0
"all participants, one stage",1328,5,right_hand,1.0,0
"all participants, one stage",1329,5,right_hand,0.998,0
"all participants, one stage",1330,5,left_hand,0.0,0
"all participants, one stage",1331,5,left_hand,0.0,0
"all participants, one stage",1332,5,left_hand,0.0,0
"all participants, one stage",1333,5,right_hand,0.0001,0
"all participants, one stage",1334,5,left_hand,0.0009,0
"all participants, one stage",1335,5,right_hand,0.9797,0
"all participants, one stage",1336,5,right_hand,0.1851,0
"all participants, one stage",1337,5,left_hand,0.0,0
"all participants, one stage",1338,5,right_hand,1.0,0
"all participants, one stage",1339,5,left_hand,0.3508,0
"all participants, one stage",1340,5,right_hand,1.0,0
"all participants, one stage",1341,5,right_hand,0.9998,0
"all participants, one stage",1342,5,right_hand,0.9994,0
"all participants, one stage",1343,5,left_hand,0.0,0
"all participants, one stage",1344,5,left_hand,0.0001,0
"all participants, one stage",1345,5,left_hand,0.0,0
"all participants, one stage",1346,5,right_hand,0.2517,0
"all participants, one stage",1347,5,left_hand,0.0,0
"all participants, one stage",1348,5,left_hand,0.0,0
"all participants, one stage",1349,5,right_hand,0.0973,0
"all participants, one stage",1350,5,left_hand,0.0026,0
"all participants, one stage",1351,5,left_hand,0.0,0
"all participants, one stage",1352,5,right_hand,0.5511,0
"all participants, one stage",1353,5,left_hand,0.0,0
"all participants, one stage",1354,5,right_hand,0.7578,0
"all participants, one stage",1355,5,right_hand,0.1008,0
"all participants, one stage",1356,5,left_hand,0.0,0
"all participants, one stage",1357,5,right_hand,0.9995,0
"all participants, one stage",1358,5,left_hand,0.0,0
"all participants, one stage",1359,5,left_hand,0.0001,0
"all participants, one stage",1360,5,right_hand,0.999,0
"all participants, one stage",1361,5,left_hand,0.0,0
"all participants, one stage",1362,5,right_hand,0.0137,0
"all participants, one stage",1363,5,right_hand,0.9999,0
"all participants, one stage",1364,5,right_hand,0.9972,0
"all participants, one stage",1365,5,right_hand,0.9996,0
"all participants, one stage",1366,5,right_hand,0.061,0
"all participants, one stage",1367,5,left_hand,0.0007,0
"all participants, one stage",1368,5,right_hand,0.0027,0
"all participants, one stage",1369,5,left_hand,0.65,0
"all participants, one stage",1370,5,left_hand,0.0,0
"all participants, one stage",1371,5,left_hand,0.0,0
"all participants, one stage",1372,5,right_hand,0.5578,0
"all participants, one stage",1373,5,right_hand,0.7348,0
"all participants, one stage",1374,5,left_hand,0.0001,0
"all participants, one stage",1375,5,right_hand,1.0,0
"all participants, one stage",1376,5,left_hand,0.0,0
"all participants, one stage",1377,5,right_hand,0.9998,0
"all participants, one stage",1378,5,left_hand,0.0,0
"all participants, one stage",1379,5,right_hand,0.9898,0
"all participants, one stage",1380,5,right_hand,0.9995,0
"all participants, one stage",1381,5,right_hand,1.0,0
"all participants, one stage",1382,5,left_hand,0.0375,0
"all participants, one stage",1383,5,left_hand,0.0,0
"all participants, one stage",1384,5,right_hand,0.0003,0
"all participants, one stage",1385,5,left_hand,0.0,0
"all participants, one stage",1386,5,right_hand,0.8204,0
"all participants, one stage",1387,5,right_hand,0.0001,0
"all participants, one stage",1388,5,left_hand,0.0,0
"all participants, one stage",1389,5,left_hand,0.0,0
"all participants, one stage",1390,5,right_hand,0.9904,0
"all participants, one stage",1391,5,left_hand,0.0,0
"all participants, one stage",1392,5,right_hand,0.6645,0
"all participants, one stage",1393,5,left_hand,0.0017,0
"all participants, one stage",1394,5,left_hand,0.0001,0
"all participants, one stage",1395,5,right_hand,0.9999,0
"all participants, one stage",1396,5,left_hand,0.9998,0
"all participants, one stage",1397,5,left_hand,0.0,0
"all participants, one stage",1398,5,left_hand,0.0,0
"all participants, one stage",1399,5,right_hand,0.2983,0
"all participants, one stage",1400,5,right_hand,0.9459,0
"all participants, one stage",1401,5,right_hand,0.9998,0
"all participants, one stage",1402,5,right_hand,1.0,0
"all participants, one stage",1403,5,left_hand,0.0,0
"all participants, one stage",1404,5,right_hand,0.0088,0
"all participants, one stage",1405,5,right_hand,1.0,0
"all participants, one stage",1406,5,right_hand,0.5575,0
"all participants, one stage",1407,5,left_hand,0.0,0
"all participants, one stage",1408,5,left_hand,0.0006,0
"all participants, one stage",1409,5,left_hand,0.0,0
"all participants, one stage",1410,5,left_hand,0.0,0
"all participants, one stage",1411,5,left_hand,0.0,0
"all participants, one stage",1412,5,right_hand,0.9975,0
"all participants, one stage",1413,5,left_hand,0.0004,0
"all participants, one stage",1414,5,right_hand,0.9977,0
"all participants, one stage",1415,5,right_hand,0.7353,0
"all participants, one stage",1416,5,left_hand,0.0001,0
"all participants, one stage",1417,5,right_hand,0.9855,0
"all participants, one stage",1418,5,left_hand,0.0,0
"all participants, one stage",1419,5,left_hand,0.0,0
"all participants, one stage",1420,5,right_hand,0.9999,0
"all participants, one stage",1421,5,right_hand,1.0,0
"all participants, one stage",1422,5,right_hand,0.9973,0
"all participants, one stage",1423,5,left_hand,0.0003,0
"all participants, one stage",1424,5,right_hand,0.977,0
"all participants, one stage",1425,5,right_hand,0.9982,0
"all participants, one stage",1426,5,right_hand,0.0001,0
"all participants, one stage",1427,5,right_hand,0.9556,0
"all participants, one stage",1428,5,right_hand,0.9396,0
"all participants, one stage",1429,5,left_hand,0.0,0
"all participants, one stage",1430,5,right_hand,0.0648,0
"all participants, one stage",1431,5,right_hand,0.1087,0
"all participants, one stage",1432,5,left_hand,0.0021,0
"all participants, one stage",1433,5,left_hand,0.0,0
"all participants, one stage",1434,5,left_hand,0.0,0
"all participants, one stage",1435,5,left_hand,0.0,0
"all participants, one stage",1436,5,left_hand,0.0001,0
"all participants, one stage",1437,5,left_hand,0.0,0
"all participants, one stage",1438,5,right_hand,0.0103,0
"all participants, one stage",1439,5,left_hand,0.0002,0
"all participants, one stage",1584,6,left_hand,0.0001,0
"all participants, one stage",1585,6,right_hand,1.0,0
"all participants, one stage",1586,6,right_hand,0.9999,0
"all participants, one stage",1587,6,left_hand,0.0,0
"all participants, one stage",1588,6,right_hand,0.0729,0
"all participants, one stage",1589,6,left_hand,0.0,0
"all participants, one stage",1590,6,right_hand,0.7315,0
"all participants, one stage",1591,6,right_hand,0.0149,0
"all participants, one stage",1592,6,left_hand,0.0,0
"all participants, one stage",1593,6,right_hand,0.9999,0
"all participants, one stage",1594,6,left_hand,0.9977,0
"all participants, one stage",1595,6,left_hand,0.0,0
"all participants, one stage",1596,6,right_hand,0.9997,0
"all participants, one stage",1597,6,left_hand,0.0002,0
"all participants, one stage",1598,6,left_hand,0.0,0
"all participants, one stage",1599,6,left_hand,0.9822,0
"all participants, one stage",1600,6,left_hand,0.0157,0
"all participants, one stage",1601,6,right_hand,1.0,0
"all participants, one stage",1602,6,left_hand,0.0003,0
"all participants, one stage",1603,6,right_hand,0.9072,0
"all participants, one stage",1604,6,right_hand,0.6447,0
"all participants, one stage",1605,6,left_hand,0.0065,0
"all participants, one stage",1606,6,right_hand,1.0,0
"all participants, one stage",1607,6,right_hand,1.0,0
"all participants, one stage",1608,6,right_hand,1.0,0
"all participants, one stage",1609,6,left_hand,0.0,0
"all participants, one stage",1610,6,left_hand,0.0,0
"all participants, one stage",1611,6,right_hand,1.0,0
"all participants, one stage",1612,6,right_hand,0.9592,0
"all participants, one stage",1613,6,left_hand,0.0,0
"all participants, one stage",1614,6,left_hand,0.0001,0
"all participants, one stage",1615,6,left_hand,0.4108,0
"all participants, one stage",1616,6,right_hand,0.3933,0
"all participants, one stage",1617,6,right_hand,0.9999,0
"all participants, one stage",1618,6,left_hand,0.0,0
"all participants, one stage",1619,6,left_hand,0.0001,0
"all participants, one stage",1620,6,left_hand,0.0,0
"all participants, one stage",1621,6,right_hand,1.0,0
"all participants, one stage",1622,6,left_hand,0.9624,0
"all participants, one stage",1623,6,right_hand,0.0004,0
"all participants, one stage",1624,6,right_hand,0.7457,0
"all participants, one stage",1625,6,left_hand,0.0,0
"all participants, one stage",1626,6,right_hand,0.8722,0
"all participants, one stage",1627,6,left_hand,0.0062,0
"all participants, one stage",1628,6,right_hand,1.0,0
"all participants, one stage",1629,6,right_hand,1.0,0
"all participants, one stage",1630,6,right_hand,1.0,0
"all participants, one stage",1631,6,left_hand,0.0036,0
"all participants, one stage",1632,6,left_hand,0.1804,0
"all participants, one stage",1633,6,left_hand,0.0,0
"all participants, one stage",1634,6,right_hand,0.9963,0
"all participants, one stage",1635,6,left_hand,0.0,0
"all participants, one stage",1636,6,left_hand,0.0,0
"all participants, one stage",1637,6,right_hand,0.9975,0
"all participants, one stage",1638,6,left_hand,0.0,0
"all participants, one stage",1639,6,left_hand,0.0,0
"all participants, one stage",1640,6,right_hand,0.9997,0
"all participants, one stage",1641,6,left_hand,0.0001,0
"all participants, one stage",1642,6,right_hand,0.0431,0
"all participants, one stage",1643,6,right_hand,1.0,0
"all participants, one stage",1644,6,left_hand,0.9642,0
"all participants, one stage",1645,6,right_hand,1.0,0
"all participants, one stage",1646,6,left_hand,0.0047,0
"all participants, one stage",1647,6,left_hand,0.0038,0
"all participants, one stage",1648,6,right_hand,0.9981,0
"all participants, one stage",1649,6,left_hand,0.0,0
"all participants, one stage",1650,6,right_hand,0.9893,0
"all participants, one stage",1651,6,right_hand,0.9976,0
"all participants, one stage",1652,6,right_hand,0.9985,0
"all participants, one stage",1653,6,right_hand,0.8345,0
"all participants, one stage",1654,6,right_hand,0.9928,0
"all participants, one stage",1655,6,left_hand,0.2429,0
"all participants, one stage",1656,6,right_hand,0.9948,0
"all participants, one stage",1657,6,left_hand,0.0,0
"all participants, one stage",1658,6,left_hand,0.9771,0
"all participants, one stage",1659,6,left_hand,0.0021,0
"all participants, one stage",1660,6,right_hand,0.9999,0
"all participants, one stage",1661,6,right_hand,0.9753,0
"all participants, one stage",1662,6,left_hand,0.0002,0
"all participants, one stage",1663,6,right_hand,0.078,0
"all participants, one stage",1664,6,left_hand,0.5332,0
"all participants, one stage",1665,6,right_hand,1.0,0
"all participants, one stage",1666,6,left_hand,0.0228,0
"all participants, one stage",1667,6,right_hand,0.9881,0
"all participants, one stage",1668,6,right_hand,0.9993,0
"all participants, one stage",1669,6,right_hand,1.0,0
"all participants, one stage",1670,6,left_hand,0.0,0
"all participants, one stage",1671,6,left_hand,0.1559,0
"all participants, one stage",1672,6,right_hand,0.4502,0
"all participants, one stage",1673,6,left_hand,0.0008,0
"all participants, one stage",1674,6,right_hand,0.9999,0
"all participants, one stage",1675,6,right_hand,1.0,0
"all participants, one stage",1676,6,left_hand,0.0009,0
"all participants, one stage",1677,6,left_hand,0.0,0
"all participants, one stage",1678,6,right_hand,0.9983,0
"all participants, one stage",1679,6,left_hand,0.0002,0
"all participants, one stage",1680,6,right_hand,0.9858,0
"all participants, one stage",1681,6,left_hand,0.0041,0
"all participants, one stage",1682,6,left_hand,0.9302,0
"all participants, one stage",1683,6,right_hand,1.0,0
"all participants, one stage",1684,6,left_hand,0.0001,0
"all participants, one stage",1685,6,left_hand,0.0007,0
"all participants, one stage",1686,6,left_hand,0.069,0
"all participants, one stage",1687,6,right_hand,0.625,0
"all participants, one stage",1688,6,right_hand,0.7643,0
"all participants, one stage",1689,6,right_hand,1.0,0
"all participants, one stage",1690,6,right_hand,0.9973,0
"all participants, one stage",1691,6,left_hand,0.0322,0
"all participants, one stage",1692,6,right_hand,0.0,0
"all participants, one stage",1693,6,right_hand,0.9927,0
"all participants, one stage",1694,6,right_hand,1.0,0
"all participants, one stage",1695,6,left_hand,0.002,0
"all participants, one stage",1696,6,left_hand,0.0047,0
"all participants, one stage",1697,6,left_hand,0.0,0
"all participants, one stage",1698,6,left_hand,0.0,0
"all participants, one stage",1699,6,left_hand,0.0001,0
"all participants, one stage",1700,6,right_hand,0.0018,0
"all participants, one stage",1701,6,left_hand,0.0,0
"all participants, one stage",1702,6,right_hand,0.9989,0
"all participants, one stage",1703,6,right_hand,0.9994,0
"all participants, one stage",1704,6,left_hand,0.934,0
"all participants, one stage",1705,6,right_hand,1.0,0
"all participants, one stage",1706,6,left_hand,0.0687,0
"all participants, one stage",1707,6,left_hand,0.7754,0
"all participants, one stage",1708,6,right_hand,0.9941,0
"all participants, one stage",1709,6,right_hand,0.9936,0
"all participants, one stage",1710,6,right_hand,0.9156,0
"all participants, one stage",1711,6,left_hand,0.0416,0
"all participants, one stage",1712,6,right_hand,0.9932,0
"all participants, one stage",1713,6,right_hand,0.5109,0
"all participants, one stage",1714,6,right_hand,0.0631,0
"all participants, one stage",1715,6,right_hand,0.9982,0
"all participants, one stage",1716,6,right_hand,1.0,0
"all participants, one stage",1717,6,left_hand,0.0,0
"all participants, one stage",1718,6,right_hand,0.0003,0
"all participants, one stage",1719,6,right_hand,1.0,0
"all participants, one stage",1720,6,left_hand,0.002,0
"all participants, one stage",1721,6,left_hand,0.0012,0
"all participants, one stage",1722,6,left_hand,1.0,0
"all participants, one stage",1723,6,left_hand,0.0,0
"all participants, one stage",1724,6,left_hand,0.0263,0
"all participants, one stage",1725,6,left_hand,0.0001,0
"all participants, one stage",1726,6,right_hand,0.9875,0
"all participants, one stage",1727,6,left_hand,0.9867,0
"all participants, one stage",1872,7,left_hand,0.9995,0
"all participants, one stage",1873,7,right_hand,0.057,0
"all participants, one stage",1874,7,right_hand,1.0,0
"all participants, one stage",1875,7,left_hand,0.0001,0
"all participants, one stage",1876,7,right_hand,0.6469,0
"all participants, one stage",1877,7,left_hand,0.0,0
"all participants, one stage",1878,7,right_hand,0.9842,0
"all participants, one stage",1879,7,right_hand,1.0,0
"all participants, one stage",1880,7,left_hand,0.4998,0
"all participants, one stage",1881,7,right_hand,0.1318,0
"all participants, one stage",1882,7,left_hand,0.0,0
"all participants, one stage",1883,7,left_hand,0.0,0
"all participants, one stage",1884,7,right_hand,0.2842,0
"all participants, one stage",1885,7,left_hand,0.827,0
"all participants, one stage",1886,7,left_hand,0.0005,0
"all participants, one stage",1887,7,left_hand,0.0,0
"all participants, one stage",1888,7,left_hand,0.0,0
"all participants, one stage",1889,7,right_hand,0.0108,0
"all participants, one stage",1890,7,left_hand,0.0,0
"all participants, one stage",1891,7,right_hand,1.0,0
"all participants, one stage",1892,7,right_hand,1.0,0
"all participants, one stage",1893,7,left_hand,0.0,0
"all participants, one stage",1894,7,right_hand,0.9995,0
"all participants, one stage",1895,7,right_hand,0.9772,0
"all participants, one stage",1896,7,right_hand,1.0,0
"all participants, one stage",1897,7,left_hand,0.0179,0
"all participants, one stage",1898,7,left_hand,1.0,0
"all participants, one stage",1899,7,right_hand,0.0005,0
"all participants, one stage",1900,7,right_hand,0.3994,0
"all participants, one stage",1901,7,left_hand,0.0035,0
"all participants, one stage",1902,7,left_hand,0.0,0
"all participants, one stage",1903,7,left_hand,0.0,0
"all participants, one stage",1904,7,right_hand,0.9872,0
"all participants, one stage",1905,7,right_hand,0.9604,0
"all participants, one stage",1906,7,left_hand,0.0,0
"all participants, one stage",1907,7,left_hand,0.0,0
"all participants, one stage",1908,7,left_hand,0.0,0
"all participants, one stage",1909,7,right_hand,0.9988,0
"all participants, one stage",1910,7,left_hand,0.0004,0
"all participants, one stage",1911,7,right_hand,1.0,0
"all participants, one stage",1912,7,right_hand,1.0,0
"all participants, one stage",1913,7,left_hand,0.0,0
"all participants, one stage",1914,7,right_hand,1.0,0
"all participants, one stage",1915,7,left_hand,0.0,0
"all participants, one stage",1916,7,right_hand,0.9706,0
"all participants, one stage",1917,7,right_hand,1.0,0
"all participants, one stage",1918,7,right_hand,0.9999,0
"all participants, one stage",1919,7,left_hand,0.0,0
"all participants, one stage",1920,7,left_hand,0.0,0
"all participants, one stage",1921,7,left_hand,0.0,0
"all participants, one stage",1922,7,right_hand,0.9981,0
"all participants, one stage",1923,7,left_hand,0.6065,0
"all participants, one stage",1924,7,left_hand,0.0019,0
"all participants, one stage",1925,7,right_hand,1.0,0
"all participants, one stage",1926,7,left_hand,0.0,0
"all participants, one stage",1927,7,left_hand,0.0,0
"all participants, one stage",1928,7,right_hand,0.999,0
"all participants, one stage",1929,7,left_hand,0.0009,0
"all participants, one stage",1930,7,right_hand,1.0,0
"all participants, one stage",1931,7,right_hand,1.0,0
"all participants, one stage",1932,7,left_hand,0.0,0
"all participants, one stage",1933,7,right_hand,1.0,0
"all participants, one stage",1934,7,left_hand,0.0005,0
"all participants, one stage",1935,7,left_hand,0.0,0
"all participants, one stage",1936,7,right_hand,1.0,0
"all participants, one stage",1937,7,left_hand,0.0,0
"all participants, one stage",1938,7,right_hand,0.0579,0
"all participants, one stage",1939,7,right_hand,1.0,0
"all participants, one stage",1940,7,right_hand,0.9752,0
"all participants, one stage",1941,7,right_hand,1.0,0
"all participants, one stage",1942,7,right_hand,1.0,0
"all participants, one stage",1943,7,left_hand,0.0018,0
"all participants, one stage",1944,7,right_hand,0.8624,0
"all participants, one stage",1945,7,left_hand,0.0146,0
"all participants, one stage",1946,7,left_hand,0.0,0
"all participants, one stage",1947,7,left_hand,0.0,0
"all participants, one stage",1948,7,right_hand,1.0,0
"all participants, one stage",1949,7,right_hand,1.0,0
"all participants, one stage",1950,7,left_hand,0.0,0
"all participants, one stage",1951,7,right_hand,1.0,0
"all participants, one stage",1952,7,left_hand,0.0,0
"all participants, one stage",1953,7,right_hand,1.0,0
"all participants, one stage",1954,7,left_hand,0.0,0
"all participants, one stage",1955,7,right_hand,0.9759,0
"all participants, one stage",1956,7,right_hand,0.4681,0
"all participants, one stage",1957,7,right_hand,1.0,0
"all participants, one stage",1958,7,left_hand,0.0,0
"all participants, one stage",1959,7,left_hand,0.0005,0
"all participants, one stage",1960,7,right_hand,0.8776,0
"all participants, one stage",1961,7,left_hand,0.0,0
"all participants, one stage",1962,7,right_hand,1.0,0
"all participants, one stage",1963,7,right_hand,0.9999,0
"all participants, one stage",1964,7,left_hand,0.0,0
"all participants, one stage",1965,7,left_hand,0.0118,0
"all participants, one stage",1966,7,right_hand,1.0,0
"all participants, one stage",1967,7,left_hand,0.0239,0
"all participants, one stage",1968,7,right_hand,0.0045,0
"all participants, one stage",1969,7,left_hand,0.8043,0
"all participants, one stage",1970,7,left_hand,0.0,0
"all participants, one stage",1971,7,right_hand,0.2787,0
"all participants, one stage",1972,7,left_hand,0.0005,0
"all participants, one stage",1973,7,left_hand,0.0,0
"all participants, one stage",1974,7,left_hand,0.0,0
"all participants, one stage",1975,7,right_hand,0.9995,0
"all participants, one stage",1976,7,right_hand,0.9997,0
"all participants, one stage",1977,7,right_hand,0.9999,0
"all participants, one stage",1978,7,right_hand,1.0,0
"all participants, one stage",1979,7,left_hand,0.0,0
"all participants, one stage",1980,7,right_hand,0.4488,0
"all participants, one stage",1981,7,right_hand,0.998,0
"all participants, one stage",1982,7,right_hand,1.0,0
"all participants, one stage",1983,7,left_hand,0.0,0
"all participants, one stage",1984,7,left_hand,0.0,0
"all participants, one stage",1985,7,left_hand,0.0,0
"all participants, one stage",1986,7,left_hand,0.0,0
"all participants, one stage",1987,7,left_hand,0.0,0
"all participants, one stage",1988,7,right_hand,1.0,0
"all participants, one stage",1989,7,left_hand,0.0,0
"all participants, one stage",1990,7,right_hand,0.9969,0
"all participants, one stage",1991,7,right_hand,1.0,0
"all participants, one stage",1992,7,left_hand,0.0,0
"all participants, one stage",1993,7,right_hand,1.0,0
"all participants, one stage",1994,7,left_hand,0.0001,0
"all participants, one stage",1995,7,left_hand,0.0143,0
"all participants, one stage",1996,7,right_hand,0.9999,0
"all participants, one stage",1997,7,right_hand,0.9997,0
"all participants, one stage",1998,7,right_hand,1.0,0
"all participants, one stage",1999,7,left_hand,0.9273,0
"all participants, one stage",2000,7,right_hand,1.0,0
"all participants, one stage",2001,7,right_hand,1.0,0
"all participants, one stage",2002,7,right_hand,0.9809,0
"all participants, one stage",2003,7,right_hand,0.9211,0
"all participants, one stage",2004,7,right_hand,0.9826,0
"all participants, one stage",2005,7,left_hand,0.0,0
"all participants, one stage",2006,7,right_hand,0.9999,0
"all participants, one stage",2007,7,right_hand,1.0,0
"all participants, one stage",2008,7,left_hand,0.0,0
"all participants, one stage",2009,7,left_hand,0.0,0
"all participants, one stage",2010,7,left_hand,0.0001,0
"all participants, one stage",2011,7,left_hand,0.0,0
"all participants, one stage",2012,7,left_hand,0.0,0
"all participants, one stage",2013,7,left_hand,0.3735,0
"all participants, one stage",2014,7,right_hand,1.0,0
"all participants, one stage",2015,7,left_hand,0.0,0
"all participants, one stage",2160,8,left_hand,0.0,0
"all participants, one stage",2161,8,right_hand,0.744,0
"all participants, one stage",2162,8,right_hand,1.0,0
"all participants, one stage",2163,8,left_hand,0.0,0
"all participants, one stage",2164,8,right_hand,0.9993,0
"all participants, one stage",2165,8,left_hand,0.0,0
"all participants, one stage",2166,8,right_hand,1.0,0
"all participants, one stage",2167,8,right_hand,1.0,0
"all participants, one stage",2168,8,left_hand,0.0,0
"all participants, one stage",2169,8,right_hand,0.9972,0
"all participants, one stage",2170,8,left_hand,0.0037,0
"all participants, one stage",2171,8,left_hand,0.0,0
"all participants, one stage",2172,8,right_hand,1.0,0
"all participants, one stage",2173,8,left_hand,0.0,0
"all participants, one stage",2174,8,left_hand,0.0,0
"all participants, one stage",2175,8,left_hand,0.0,0
"all participants, one stage",2176,8,left_hand,0.0,0
"all participants, one stage",2177,8,right_hand,1.0,0
"all participants, one stage",2178,8,left_hand,0.0001,0
"all participants, one stage",2179,8,right_hand,0.9999,0
"all participants, one stage",2180,8,right_hand,0.0708,0
"all participants, one stage",2181,8,left_hand,0.0,0
"all participants, one stage",2182,8,right_hand,1.0,0
"all participants, one stage",2183,8,right_hand,0.0448,0
"all participants, one stage",2184,8,right_hand,1.0,0
"all participants, one stage",2185,8,left_hand,0.0,0
"all participants, one stage",2186,8,left_hand,0.0,0
"all participants, one stage",2187,8,right_hand,1.0,0
"all participants, one stage",2188,8,right_hand,0.994,0
"all participants, one stage",2189,8,left_hand,0.0,0
"all participants, one stage",2190,8,left_hand,0.7664,0
"all participants, one stage",2191,8,left_hand,0.0001,0
"all participants, one stage",2192,8,right_hand,1.0,0
"all participants, one stage",2193,8,right_hand,0.9998,0
"all participants, one stage",2194,8,left_hand,0.0037,0
"all participants, one stage",2195,8,left_hand,0.0,0
"all participants, one stage",2196,8,left_hand,0.0,0
"all participants, one stage",2197,8,right_hand,1.0,0
"all participants, one stage",2198,8,left_hand,0.0088,0
"all participants, one stage",2199,8,right_hand,0.9999,0
"all participants, one stage",2200,8,right_hand,1.0,0
"all participants, one stage",2201,8,left_hand,0.0003,0
"all participants, one stage",2202,8,right_hand,1.0,0
"all participants, one stage",2203,8,left_hand,0.0005,0
"all participants, one stage",2204,8,right_hand,0.9622,0
"all participants, one stage",2205,8,right_hand,0.9881,0
"all participants, one stage",2206,8,right_hand,0.7045,0
"all participants, one stage",2207,8,left_hand,0.0006,0
"all participants, one stage",2208,8,left_hand,0.0,0
"all participants, one stage",2209,8,left_hand,0.0423,0
"all participants, one stage",2210,8,right_hand,1.0,0
"all participants, one stage",2211,8,left_hand,0.0,0
"all participants, one stage",2212,8,left_hand,0.0,0
"all participants, one stage",2213,8,right_hand,1.0,0
"all participants, one stage",2214,8,left_hand,0.0,0
"all participants, one stage",2215,8,left_hand,0.0,0
"all participants, one stage",2216,8,right_hand,0.9032,0
"all participants, one stage",2217,8,left_hand,0.0,0
"all participants, one stage",2218,8,right_hand,1.0,0
"all participants, one stage",2219,8,right_hand,1.0,0
"all participants, one stage",2220,8,left_hand,0.0,0
"all participants, one stage",2221,8,right_hand,1.0,0
"all participants, one stage",2222,8,left_hand,0.0,0
"all participants, one stage",2223,8,left_hand,0.0081,0
"all participants, one stage",2224,8,right_hand,0.0046,0
"all participants, one stage",2225,8,left_hand,0.0,0
"all participants, one stage",2226,8,right_hand,0.9961,0
"all participants, one stage",2227,8,right_hand,0.9685,0
"all participants, one stage",2228,8,right_hand,0.9743,0
"all participants, one stage",2229,8,right_hand,0.9184,0
"all participants, one stage",2230,8,right_hand,0.5865,0
"all participants, one stage",2231,8,left_hand,0.0005,0
"all participants, one stage",2232,8,right_hand,0.8874,0
"all participants, one stage",2233,8,left_hand,0.0,0
"all participants, one stage",2234,8,left_hand,0.0001,0
"all participants, one stage",2235,8,left_hand,0.0,0
"all participants, one stage",2236,8,right_hand,0.9998,0
"all participants, one stage",2237,8,right_hand,1.0,0
"all participants, one stage",2238,8,left_hand,0.0,0
"all participants, one stage",2239,8,right_hand,1.0,0
"all participants, one stage",2240,8,left_hand,0.0,0
"all participants, one stage",2241,8,right_hand,1.0,0
"all participants, one stage",2242,8,left_hand,0.0,0
"all participants, one stage",2243,8,right_hand,0.9992,0
"all participants, one stage",2244,8,right_hand,1.0,0
"all participants, one stage",2245,8,right_hand,0.9998,0
"all participants, one stage",2246,8,left_hand,0.0,0
"all participants, one stage",2247,8,left_hand,0.0005,0
"all participants, one stage",2248,8,right_hand,1.0,0
"all participants, one stage",2249,8,left_hand,0.0,0
"all participants, one stage",2250,8,right_hand,1.0,0
"all participants, one stage",2251,8,right_hand,0.994,0
"all participants, one stage",2252,8,left_hand,0.0003,0
"all participants, one stage",2253,8,left_hand,0.0096,0
"all participants, one stage",2254,8,right_hand,0.9965,0
"all participants, one stage",2255,8,left_hand,0.0,0
"all participants, one stage",2256,8,right_hand,1.0,0
"all participants, one stage",2257,8,left_hand,0.0,0
"all participants, one stage",2258,8,left_hand,0.0003,0
"all participants, one stage",2259,8,right_hand,0.9974,0
"all participants, one stage",2260,8,left_hand,0.0,0
"all participants, one stage",2261,8,left_hand,0.0,0
"all participants, one stage",2262,8,left_hand,0.0001,0
"all participants, one stage",2263,8,right_hand,1.0,0
"all participants, one stage",2264,8,right_hand,1.0,0
"all participants, one stage",2265,8,right_hand,1.0,0
"all participants, one stage",2266,8,right_hand,1.0,0
"all participants, one stage",2267,8,left_hand,0.0005,0
"all participants, one stage",2268,8,right_hand,1.0,0
"all participants, one stage",2269,8,right_hand,1.0,0
"all participants, one stage",2270,8,right_hand,1.0,0
"all participants, one stage",2271,8,left_hand,0.0,0
"all participants, one stage",2272,8,left_hand,0.0013,0
"all participants, one stage",2273,8,left_hand,0.0275,0
"all participants, one stage",2274,8,left_hand,0.0,0
"all participants, one stage",2275,8,left_hand,0.0,0
"all participants, one stage",2276,8,right_hand,0.9996,0
"all participants, one stage",2277,8,left_hand,0.0,0
"all participants, one stage",2278,8,right_hand,0.9987,0
"all participants, one stage",2279,8,right_hand,0.9999,0
"all participants, one stage",2280,8,left_hand,0.0034,0
"all participants, one stage",2281,8,right_hand,1.0,0
"all participants, one stage",2282,8,left_hand,0.0,0
"all participants, one stage",2283,8,left_hand,0.0,0
"all participants, one stage",2284,8,right_hand,1.0,0
"all participants, one stage",2285,8,right_hand,1.0,0
"all participants, one stage",2286,8,right_hand,0.7686,0
"all participants, one stage",2287,8,left_hand,0.0,0
"all participants, one stage",2288,8,right_hand,0.0355,0
"all participants, one stage",2289,8,right_hand,1.0,0
"all participants, one stage",2290,8,right_hand,1.0,0
"all participants, one stage",2291,8,right_hand,0.9978,0
"all participants, one stage",2292,8,right_hand,0.7108,0
"all participants, one stage",2293,8,left_hand,0.0,0
"all participants, one stage",2294,8,right_hand,1.0,0
"all participants, one stage",2295,8,right_hand,0.9996,0
"all participants, one stage",2296,8,left_hand,0.0,0
"all participants, one stage",2297,8,left_hand,0.0,0
"all participants, one stage",2298,8,left_hand,0.0,0
"all participants, one stage",2299,8,left_hand,0.0,0
"all participants, one stage",2300,8,left_hand,0.0,0
"all participants, one stage",2301,8,left_hand,0.0346,0
"all participants, one stage",2302,8,right_hand,1.0,0
"all participants, one stage",2303,8,left_hand,0.0077,0
"all participants, one stage",2448,9,left_hand,0.001,0
"all participants, one stage",2449,9,right_hand,1.0,0
"all participants, one stage",2450,9,right_hand,1.0,0
"all participants, one stage",2451,9,left_hand,0.0004,0
"all participants, one stage",2452,9,right_hand,1.0,0
"all participants, one stage",2453,9,left_hand,0.0,0
"all participants, one stage",2454,9,right_hand,1.0,0
"all participants, one stage",2455,9,right_hand,1.0,0
"all participants, one stage",2456,9,left_hand,0.0002,0
"all participants, one stage",2457,9,right_hand,1.0,0
"all participants, one stage",2458,9,left_hand,0.0,0
"all participants, one stage",2459,9,left_hand,0.0001,0
"all participants, one stage",2460,9,right_hand,1.0,0
"all participants, one stage",2461,9,left_hand,0.0,0
"all participants, one stage",2462,9,left_hand,0.0,0
"all participants, one stage",2463,9,left_hand,0.0031,0
"all participants, one stage",2464,9,left_hand,0.9966,0
"all participants, one stage",2465,9,right_hand,1.0,0
"all participants, one stage",2466,9,left_hand,0.0,0
"all participants, one stage",2467,9,right_hand,1.0,0
"all participants, one stage",2468,9,right_hand,1.0,0
"all participants, one stage",2469,9,left_hand,0.0,0
"all participants, one stage",2470,9,right_hand,1.0,0
"all participants, one stage",2471,9,right_hand,1.0,0
"all participants, one stage",2472,9,right_hand,1.0,0
"all participants, one stage",2473,9,left_hand,0.9999,0
"all participants, one stage",2474,9,left_hand,0.9978,0
"all participants, one stage",2475,9,right_hand,1.0,0
"all participants, one stage",2476,9,right_hand,1.0,0
"all participants, one stage",2477,9,left_hand,0.1095,0
"all participants, one stage",2478,9,left_hand,0.0245,0
"all participants, one stage",2479,9,left_hand,0.9999,0
"all participants, one stage",2480,9,right_hand,0.9993,0
"all participants, one stage",2481,9,right_hand,0.9991,0
"all participants, one stage",2482,9,left_hand,1.0,0
"all participants, one stage",2483,9,left_hand,1.0,0
"all participants, one stage",2484,9,left_hand,0.0023,0
"all participants, one stage",2485,9,right_hand,0.9999,0
"all participants, one stage",2486,9,left_hand,0.0,0
"all participants, one stage",2487,9,right_hand,0.9999,0
"all participants, one stage",2488,9,right_hand,1.0,0
"all participants, one stage",2489,9,left_hand,0.5957,0
"all participants, one stage",2490,9,right_hand,1.0,0
"all participants, one stage",2491,9,left_hand,0.0317,0
"all participants, one stage",2492,9,right_hand,0.9991,0
"all participants, one stage",2493,9,right_hand,1.0,0
"all participants, one stage",2494,9,right_hand,0.9997,0
"all participants, one stage",2495,9,left_hand,0.2298,0
"all participants, one stage",2496,9,left_hand,0.9955,0
"all participants, one stage",2497,9,left_hand,0.0372,0
"all participants, one stage",2498,9,right_hand,1.0,0
"all participants, one stage",2499,9,left_hand,0.1977,0
"all participants, one stage",2500,9,left_hand,0.0001,0
"all participants, one stage",2501,9,right_hand,0.9993,0
"all participants, one stage",2502,9,left_hand,0.0,0
"all participants, one stage",2503,9,left_hand,1.0,0
"all participants, one stage",2504,9,right_hand,1.0,0
"all participants, one stage",2505,9,left_hand,0.0507,0
"all participants, one stage",2506,9,right_hand,1.0,0
"all participants, one stage",2507,9,right_hand,0.9995,0
"all participants, one stage",2508,9,left_hand,0.0185,0
"all participants, one stage",2509,9,right_hand,1.0,0
"all participants, one stage",2510,9,left_hand,0.8927,0
"all participants, one stage",2511,9,left_hand,0.002,0
"all participants, one stage",2512,9,right_hand,1.0,0
"all participants, one stage",2513,9,left_hand,0.4538,0
"all participants, one stage",2514,9,right_hand,0.9999,0
"all participants, one stage",2515,9,right_hand,1.0,0
"all participants, one stage",2516,9,right_hand,1.0,0
"all participants, one stage",2517,9,right_hand,0.2183,0
"all participants, one stage",2518,9,right_hand,0.577,0
"all participants, one stage",2519,9,left_hand,0.296,0
"all participants, one stage",2520,9,right_hand,1.0,0
"all participants, one stage",2521,9,left_hand,0.0,0
"all participants, one stage",2522,9,left_hand,0.0002,0
"all participants, one stage",2523,9,left_hand,0.0017,0
"all participants, one stage",2524,9,right_hand,0.9996,0
"all participants, one stage",2525,9,right_hand,0.0126,0
"all participants, one stage",2526,9,left_hand,0.9998,0
"all participants, one stage",2527,9,right_hand,0.0,0
"all participants, one stage",2528,9,left_hand,1.0,0
"all participants, one stage",2529,9,right_hand,0.9824,0
"all participants, one stage",2530,9,left_hand,0.0,0
"all participants, one stage",2531,9,right_hand,1.0,0
"all participants, one stage",2532,9,right_hand,0.9998,0
"all participants, one stage",2533,9,right_hand,1.0,0
"all participants, one stage",2534,9,left_hand,0.0,0
"all participants, one stage",2535,9,left_hand,0.0,0
"all participants, one stage",2536,9,right_hand,1.0,0
"all participants, one stage",2537,9,left_hand,0.8782,0
"all participants, one stage",2538,9,right_hand,1.0,0
"all participants, one stage",2539,9,right_hand,0.9999,0
"all participants, one stage",2540,9,left_hand,1.0,0
"all participants, one stage",2541,9,left_hand,0.0001,0
"all participants, one stage",2542,9,right_hand,1.0,0
"all participants, one stage",2543,9,left_hand,0.9661,0
"all participants, one stage",2544,9,right_hand,0.9959,0
"all participants, one stage",2545,9,left_hand,0.0011,0
"all participants, one stage",2546,9,left_hand,0.0,0
"all participants, one stage",2547,9,right_hand,0.1232,0
"all participants, one stage",2548,9,left_hand,0.0017,0
"all participants, one stage",2549,9,left_hand,0.4241,0
"all participants, one stage",2550,9,left_hand,0.6751,0
"all participants, one stage",2551,9,right_hand,0.9998,0
"all participants, one stage",2552,9,right_hand,0.6775,0
"all participants, one stage",2553,9,right_hand,0.9823,0
"all participants, one stage",2554,9,right_hand,1.0,0
"all participants, one stage",2555,9,left_hand,0.0002,0
"all participants, one stage",2556,9,right_hand,0.0058,0
"all participants, one stage",2557,9,right_hand,0.9964,0
"all participants, one stage",2558,9,right_hand,0.849,0
"all participants, one stage",2559,9,left_hand,0.035,0
"all participants, one stage",2560,9,left_hand,0.0,0
"all participants, one stage",2561,9,left_hand,0.9996,0
"all participants, one stage",2562,9,left_hand,0.9598,0
"all participants, one stage",2563,9,left_hand,0.0223,0
"all participants, one stage",2564,9,right_hand,0.8004,0
"all participants, one stage",2565,9,left_hand,0.0001,0
"all participants, one stage",2566,9,right_hand,0.9956,0
"all participants, one stage",2567,9,right_hand,1.0,0
"all participants, one stage",2568,9,left_hand,0.9662,0
"all participants, one stage",2569,9,right_hand,0.0023,0
"all participants, one stage",2570,9,left_hand,0.8163,0
"all participants, one stage",2571,9,left_hand,0.0003,0
"all participants, one stage",2572,9,right_hand,0.9235,0
"all participants, one stage",2573,9,right_hand,0.9946,0
"all participants, one stage",2574,9,right_hand,0.997,0
"all participants, one stage",2575,9,left_hand,0.0055,0
"all participants, one stage",2576,9,right_hand,1.0,0
"all participants, one stage",2577,9,right_hand,0.2095,0
"all participants, one stage",2578,9,right_hand,1.0,0
"all participants, one stage",2579,9,right_hand,1.0,0
"all participants, one stage",2580,9,right_hand,0.9417,0
"all participants, one stage",2581,9,left_hand,0.9314,0
"all participants, one stage",2582,9,right_hand,0.7576,0
"all participants, one stage",2583,9,right_hand,0.9373,0
"all participants, one stage",2584,9,left_hand,0.0,0
"all participants, one stage",2585,9,left_hand,0.0063,0
"all participants, one stage",2586,9,left_hand,0.0,0
"all participants, one stage",2587,9,left_hand,0.8401,0
"all participants, one stage",2588,9,left_hand,0.1787,0
"all participants, one stage",2589,9,left_hand,0.0003,0
"all participants, one stage",2590,9,right_hand,0.9999,0
"all participants, one stage",2591,9,left_hand,0.0,0
participant 1 alone,144,1,left_hand,0.239,0
participant 1 alone,145,1,right_hand,0.9794,0
participant 1 alone,146,1,right_hand,0.1461,0
participant 1 alone,147,1,left_hand,0.0143,0
participant 1 alone,148,1,right_hand,0.026,0
participant 1 alone,149,1,left_hand,0.0043,0
participant 1 alone,150,1,right_hand,0.0996,0
participant 1 alone,151,1,right_hand,0.9362,0
participant 1 alone,152,1,left_hand,0.0018,0
participant 1 alone,153,1,right_hand,0.7252,0
participant 1 alone,154,1,left_hand,0.0895,0
participant 1 alone,155,1,left_hand,0.0049,0
participant 1 alone,156,1,right_hand,0.409,0
participant 1 alone,157,1,left_hand,0.0006,0
participant 1 alone,158,1,left_hand,0.1075,0
participant 1 alone,159,1,left_hand,0.2629,0
participant 1 alone,160,1,left_hand,0.0682,0
participant 1 alone,161,1,right_hand,0.9897,0
participant 1 alone,162,1,left_hand,0.0004,0
participant 1 alone,163,1,right_hand,0.9979,0
participant 1 alone,164,1,right_hand,0.3055,0
participant 1 alone,165,1,left_hand,0.0008,0
participant 1 alone,166,1,right_hand,0.5786,0
participant 1 alone,167,1,right_hand,0.052,0
participant 1 alone,168,1,right_hand,0.9604,0
participant 1 alone,169,1,left_hand,0.03,0
participant 1 alone,170,1,left_hand,0.0008,0
participant 1 alone,171,1,right_hand,0.4463,0
participant 1 alone,172,1,right_hand,0.9673,0
participant 1 alone,173,1,left_hand,0.3308,0
participant 1 alone,174,1,left_hand,0.0167,0
participant 1 alone,175,1,left_hand,0.026,0
participant 1 alone,176,1,right_hand,0.5928,0
participant 1 alone,177,1,right_hand,0.8307,0
participant 1 alone,178,1,left_hand,0.0203,0
participant 1 alone,179,1,left_hand,0.061,0
participant 1 alone,180,1,left_hand,0.0098,0
participant 1 alone,181,1,right_hand,0.8859,0
participant 1 alone,182,1,left_hand,0.0329,0
participant 1 alone,183,1,right_hand,0.6142,0
participant 1 alone,184,1,right_hand,0.7517,0
participant 1 alone,185,1,left_hand,0.1038,0
participant 1 alone,186,1,right_hand,0.6503,0
participant 1 alone,187,1,left_hand,0.0026,0
participant 1 alone,188,1,right_hand,0.9283,0
participant 1 alone,189,1,right_hand,0.9546,0
participant 1 alone,190,1,right_hand,0.8688,0
participant 1 alone,191,1,left_hand,0.0124,0
participant 1 alone,192,1,left_hand,0.0355,0
participant 1 alone,193,1,left_hand,0.1635,0
participant 1 alone,194,1,right_hand,0.6623,0
participant 1 alone,195,1,left_hand,0.1469,0
participant 1 alone,196,1,left_hand,0.0098,0
participant 1 alone,197,1,right_hand,0.9377,0
participant 1 alone,198,1,left_hand,0.0123,0
participant 1 alone,199,1,left_hand,0.4253,0
participant 1 alone,200,1,right_hand,0.9422,0
participant 1 alone,201,1,left_hand,0.98,0
participant 1 alone,202,1,right_hand,0.1229,0
participant 1 alone,203,1,right_hand,0.5792,0
participant 1 alone,204,1,left_hand,0.1002,0
participant 1 alone,205,1,right_hand,0.0019,0
participant 1 alone,206,1,left_hand,0.2452,0
participant 1 alone,207,1,left_hand,0.001,0
participant 1 alone,208,1,right_hand,0.0944,0
participant 1 alone,209,1,left_hand,0.0007,0
participant 1 alone,210,1,right_hand,0.8602,0
participant 1 alone,211,1,right_hand,0.5422,0
participant 1 alone,212,1,right_hand,0.2796,0
participant 1 alone,213,1,right_hand,0.702,0
participant 1 alone,214,1,right_hand,0.9173,0
participant 1 alone,215,1,left_hand,0.5176,0
participant 1 alone,216,1,right_hand,0.1821,0
participant 1 alone,217,1,left_hand,0.969,0
participant 1 alone,218,1,left_hand,0.7211,0
participant 1 alone,219,1,left_hand,0.0102,0
participant 1 alone,220,1,right_hand,0.9313,0
participant 1 alone,221,1,right_hand,0.8419,0
participant 1 alone,222,1,left_hand,0.2759,0
participant 1 alone,223,1,right_hand,0.4477,0
participant 1 alone,224,1,left_hand,0.8828,0
participant 1 alone,225,1,right_hand,0.3065,0
participant 1 alone,226,1,left_hand,0.5676,0
participant 1 alone,227,1,right_hand,0.9977,0
participant 1 alone,228,1,right_hand,0.4741,0
participant 1 alone,229,1,right_hand,0.6074,0
participant 1 alone,230,1,left_hand,0.0227,0
participant 1 alone,231,1,left_hand,0.1061,0
participant 1 alone,232,1,right_hand,0.9779,0
participant 1 alone,233,1,left_hand,0.0055,0
participant 1 alone,234,1,right_hand,0.5581,0
participant 1 alone,235,1,right_hand,0.02,0
participant 1 alone,236,1,left_hand,0.9948,0
participant 1 alone,237,1,left_hand,0.0056,0
participant 1 alone,238,1,right_hand,0.6848,0
participant 1 alone,239,1,left_hand,0.0075,0
participant 1 alone,240,1,right_hand,0.9014,0
participant 1 alone,241,1,left_hand,0.4523,0
participant 1 alone,242,1,left_hand,0.4277,0
participant 1 alone,243,1,right_hand,0.6054,0
participant 1 alone,244,1,left_hand,0.9957,0
participant 1 alone,245,1,left_hand,0.3095,0
participant 1 alone,246,1,left_hand,0.0149,0
participant 1 alone,247,1,right_hand,0.8995,0
participant 1 alone,248,1,right_hand,0.0564,0
participant 1 alone,249,1,right_hand,0.0467,0
participant 1 alone,250,1,right_hand,0.6066,0
participant 1 alone,251,1,left_hand,0.0303,0
participant 1 alone,252,1,right_hand,0.9734,0
participant 1 alone,253,1,right_hand,0.3624,0
participant 1 alone,254,1,right_hand,0.8364,0
participant 1 alone,255,1,left_hand,0.6684,0
participant 1 alone,256,1,left_hand,0.4332,0
participant 1 alone,257,1,left_hand,0.1338,0
participant 1 alone,258,1,left_hand,0.8434,0
participant 1 alone,259,1,left_hand,0.825,0
participant 1 alone,260,1,right_hand,0.953,0
participant 1 alone,261,1,left_hand,0.0087,0
participant 1 alone,262,1,right_hand,0.9192,0
participant 1 alone,263,1,right_hand,0.9904,0
participant 1 alone,264,1,left_hand,0.1377,0
participant 1 alone,265,1,right_hand,0.9715,0
participant 1 alone,266,1,left_hand,0.2511,0
participant 1 alone,267,1,left_hand,0.1639,0
participant 1 alone,268,1,right_hand,0.204,0
participant 1 alone,269,1,right_hand,0.9489,0
participant 1 alone,270,1,right_hand,0.2709,0
participant 1 alone,271,1,left_hand,0.6181,0
participant 1 alone,272,1,right_hand,0.2649,0
participant 1 alone,273,1,right_hand,0.8615,0
participant 1 alone,274,1,right_hand,0.8683,0
participant 1 alone,275,1,right_hand,0.0323,0
participant 1 alone,276,1,right_hand,0.099,0
participant 1 alone,277,1,left_hand,0.0728,0
participant 1 alone,278,1,right_hand,0.9371,0
participant 1 alone,279,1,right_hand,0.124,0
participant 1 alone,280,1,left_hand,0.1024,0
participant 1 alone,281,1,left_hand,0.0047,0
participant 1 alone,282,1,left_hand,0.064,0
participant 1 alone,283,1,left_hand,0.9745,0
participant 1 alone,284,1,left_hand,0.1999,0
participant 1 alone,285,1,left_hand,0.0069,0
participant 1 alone,286,1,right_hand,0.214,0
participant 1 alone,287,1,left_hand,0.012,0
participant 2 alone,432,2,left_hand,0.061,0
participant 2 alone,433,2,right_hand,0.0709,0
participant 2 alone,434,2,right_hand,0.2305,0
participant 2 alone,435,2,left_hand,0.8843,0
participant 2 alone,436,2,right_hand,0.0238,0
participant 2 alone,437,2,left_hand,0.5151,0
participant 2 alone,438,2,right_hand,0.678,0
participant 2 alone,439,2,right_hand,0.251,0
participant 2 alone,440,2,left_hand,0.969,0
participant 2 alone,441,2,right_hand,0.9622,0
participant 2 alone,442,2,left_hand,0.0324,0
participant 2 alone,443,2,left_hand,0.3521,0
participant 2 alone,444,2,right_hand,0.3328,0
participant 2 alone,445,2,left_hand,0.561,0
participant 2 alone,446,2,left_hand,0.0329,0
participant 2 alone,447,2,left_hand,0.0208,0
participant 2 alone,448,2,left_hand,0.4144,0
participant 2 alone,449,2,right_hand,0.3956,0
participant 2 alone,450,2,left_hand,0.0832,0
participant 2 alone,451,2,right_hand,0.0624,0
participant 2 alone,452,2,right_hand,0.9505,0
participant 2 alone,453,2,left_hand,0.1201,0
participant 2 alone,454,2,right_hand,0.4786,0
participant 2 alone,455,2,right_hand,0.9631,0
participant 2 alone,456,2,right_hand,0.1301,0
participant 2 alone,457,2,left_hand,0.0237,0
participant 2 alone,458,2,left_hand,0.0237,0
participant 2 alone,459,2,right_hand,0.05,0
participant 2 alone,460,2,right_hand,0.2472,0
participant 2 alone,461,2,left_hand,0.0756,0
participant 2 alone,462,2,left_hand,0.2946,0
participant 2 alone,463,2,left_hand,0.2073,0
participant 2 alone,464,2,right_hand,0.4402,0
participant 2 alone,465,2,right_hand,0.0053,0
participant 2 alone,466,2,left_hand,0.0231,0
participant 2 alone,467,2,left_hand,0.0069,0
participant 2 alone,468,2,left_hand,0.0159,0
participant 2 alone,469,2,right_hand,0.2113,0
participant 2 alone,470,2,left_hand,0.0369,0
participant 2 alone,471,2,right_hand,0.4603,0
participant 2 alone,472,2,right_hand,0.1129,0
participant 2 alone,473,2,left_hand,0.0168,0
participant 2 alone,474,2,right_hand,0.2784,0
participant 2 alone,475,2,left_hand,0.0998,0
participant 2 alone,476,2,right_hand,0.8411,0
participant 2 alone,477,2,right_hand,0.2077,0
participant 2 alone,478,2,right_hand,0.1342,0
participant 2 alone,479,2,left_hand,0.1789,0
participant 2 alone,480,2,left_hand,0.0887,0
participant 2 alone,481,2,left_hand,0.0048,0
participant 2 alone,482,2,right_hand,0.0339,0
participant 2 alone,483,2,left_hand,0.1014,0
participant 2 alone,484,2,left_hand,0.2347,0
participant 2 alone,485,2,right_hand,0.0376,0
participant 2 alone,486,2,left_hand,0.4832,0
participant 2 alone,487,2,left_hand,0.4751,0
participant 2 alone,488,2,right_hand,0.0226,0
participant 2 alone,489,2,left_hand,0.0905,0
participant 2 alone,490,2,right_hand,0.0566,0
participant 2 alone,491,2,right_hand,0.0105,0
participant 2 alone,492,2,left_hand,0.1993,0
participant 2 alone,493,2,right_hand,0.1478,0
participant 2 alone,494,2,left_hand,0.8866,0
participant 2 alone,495,2,left_hand,0.0919,0
participant 2 alone,496,2,right_hand,0.0282,0
participant 2 alone,497,2,left_hand,0.0122,0
participant 2 alone,498,2,right_hand,0.5146,0
participant 2 alone,499,2,right_hand,0.5288,0
participant 2 alone,500,2,right_hand,0.6588,0
participant 2 alone,501,2,right_hand,0.1234,0
participant 2 alone,502,2,right_hand,0.229,0
participant 2 alone,503,2,left_hand,0.431,0
participant 2 alone,504,2,right_hand,0.1434,0
participant 2 alone,505,2,left_hand,0.2756,0
participant 2 alone,506,2,left_hand,0.0117,0
participant 2 alone,507,2,left_hand,0.0248,0
participant 2 alone,508,2,right_hand,0.6433,0
participant 2 alone,509,2,right_hand,0.1019,0
participant 2 alone,510,2,left_hand,0.0069,0
participant 2 alone,511,2,right_hand,0.6423,0
participant 2 alone,512,2,left_hand,0.0523,0
participant 2 alone,513,2,right_hand,0.0689,0
participant 2 alone,514,2,left_hand,0.347,0
participant 2 alone,515,2,right_hand,0.8332,0
participant 2 alone,516,2,right_hand,0.6227,0
participant 2 alone,517,2,right_hand,0.0036,0
participant 2 alone,518,2,left_hand,0.9627,0
participant 2 alone,519,2,left_hand,0.1599,0
participant 2 alone,520,2,right_hand,0.1694,0
participant 2 alone,521,2,left_hand,0.302,0
participant 2 alone,522,2,right_hand,0.2478,0
participant 2 alone,523,2,right_hand,0.4343,0
participant 2 alone,524,2,left_hand,0.7909,0
participant 2 alone,525,2,left_hand,0.0514,0
participant 2 alone,526,2,right_hand,0.4948,0
participant 2 alone,527,2,left_hand,0.9737,0
participant 2 alone,528,2,right_hand,0.1708,0
participant 2 alone,529,2,left_hand,0.2588,0
participant 2 alone,530,2,left_hand,0.0271,0
participant 2 alone,531,2,right_hand,0.0296,0
participant 2 alone,532,2,left_hand,0.2224,0
participant 2 alone,533,2,left_hand,0.0458,0
participant 2 alone,534,2,left_hand,0.8575,0
participant 2 alone,535,2,right_hand,0.0082,0
participant 2 alone,536,2,right_hand,0.5039,0
participant 2 alone,537,2,right_hand,0.0376,0
participant 2 alone,538,2,right_hand,0.1249,0
participant 2 alone,539,2,left_hand,0.1184,0
participant 2 alone,540,2,right_hand,0.1774,0
participant 2 alone,541,2,right_hand,0.0493,0
participant 2 alone,542,2,right_hand,0.1884,0
participant 2 alone,543,2,left_hand,0.0029,0
participant 2 alone,544,2,left_hand,0.0414,0
participant 2 alone,545,2,left_hand,0.9708,0
participant 2 alone,546,2,left_hand,0.5614,0
participant 2 alone,547,2,left_hand,0.6596,0
participant 2 alone,548,2,right_hand,0.0241,0
participant 2 alone,549,2,left_hand,0.5304,0
participant 2 alone,550,2,right_hand,0.4925,0
participant 2 alone,551,2,right_hand,0.2511,0
participant 2 alone,552,2,left_hand,0.0105,0
participant 2 alone,553,2,right_hand,0.1427,0
participant 2 alone,554,2,left_hand,0.3917,0
participant 2 alone,555,2,left_hand,0.2967,0
participant 2 alone,556,2,right_hand,0.6559,0
participant 2 alone,557,2,right_hand,0.586,0
participant 2 alone,558,2,right_hand,0.5271,0
participant 2 alone,559,2,left_hand,0.3778,0
participant 2 alone,560,2,right_hand,0.2353,0
participant 2 alone,561,2,right_hand,0.3337,0
participant 2 alone,562,2,right_hand,0.5923,0
participant 2 alone,563,2,right_hand,0.0781,0
participant 2 alone,564,2,right_hand,0.9079,0
participant 2 alone,565,2,left_hand,0.8912,0
participant 2 alone,566,2,right_hand,0.7845,0
participant 2 alone,567,2,right_hand,0.9082,0
participant 2 alone,568,2,left_hand,0.4974,0
participant 2 alone,569,2,left_hand,0.4637,0
participant 2 alone,570,2,left_hand,0.4408,0
participant 2 alone,571,2,left_hand,0.1726,0
participant 2 alone,572,2,left_hand,0.6548,0
participant 2 alone,573,2,left_hand,0.1692,0
participant 2 alone,574,2,right_hand,0.2973,0
participant 2 alone,575,2,left_hand,0.2494,0
participant 3 alone,720,3,left_hand,0.8005,0
participant 3 alone,721,3,right_hand,0.9994,0
participant 3 alone,722,3,right_hand,0.9311,0
participant 3 alone,723,3,left_hand,0.6739,0
participant 3 alone,724,3,right_hand,0.9994,0
participant 3 alone,725,3,left_hand,0.0208,0
participant 3 alone,726,3,right_hand,0.5735,0
participant 3 alone,727,3,right_hand,0.8462,0
participant 3 alone,728,3,left_hand,0.0003,0
participant 3 alone,729,3,right_hand,0.9818,0
participant 3 alone,730,3,left_hand,0.2916,0
participant 3 alone,731,3,left_hand,0.0095,0
participant 3 alone,732,3,right_hand,0.9973,0
participant 3 alone,733,3,left_hand,0.0008,0
participant 3 alone,734,3,left_hand,0.2683,0
participant 3 alone,735,3,left_hand,0.9008,0
participant 3 alone,736,3,left_hand,0.801,0
participant 3 alone,737,3,right_hand,0.9934,0
participant 3 alone,738,3,left_hand,0.0034,0
participant 3 alone,739,3,right_hand,0.9081,0
participant 3 alone,740,3,right_hand,0.9905,0
participant 3 alone,741,3,left_hand,0.0044,0
participant 3 alone,742,3,right_hand,0.9998,0
participant 3 alone,743,3,right_hand,0.8816,0
participant 3 alone,744,3,right_hand,0.9348,0
participant 3 alone,745,3,left_hand,0.0007,0
participant 3 alone,746,3,left_hand,0.2054,0
participant 3 alone,747,3,right_hand,0.9946,0
participant 3 alone,748,3,right_hand,0.9936,0
participant 3 alone,749,3,left_hand,0.0259,0
participant 3 alone,750,3,left_hand,0.0073,0
participant 3 alone,751,3,left_hand,0.0052,0
participant 3 alone,752,3,right_hand,0.9997,0
participant 3 alone,753,3,right_hand,0.9992,0
participant 3 alone,754,3,left_hand,0.0018,0
participant 3 alone,755,3,left_hand,0.0006,0
participant 3 alone,756,3,left_hand,0.2248,0
participant 3 alone,757,3,right_hand,0.9999,0
participant 3 alone,758,3,left_hand,0.0012,0
participant 3 alone,759,3,right_hand,0.961,0
participant 3 alone,760,3,right_hand,0.9806,0
participant 3 alone,761,3,left_hand,0.0001,0
participant 3 alone,762,3,right_hand,0.9989,0
participant 3 alone,763,3,left_hand,0.0639,0
participant 3 alone,764,3,right_hand,0.9667,0
participant 3 alone,765,3,right_hand,0.9882,0
participant 3 alone,766,3,right_hand,0.9454,0
participant 3 alone,767,3,left_hand,0.0052,0
participant 3 alone,768,3,left_hand,0.0003,0
participant 3 alone,769,3,left_hand,0.0004,0
participant 3 alone,770,3,right_hand,0.9956,0
participant 3 alone,771,3,left_hand,0.0005,0
participant 3 alone,772,3,left_hand,0.0008,0
participant 3 alone,773,3,right_hand,0.9985,0
participant 3 alone,774,3,left_hand,0.0376,0
participant 3 alone,775,3,left_hand,0.0036,0
participant 3 alone,776,3,right_hand,0.9998,0
participant 3 alone,777,3,left_hand,0.0112,0
participant 3 alone,778,3,right_hand,0.9999,0
participant 3 alone,779,3,right_hand,0.9991,0
participant 3 alone,780,3,left_hand,0.8988,0
participant 3 alone,781,3,right_hand,0.9759,0
participant 3 alone,782,3,left_hand,0.0001,0
participant 3 alone,783,3,left_hand,0.0013,0
participant 3 alone,784,3,right_hand,0.9845,0
participant 3 alone,785,3,left_hand,0.0364,0
participant 3 alone,786,3,right_hand,0.9992,0
participant 3 alone,787,3,right_hand,0.9996,0
participant 3 alone,788,3,right_hand,0.9997,0
participant 3 alone,789,3,right_hand,1.0,0
participant 3 alone,790,3,right_hand,0.9999,0
participant 3 alone,791,3,left_hand,0.6584,0
participant 3 alone,792,3,right_hand,0.8786,0
participant 3 alone,793,3,left_hand,0.011,0
participant 3 alone,794,3,left_hand,0.8597,0
participant 3 alone,795,3,left_hand,0.6265,0
participant 3 alone,796,3,right_hand,0.9994,0
participant 3 alone,797,3,right_hand,0.9986,0
participant 3 alone,798,3,left_hand,0.0157,0
participant 3 alone,799,3,right_hand,0.9842,0
participant 3 alone,800,3,left_hand,0.0751,0
participant 3 alone,801,3,right_hand,0.9963,0
participant 3 alone,802,3,left_hand,0.3952,0
participant 3 alone,803,3,right_hand,0.9989,0
participant 3 alone,804,3,right_hand,0.9982,0
participant 3 alone,805,3,right_hand,0.9974,0
participant 3 alone,806,3,left_hand,0.0087,0
participant 3 alone,807,3,left_hand,0.0143,0
participant 3 alone,808,3,right_hand,0.999,0
participant 3 alone,809,3,left_hand,0.2023,0
participant 3 alone,810,3,right_hand,0.9517,0
participant 3 alone,811,3,right_hand,0.9998,0
participant 3 alone,812,3,left_hand,0.0084,0
participant 3 alone,813,3,left_hand,0.0016,0
participant 3 alone,814,3,right_hand,0.9998,0
participant 3 alone,815,3,left_hand,0.0008,0
participant 3 alone,816,3,right_hand,0.8219,0
participant 3 alone,817,3,left_hand,0.0014,0
participant 3 alone,818,3,left_hand,0.0041,0
participant 3 alone,819,3,right_hand,1.0,0
participant 3 alone,820,3,left_hand,0.994,0
participant 3 alone,821,3,left_hand,0.0005,0
participant 3 alone,822,3,left_hand,0.1425,0
participant 3 alone,823,3,right_hand,0.9997,0
participant 3 alone,824,3,right_hand,0.9998,0
participant 3 alone,825,3,right_hand,0.9999,0
participant 3 alone,826,3,right_hand,0.9992,0
participant 3 alone,827,3,left_hand,0.0376,0
participant 3 alone,828,3,right_hand,0.9999,0
participant 3 alone,829,3,right_hand,0.9996,0
participant 3 alone,830,3,right_hand,0.9969,0
participant 3 alone,831,3,left_hand,0.0066,0
participant 3 alone,832,3,left_hand,0.0408,0
participant 3 alone,833,3,left_hand,0.9898,0
participant 3 alone,834,3,left_hand,0.0506,0
participant 3 alone,835,3,left_hand,0.6867,0
participant 3 alone,836,3,right_hand,0.9974,0
participant 3 alone,837,3,left_hand,0.0014,0
participant 3 alone,838,3,right_hand,0.9993,0
participant 3 alone,839,3,right_hand,0.9904,0
participant 3 alone,840,3,left_hand,0.3169,0
participant 3 alone,841,3,right_hand,0.9868,0
participant 3 alone,842,3,left_hand,0.0027,0
participant 3 alone,843,3,left_hand,0.0022,0
participant 3 alone,844,3,right_hand,0.9222,0
participant 3 alone,845,3,right_hand,0.714,0
participant 3 alone,846,3,right_hand,0.9705,0
participant 3 alone,847,3,left_hand,0.0002,0
participant 3 alone,848,3,right_hand,0.4995,0
participant 3 alone,849,3,right_hand,0.9997,0
participant 3 alone,850,3,right_hand,0.9248,0
participant 3 alone,851,3,right_hand,1.0,0
participant 3 alone,852,3,right_hand,0.6288,0
participant 3 alone,853,3,left_hand,0.0023,0
participant 3 alone,854,3,right_hand,0.99,0
participant 3 alone,855,3,right_hand,0.5566,0
participant 3 alone,856,3,left_hand,0.122,0
participant 3 alone,857,3,left_hand,0.0019,0
participant 3 alone,858,3,left_hand,0.9764,0
participant 3 alone,859,3,left_hand,0.0004,0
participant 3 alone,860,3,left_hand,0.0006,0
participant 3 alone,861,3,left_hand,0.0194,0
participant 3 alone,862,3,right_hand,0.9981,0
participant 3 alone,863,3,left_hand,0.1974,0
participant 4 alone,1008,4,right_hand,0.8658,0
participant 4 alone,1009,4,left_hand,0.0809,0
participant 4 alone,1010,4,left_hand,0.0173,0
participant 4 alone,1011,4,right_hand,0.8133,0
participant 4 alone,1012,4,right_hand,0.552,0
participant 4 alone,1013,4,left_hand,0.0226,0
participant 4 alone,1014,4,left_hand,0.9519,0
participant 4 alone,1015,4,left_hand,0.4515,0
participant 4 alone,1016,4,right_hand,0.208,0
participant 4 alone,1017,4,right_hand,0.8497,0
participant 4 alone,1018,4,left_hand,0.9002,0
participant 4 alone,1019,4,left_hand,0.4782,0
participant 4 alone,1020,4,left_hand,0.9727,0
participant 4 alone,1021,4,right_hand,0.6287,0
participant 4 alone,1022,4,left_hand,0.0655,0
participant 4 alone,1023,4,right_hand,0.9779,0
participant 4 alone,1024,4,right_hand,0.1166,0
participant 4 alone,1025,4,left_hand,0.2366,0
participant 4 alone,1026,4,right_hand,0.7721,0
participant 4 alone,1027,4,left_hand,0.5926,0
participant 4 alone,1028,4,right_hand,0.1467,0
participant 4 alone,1029,4,right_hand,0.5437,0
participant 4 alone,1030,4,right_hand,0.7165,0
participant 4 alone,1031,4,left_hand,0.0043,0
participant 4 alone,1032,4,left_hand,0.2403,0
participant 4 alone,1033,4,left_hand,0.0247,0
participant 4 alone,1034,4,right_hand,0.9058,0
participant 4 alone,1035,4,left_hand,0.686,0
participant 4 alone,1036,4,left_hand,0.1411,0
participant 4 alone,1037,4,right_hand,0.6907,0
participant 4 alone,1038,4,left_hand,0.7041,0
participant 4 alone,1039,4,left_hand,0.1157,0
participant 4 alone,1040,4,right_hand,0.2597,0
participant 4 alone,1041,4,left_hand,0.0046,0
participant 4 alone,1042,4,right_hand,0.9905,0
participant 4 alone,1043,4,right_hand,0.9257,0
participant 4 alone,1044,4,left_hand,0.2948,0
participant 4 alone,1045,4,right_hand,0.2305,0
participant 4 alone,1046,4,left_hand,0.0804,0
participant 4 alone,1047,4,left_hand,0.7372,0
participant 4 alone,1048,4,right_hand,0.2355,0
participant 4 alone,1049,4,left_hand,0.7482,0
participant 4 alone,1050,4,right_hand,0.896,0
participant 4 alone,1051,4,right_hand,0.3104,0
participant 4 alone,1052,4,right_hand,0.3234,0
participant 4 alone,1053,4,right_hand,0.0208,0
participant 4 alone,1054,4,right_hand,0.0423,0
participant 4 alone,1055,4,left_hand,0.3803,0
participant 4 alone,1056,4,right_hand,0.1403,0
participant 4 alone,1057,4,left_hand,0.2717,0
participant 4 alone,1058,4,left_hand,0.2151,0
participant 4 alone,1059,4,left_hand,0.0508,0
participant 4 alone,1060,4,right_hand,0.9913,0
participant 4 alone,1061,4,right_hand,0.4045,0
participant 4 alone,1062,4,left_hand,0.1646,0
participant 4 alone,1063,4,right_hand,0.3765,0
participant 4 alone,1064,4,left_hand,0.502,0
participant 4 alone,1065,4,right_hand,0.5173,0
participant 4 alone,1066,4,left_hand,0.735,0
participant 4 alone,1067,4,right_hand,0.0322,0
participant 4 alone,1068,4,right_hand,0.9214,0
participant 4 alone,1069,4,right_hand,0.586,0
participant 4 alone,1070,4,left_hand,0.0528,0
participant 4 alone,1071,4,left_hand,0.8114,0
participant 4 alone,1072,4,right_hand,0.056,0
participant 4 alone,1073,4,left_hand,0.0072,0
participant 4 alone,1074,4,right_hand,0.8127,0
participant 4 alone,1075,4,right_hand,0.8356,0
participant 4 alone,1076,4,left_hand,0.5432,0
participant 4 alone,1077,4,left_hand,0.5816,0
participant 4 alone,1078,4,right_hand,0.4952,0
participant 4 alone,1079,4,left_hand,0.8611,0
participant 4 alone,1080,4,right_hand,0.8832,0
participant 4 alone,1081,4,left_hand,0.0478,0
participant 4 alone,1082,4,left_hand,0.4688,0
participant 4 alone,1083,4,right_hand,0.2037,0
participant 4 alone,1084,4,left_hand,0.2596,0
participant 4 alone,1085,4,left_hand,0.8411,0
participant 4 alone,1086,4,left_hand,0.0513,0
participant 4 alone,1087,4,right_hand,0.5333,0
participant 4 alone,1088,4,right_hand,0.7692,0
participant 4 alone,1089,4,right_hand,0.7483,0
participant 4 alone,1090,4,right_hand,0.8484,0
participant 4 alone,1091,4,left_hand,0.1071,0
participant 4 alone,1092,4,right_hand,0.6153,0
participant 4 alone,1093,4,right_hand,0.9078,0
participant 4 alone,1094,4,right_hand,0.9722,0
participant 4 alone,1095,4,left_hand,0.0176,0
participant 4 alone,1096,4,left_hand,0.6508,0
participant 4 alone,1097,4,left_hand,0.1025,0
participant 4 alone,1098,4,left_hand,0.2789,0
participant 4 alone,1099,4,left_hand,0.9287,0
participant 4 alone,1100,4,right_hand,0.9531,0
participant 4 alone,1101,4,left_hand,0.956,0
participant 4 alone,1102,4,right_hand,0.7491,0
participant 4 alone,1103,4,right_hand,0.1228,0
participant 4 alone,1104,4,left_hand,0.2039,0
participant 4 alone,1105,4,right_hand,0.0362,0
participant 4 alone,1106,4,left_hand,0.5196,0
participant 4 alone,1107,4,left_hand,0.1021,0
participant 4 alone,1108,4,right_hand,0.5533,0
participant 4 alone,1109,4,right_hand,0.2444,0
participant 4 alone,1110,4,right_hand,0.5977,0
participant 4 alone,1111,4,left_hand,0.5147,0
participant 4 alone,1112,4,right_hand,0.623,0
participant 4 alone,1113,4,right_hand,0.7611,0
participant 4 alone,1114,4,right_hand,0.986,0
participant 4 alone,1115,4,right_hand,0.9421,0
participant 4 alone,1116,4,right_hand,0.0207,0
participant 4 alone,1117,4,left_hand,0.0149,0
participant 4 alone,1118,4,right_hand,0.9586,0
participant 4 alone,1119,4,right_hand,0.6675,0
participant 4 alone,1120,4,left_hand,0.9897,0
participant 4 alone,1121,4,left_hand,0.941,0
participant 4 alone,1122,4,left_hand,0.1835,0
participant 4 alone,1123,4,left_hand,0.5985,0
participant 4 alone,1124,4,left_hand,0.5622,0
participant 4 alone,1125,4,left_hand,0.9287,0
participant 4 alone,1126,4,right_hand,0.8577,0
participant 4 alone,1127,4,left_hand,0.8762,0
participant 4 alone,1128,4,left_hand,0.0159,0
participant 4 alone,1129,4,right_hand,0.5642,0
participant 4 alone,1130,4,right_hand,0.846,0
participant 4 alone,1131,4,left_hand,0.2295,0
participant 4 alone,1132,4,right_hand,0.115,0
participant 4 alone,1133,4,right_hand,0.9217,0
participant 4 alone,1134,4,right_hand,0.0748,0
participant 4 alone,1135,4,right_hand,0.4198,0
participant 4 alone,1136,4,right_hand,0.8057,0
participant 4 alone,1137,4,left_hand,0.0805,0
participant 4 alone,1138,4,left_hand,0.0257,0
participant 4 alone,1139,4,left_hand,0.3413,0
participant 4 alone,1140,4,left_hand,0.9431,0
participant 4 alone,1141,4,right_hand,0.9082,0
participant 4 alone,1142,4,right_hand,0.6339,0
participant 4 alone,1143,4,left_hand,0.0843,0
participant 4 alone,1144,4,left_hand,0.7849,0
participant 4 alone,1145,4,left_hand,0.6919,0
participant 4 alone,1146,4,right_hand,0.2969,0
participant 4 alone,1147,4,right_hand,0.5864,0
participant 4 alone,1148,4,left_hand,0.3378,0
participant 4 alone,1149,4,left_hand,0.0359,0
participant 4 alone,1150,4,right_hand,0.7975,0
participant 4 alone,1151,4,left_hand,0.2579,0
participant 5 alone,1296,5,left_hand,0.3981,0
participant 5 alone,1297,5,right_hand,0.5334,0
participant 5 alone,1298,5,right_hand,0.6071,0
participant 5 alone,1299,5,left_hand,0.0564,0
participant 5 alone,1300,5,right_hand,0.9858,0
participant 5 alone,1301,5,left_hand,0.1235,0
participant 5 alone,1302,5,right_hand,0.4803,0
participant 5 alone,1303,5,right_hand,0.6317,0
participant 5 alone,1304,5,left_hand,0.6288,0
participant 5 alone,1305,5,right_hand,0.5115,0
participant 5 alone,1306,5,left_hand,0.0432,0
participant 5 alone,1307,5,left_hand,0.5464,0
participant 5 alone,1308,5,right_hand,0.9373,0
participant 5 alone,1309,5,left_hand,0.2293,0
participant 5 alone,1310,5,left_hand,0.4524,0
participant 5 alone,1311,5,left_hand,0.5713,0
participant 5 alone,1312,5,left_hand,0.3381,0
participant 5 alone,1313,5,right_hand,0.1855,0
participant 5 alone,1314,5,left_hand,0.3158,0
participant 5 alone,1315,5,right_hand,0.6784,0
participant 5 alone,1316,5,right_hand,0.3962,0
participant 5 alone,1317,5,left_hand,0.3219,0
participant 5 alone,1318,5,right_hand,0.7487,0
participant 5 alone,1319,5,right_hand,0.9133,0
participant 5 alone,1320,5,right_hand,0.7062,0
participant 5 alone,1321,5,left_hand,0.0294,0
participant 5 alone,1322,5,left_hand,0.0316,0
participant 5 alone,1323,5,right_hand,0.9332,0
participant 5 alone,1324,5,right_hand,0.2079,0
participant 5 alone,1325,5,left_hand,0.9316,0
participant 5 alone,1326,5,left_hand,0.975,0
participant 5 alone,1327,5,left_hand,0.3549,0
participant 5 alone,1328,5,right_hand,0.9795,0
participant 5 alone,1329,5,right_hand,0.9839,0
participant 5 alone,1330,5,left_hand,0.5566,0
participant 5 alone,1331,5,left_hand,0.5228,0
participant 5 alone,1332,5,left_hand,0.0804,0
participant 5 alone,1333,5,right_hand,0.6339,0
participant 5 alone,1334,5,left_hand,0.4077,0
participant 5 alone,1335,5,right_hand,0.654,0
participant 5 alone,1336,5,right_hand,0.8069,0
participant 5 alone,1337,5,left_hand,0.1477,0
participant 5 alone,1338,5,right_hand,0.6039,0
participant 5 alone,1339,5,left_hand,0.9597,0
participant 5 alone,1340,5,right_hand,0.93,0
participant 5 alone,1341,5,right_hand,0.8886,0
participant 5 alone,1342,5,right_hand,0.8945,0
participant 5 alone,1343,5,left_hand,0.1822,0
participant 5 alone,1344,5,left_hand,0.1056,0
participant 5 alone,1345,5,left_hand,0.6772,0
participant 5 alone,1346,5,right_hand,0.9842,0
participant 5 alone,1347,5,left_hand,0.0688,0
participant 5 alone,1348,5,left_hand,0.0399,0
participant 5 alone,1349,5,right_hand,0.0665,0
participant 5 alone,1350,5,left_hand,0.2447,0
participant 5 alone,1351,5,left_hand,0.1794,0
participant 5 alone,1352,5,right_hand,0.6715,0
participant 5 alone,1353,5,left_hand,0.0133,0
participant 5 alone,1354,5,right_hand,0.0676,0
participant 5 alone,1355,5,right_hand,0.0681,0
participant 5 alone,1356,5,left_hand,0.0758,0
participant 5 alone,1357,5,right_hand,0.9251,0
participant 5 alone,1358,5,left_hand,0.7055,0
participant 5 alone,1359,5,left_hand,0.2281,0
participant 5 alone,1360,5,right_hand,0.8082,0
participant 5 alone,1361,5,left_hand,0.2678,0
participant 5 alone,1362,5,right_hand,0.9322,0
participant 5 alone,1363,5,right_hand,0.7524,0
participant 5 alone,1364,5,right_hand,0.0475,0
participant 5 alone,1365,5,right_hand,0.4535,0
participant 5 alone,1366,5,right_hand,0.464,0
participant 5 alone,1367,5,left_hand,0.0618,0
participant 5 alone,1368,5,right_hand,0.1702,0
participant 5 alone,1369,5,left_hand,0.2245,0
participant 5 alone,1370,5,left_hand,0.3057,0
participant 5 alone,1371,5,left_hand,0.0257,0
participant 5 alone,1372,5,right_hand,0.4568,0
participant 5 alone,1373,5,right_hand,0.6004,0
participant 5 alone,1374,5,left_hand,0.1958,0
participant 5 alone,1375,5,right_hand,0.2775,0
participant 5 alone,1376,5,left_hand,0.4252,0
participant 5 alone,1377,5,right_hand,0.9348,0
participant 5 alone,1378,5,left_hand,0.1111,0
participant 5 alone,1379,5,right_hand,0.9176,0
participant 5 alone,1380,5,right_hand,0.9853,0
participant 5 alone,1381,5,right_hand,0.999,0
participant 5 alone,1382,5,left_hand,0.1879,0
participant 5 alone,1383,5,left_hand,0.351,0
participant 5 alone,1384,5,right_hand,0.9567,0
participant 5 alone,1385,5,left_hand,0.4482,0
participant 5 alone,1386,5,right_hand,0.8968,0
participant 5 alone,1387,5,right_hand,0.8663,0
participant 5 alone,1388,5,left_hand,0.0261,0
participant 5 alone,1389,5,left_hand,0.0895,0
participant 5 alone,1390,5,right_hand,0.9916,0
participant 5 alone,1391,5,left_hand,0.5337,0
participant 5 alone,1392,5,right_hand,0.1806,0
participant 5 alone,1393,5,left_hand,0.2093,0
participant 5 alone,1394,5,left_hand,0.0851,0
participant 5 alone,1395,5,right_hand,0.6111,0
participant 5 alone,1396,5,left_hand,0.7151,0
participant 5 alone,1397,5,left_hand,0.708,0
participant 5 alone,1398,5,left_hand,0.2615,0
participant 5 alone,1399,5,right_hand,0.2401,0
participant 5 alone,1400,5,right_hand,0.6915,0
participant 5 alone,1401,5,right_hand,0.886,0
participant 5 alone,1402,5,right_hand,0.7574,0
participant 5 alone,1403,5,left_hand,0.6068,0
participant 5 alone,1404,5,right_hand,0.6682,0
participant 5 alone,1405,5,right_hand,0.9798,0
participant 5 alone,1406,5,right_hand,0.3532,0
participant 5 alone,1407,5,left_hand,0.6024,0
participant 5 alone,1408,5,left_hand,0.0211,0
participant 5 alone,1409,5,left_hand,0.8524,0
participant 5 alone,1410,5,left_hand,0.0518,0
participant 5 alone,1411,5,left_hand,0.0476,0
participant 5 alone,1412,5,right_hand,0.6223,0
participant 5 alone,1413,5,left_hand,0.4177,0
participant 5 alone,1414,5,right_hand,0.689,0
participant 5 alone,1415,5,right_hand,0.2889,0
participant 5 alone,1416,5,left_hand,0.0803,0
participant 5 alone,1417,5,right_hand,0.9031,0
participant 5 alone,1418,5,left_hand,0.1752,0
participant 5 alone,1419,5,left_hand,0.0021,0
participant 5 alone,1420,5,right_hand,0.7447,0
participant 5 alone,1421,5,right_hand,0.7159,0
participant 5 alone,1422,5,right_hand,0.5919,0
participant 5 alone,1423,5,left_hand,0.2427,0
participant 5 alone,1424,5,right_hand,0.8077,0
participant 5 alone,1425,5,right_hand,0.9898,0
participant 5 alone,1426,5,right_hand,0.8783,0
participant 5 alone,1427,5,right_hand,0.9607,0
participant 5 alone,1428,5,right_hand,0.9959,0
participant 5 alone,1429,5,left_hand,0.0436,0
participant 5 alone,1430,5,right_hand,0.1962,0
participant 5 alone,1431,5,right_hand,0.9659,0
participant 5 alone,1432,5,left_hand,0.8717,0
participant 5 alone,1433,5,left_hand,0.0194,0
participant 5 alone,1434,5,left_hand,0.1459,0
participant 5 alone,1435,5,left_hand,0.3798,0
participant 5 alone,1436,5,left_hand,0.5838,0
participant 5 alone,1437,5,left_hand,0.0628,0
participant 5 alone,1438,5,right_hand,0.9965,0
participant 5 alone,1439,5,left_hand,0.1098,0
participant 6 alone,1584,6,left_hand,0.1929,0
participant 6 alone,1585,6,right_hand,0.3886,0
participant 6 alone,1586,6,right_hand,0.4082,0
participant 6 alone,1587,6,left_hand,0.0501,0
participant 6 alone,1588,6,right_hand,0.916,0
participant 6 alone,1589,6,left_hand,0.2213,0
participant 6 alone,1590,6,right_hand,0.7716,0
participant 6 alone,1591,6,right_hand,0.3896,0
participant 6 alone,1592,6,left_hand,0.6888,0
participant 6 alone,1593,6,right_hand,0.8619,0
participant 6 alone,1594,6,left_hand,0.9227,0
participant 6 alone,1595,6,left_hand,0.7442,0
participant 6 alone,1596,6,right_hand,0.93,0
participant 6 alone,1597,6,left_hand,0.2757,0
participant 6 alone,1598,6,left_hand,0.9177,0
participant 6 alone,1599,6,left_hand,0.8896,0
participant 6 alone,1600,6,left_hand,0.8284,0
participant 6 alone,1601,6,right_hand,0.9695,0
participant 6 alone,1602,6,left_hand,0.1133,0
participant 6 alone,1603,6,right_hand,0.0922,0
participant 6 alone,1604,6,right_hand,0.6461,0
participant 6 alone,1605,6,left_hand,0.7367,0
participant 6 alone,1606,6,right_hand,0.9833,0
participant 6 alone,1607,6,right_hand,0.7973,0
participant 6 alone,1608,6,right_hand,0.6956,0
participant 6 alone,1609,6,left_hand,0.8025,0
participant 6 alone,1610,6,left_hand,0.2614,0
participant 6 alone,1611,6,right_hand,0.6484,0
participant 6 alone,1612,6,right_hand,0.3874,0
participant 6 alone,1613,6,left_hand,0.0919,0
participant 6 alone,1614,6,left_hand,0.3079,0
participant 6 alone,1615,6,left_hand,0.0463,0
participant 6 alone,1616,6,right_hand,0.0622,0
participant 6 alone,1617,6,right_hand,0.466,0
participant 6 alone,1618,6,left_hand,0.0918,0
participant 6 alone,1619,6,left_hand,0.1695,0
participant 6 alone,1620,6,left_hand,0.0214,0
participant 6 alone,1621,6,right_hand,0.968,0
participant 6 alone,1622,6,left_hand,0.2379,0
participant 6 alone,1623,6,right_hand,0.5541,0
participant 6 alone,1624,6,right_hand,0.8466,0
participant 6 alone,1625,6,left_hand,0.5515,0
participant 6 alone,1626,6,right_hand,0.0104,0
participant 6 alone,1627,6,left_hand,0.3336,0
participant 6 alone,1628,6,right_hand,0.9409,0
participant 6 alone,1629,6,right_hand,0.726,0
participant 6 alone,1630,6,right_hand,0.9617,0
participant 6 alone,1631,6,left_hand,0.2905,0
participant 6 alone,1632,6,left_hand,0.1842,0
participant 6 alone,1633,6,left_hand,0.3135,0
participant 6 alone,1634,6,right_hand,0.9943,0
participant 6 alone,1635,6,left_hand,0.9932,0
participant 6 alone,1636,6,left_hand,0.0206,0
participant 6 alone,1637,6,right_hand,0.5851,0
participant 6 alone,1638,6,left_hand,0.0113,0
participant 6 alone,1639,6,left_hand,0.0049,0
participant 6 alone,1640,6,right_hand,0.922,0
participant 6 alone,1641,6,left_hand,0.5573,0
participant 6 alone,1642,6,right_hand,0.3345,0
participant 6 alone,1643,6,right_hand,0.7654,0
participant 6 alone,1644,6,left_hand,0.3014,0
participant 6 alone,1645,6,right_hand,0.3148,0
participant 6 alone,1646,6,left_hand,0.9362,0
participant 6 alone,1647,6,left_hand,0.7223,0
participant 6 alone,1648,6,right_hand,0.7644,0
participant 6 alone,1649,6,left_hand,0.394,0
participant 6 alone,1650,6,right_hand,0.3701,0
participant 6 alone,1651,6,right_hand,0.9009,0
participant 6 alone,1652,6,right_hand,0.6531,0
participant 6 alone,1653,6,right_hand,0.9453,0
participant 6 alone,1654,6,right_hand,0.3935,0
participant 6 alone,1655,6,left_hand,0.6038,0
participant 6 alone,1656,6,right_hand,0.6976,0
participant 6 alone,1657,6,left_hand,0.8586,0
participant 6 alone,1658,6,left_hand,0.9977,0
participant 6 alone,1659,6,left_hand,0.8096,0
participant 6 alone,1660,6,right_hand,0.9436,0
participant 6 alone,1661,6,right_hand,0.954,0
participant 6 alone,1662,6,left_hand,0.1514,0
participant 6 alone,1663,6,right_hand,0.9875,0
participant 6 alone,1664,6,left_hand,0.5538,0
participant 6 alone,1665,6,right_hand,0.8832,0
participant 6 alone,1666,6,left_hand,0.3072,0
participant 6 alone,1667,6,right_hand,0.5308,0
participant 6 alone,1668,6,right_hand,0.9201,0
participant 6 alone,1669,6,right_hand,0.0213,0
participant 6 alone,1670,6,left_hand,0.1106,0
participant 6 alone,1671,6,left_hand,0.9628,0
participant 6 alone,1672,6,right_hand,0.9209,0
participant 6 alone,1673,6,left_hand,0.7763,0
participant 6 alone,1674,6,right_hand,0.4955,0
participant 6 alone,1675,6,right_hand,0.0535,0
participant 6 alone,1676,6,left_hand,0.1024,0
participant 6 alone,1677,6,left_hand,0.1959,0
participant 6 alone,1678,6,right_hand,0.7176,0
participant 6 alone,1679,6,left_hand,0.1917,0
participant 6 alone,1680,6,right_hand,0.9888,0
participant 6 alone,1681,6,left_hand,0.6979,0
participant 6 alone,1682,6,left_hand,0.6965,0
participant 6 alone,1683,6,right_hand,0.3953,0
participant 6 alone,1684,6,left_hand,0.9494,0
participant 6 alone,1685,6,left_hand,0.102,0
participant 6 alone,1686,6,left_hand,0.448,0
participant 6 alone,1687,6,right_hand,0.7932,0
participant 6 alone,1688,6,right_hand,0.5714,0
participant 6 alone,1689,6,right_hand,0.9737,0
participant 6 alone,1690,6,right_hand,0.9203,0
participant 6 alone,1691,6,left_hand,0.2312,0
participant 6 alone,1692,6,right_hand,0.4953,0
participant 6 alone,1693,6,right_hand,0.5996,0
participant 6 alone,1694,6,right_hand,0.1086,0
participant 6 alone,1695,6,left_hand,0.4902,0
participant 6 alone,1696,6,left_hand,0.768,0
participant 6 alone,1697,6,left_hand,0.0199,0
participant 6 alone,1698,6,left_hand,0.0443,0
participant 6 alone,1699,6,left_hand,0.0564,0
participant 6 alone,1700,6,right_hand,0.2874,0
participant 6 alone,1701,6,left_hand,0.2523,0
participant 6 alone,1702,6,right_hand,0.3035,0
participant 6 alone,1703,6,right_hand,0.898,0
participant 6 alone,1704,6,left_hand,0.4782,0
participant 6 alone,1705,6,right_hand,0.7272,0
participant 6 alone,1706,6,left_hand,0.1182,0
participant 6 alone,1707,6,left_hand,0.5423,0
participant 6 alone,1708,6,right_hand,0.0896,0
participant 6 alone,1709,6,right_hand,0.3613,0
participant 6 alone,1710,6,right_hand,0.5948,0
participant 6 alone,1711,6,left_hand,0.0358,0
participant 6 alone,1712,6,right_hand,0.5627,0
participant 6 alone,1713,6,right_hand,0.1162,0
participant 6 alone,1714,6,right_hand,0.1143,0
participant 6 alone,1715,6,right_hand,0.8647,0
participant 6 alone,1716,6,right_hand,0.7822,0
participant 6 alone,1717,6,left_hand,0.9096,0
participant 6 alone,1718,6,right_hand,0.0569,0
participant 6 alone,1719,6,right_hand,0.017,0
participant 6 alone,1720,6,left_hand,0.1159,0
participant 6 alone,1721,6,left_hand,0.0525,0
participant 6 alone,1722,6,left_hand,0.1605,0
participant 6 alone,1723,6,left_hand,0.9522,0
participant 6 alone,1724,6,left_hand,0.0105,0
participant 6 alone,1725,6,left_hand,0.038,0
participant 6 alone,1726,6,right_hand,0.4208,0
participant 6 alone,1727,6,left_hand,0.0569,0
participant 7 alone,1872,7,left_hand,0.5143,0
participant 7 alone,1873,7,right_hand,0.9976,0
participant 7 alone,1874,7,right_hand,0.996,0
participant 7 alone,1875,7,left_hand,0.0247,0
participant 7 alone,1876,7,right_hand,0.8596,0
participant 7 alone,1877,7,left_hand,0.901,0
participant 7 alone,1878,7,right_hand,0.9884,0
participant 7 alone,1879,7,right_hand,0.9828,0
participant 7 alone,1880,7,left_hand,0.8506,0
participant 7 alone,1881,7,right_hand,0.1173,0
participant 7 alone,1882,7,left_hand,0.5291,0
participant 7 alone,1883,7,left_hand,0.1671,0
participant 7 alone,1884,7,right_hand,0.1808,0
participant 7 alone,1885,7,left_hand,0.755,0
participant 7 alone,1886,7,left_hand,0.904,0
participant 7 alone,1887,7,left_hand,0.34,0
participant 7 alone,1888,7,left_hand,0.6421,0
participant 7 alone,1889,7,right_hand,0.994,0
participant 7 alone,1890,7,left_hand,0.9548,0
participant 7 alone,1891,7,right_hand,0.8155,0
participant 7 alone,1892,7,right_hand,0.9809,0
participant 7 alone,1893,7,left_hand,0.9633,0
participant 7 alone,1894,7,right_hand,0.8505,0
participant 7 alone,1895,7,right_hand,0.3685,0
participant 7 alone,1896,7,right_hand,0.9989,0
participant 7 alone,1897,7,left_hand,0.6768,0
participant 7 alone,1898,7,left_hand,0.9399,0
participant 7 alone,1899,7,right_hand,0.9248,0
participant 7 alone,1900,7,right_hand,0.4509,0
participant 7 alone,1901,7,left_hand,0.997,0
participant 7 alone,1902,7,left_hand,0.5537,0
participant 7 alone,1903,7,left_hand,0.9635,0
participant 7 alone,1904,7,right_hand,0.506,0
participant 7 alone,1905,7,right_hand,0.9803,0
participant 7 alone,1906,7,left_hand,0.9627,0
participant 7 alone,1907,7,left_hand,0.6657,0
participant 7 alone,1908,7,left_hand,0.5569,0
participant 7 alone,1909,7,right_hand,0.9895,0
participant 7 alone,1910,7,left_hand,0.6333,0
participant 7 alone,1911,7,right_hand,0.9998,0
participant 7 alone,1912,7,right_hand,0.9771,0
participant 7 alone,1913,7,left_hand,0.9089,0
participant 7 alone,1914,7,right_hand,0.3464,0
participant 7 alone,1915,7,left_hand,0.9309,0
participant 7 alone,1916,7,right_hand,0.8538,0
participant 7 alone,1917,7,right_hand,0.9767,0
participant 7 alone,1918,7,right_hand,0.067,0
participant 7 alone,1919,7,left_hand,0.8965,0
participant 7 alone,1920,7,left_hand,0.9884,0
participant 7 alone,1921,7,left_hand,0.7098,0
participant 7 alone,1922,7,right_hand,0.9278,0
participant 7 alone,1923,7,left_hand,0.3448,0
participant 7 alone,1924,7,left_hand,0.8941,0
participant 7 alone,1925,7,right_hand,0.991,0
participant 7 alone,1926,7,left_hand,0.9303,0
participant 7 alone,1927,7,left_hand,0.3288,0
participant 7 alone,1928,7,right_hand,0.9264,0
participant 7 alone,1929,7,left_hand,0.9857,0
participant 7 alone,1930,7,right_hand,0.9833,0
participant 7 alone,1931,7,right_hand,0.8716,0
participant 7 alone,1932,7,left_hand,0.3999,0
participant 7 alone,1933,7,right_hand,0.1752,0
participant 7 alone,1934,7,left_hand,0.2727,0
participant 7 alone,1935,7,left_hand,0.1403,0
participant 7 alone,1936,7,right_hand,0.8616,0
participant 7 alone,1937,7,left_hand,0.8386,0
participant 7 alone,1938,7,right_hand,0.7618,0
participant 7 alone,1939,7,right_hand,0.9981,0
participant 7 alone,1940,7,right_hand,0.9951,0
participant 7 alone,1941,7,right_hand,0.932,0
participant 7 alone,1942,7,right_hand,0.9994,0
participant 7 alone,1943,7,left_hand,0.3483,0
participant 7 alone,1944,7,right_hand,0.7976,0
participant 7 alone,1945,7,left_hand,0.9005,0
participant 7 alone,1946,7,left_hand,0.3778,0
participant 7 alone,1947,7,left_hand,0.9058,0
participant 7 alone,1948,7,right_hand,0.9557,0
participant 7 alone,1949,7,right_hand,0.8818,0
participant 7 alone,1950,7,left_hand,0.8017,0
participant 7 alone,1951,7,right_hand,0.4474,0
participant 7 alone,1952,7,left_hand,0.6541,0
participant 7 alone,1953,7,right_hand,0.9971,0
participant 7 alone,1954,7,left_hand,0.8921,0
participant 7 alone,1955,7,right_hand,0.851,0
participant 7 alone,1956,7,right_hand,0.9944,0
participant 7 alone,1957,7,right_hand,0.7441,0
participant 7 alone,1958,7,left_hand,0.714,0
participant 7 alone,1959,7,left_hand,0.0195,0
participant 7 alone,1960,7,right_hand,0.9985,0
participant 7 alone,1961,7,left_hand,0.6452,0
participant 7 alone,1962,7,right_hand,0.9991,0
participant 7 alone,1963,7,right_hand,0.9499,0
participant 7 alone,1964,7,left_hand,0.9941,0
participant 7 alone,1965,7,left_hand,0.9008,0
participant 7 alone,1966,7,right_hand,0.9965,0
participant 7 alone,1967,7,left_hand,0.4047,0
participant 7 alone,1968,7,right_hand,0.9696,0
participant 7 alone,1969,7,left_hand,0.1744,0
participant 7 alone,1970,7,left_hand,0.8719,0
participant 7 alone,1971,7,right_hand,0.9382,0
participant 7 alone,1972,7,left_hand,0.9655,0
participant 7 alone,1973,7,left_hand,0.9475,0
participant 7 alone,1974,7,left_hand,0.8739,0
participant 7 alone,1975,7,right_hand,0.2589,0
participant 7 alone,1976,7,right_hand,0.998,0
participant 7 alone,1977,7,right_hand,0.9961,0
participant 7 alone,1978,7,right_hand,0.9912,0
participant 7 alone,1979,7,left_hand,0.0022,0
participant 7 alone,1980,7,right_hand,0.9885,0
participant 7 alone,1981,7,right_hand,0.9581,0
participant 7 alone,1982,7,right_hand,0.9923,0
participant 7 alone,1983,7,left_hand,0.0014,0
participant 7 alone,1984,7,left_hand,0.6462,0
participant 7 alone,1985,7,left_hand,0.0139,0
participant 7 alone,1986,7,left_hand,0.5206,0
participant 7 alone,1987,7,left_hand,0.146,0
participant 7 alone,1988,7,right_hand,0.9777,0
participant 7 alone,1989,7,left_hand,0.5137,0
participant 7 alone,1990,7,right_hand,0.9801,0
participant 7 alone,1991,7,right_hand,0.9983,0
participant 7 alone,1992,7,left_hand,0.9688,0
participant 7 alone,1993,7,right_hand,0.9609,0
participant 7 alone,1994,7,left_hand,0.9983,0
participant 7 alone,1995,7,left_hand,0.9579,0
participant 7 alone,1996,7,right_hand,0.9938,0
participant 7 alone,1997,7,right_hand,0.4474,0
participant 7 alone,1998,7,right_hand,0.9687,0
participant 7 alone,1999,7,left_hand,0.848,0
participant 7 alone,2000,7,right_hand,0.2434,0
participant 7 alone,2001,7,right_hand,0.8432,0
participant 7 alone,2002,7,right_hand,0.9848,0
participant 7 alone,2003,7,right_hand,0.1926,0
participant 7 alone,2004,7,right_hand,0.9006,0
participant 7 alone,2005,7,left_hand,0.9998,0
participant 7 alone,2006,7,right_hand,0.9929,0
participant 7 alone,2007,7,right_hand,0.9971,0
participant 7 alone,2008,7,left_hand,0.9957,0
participant 7 alone,2009,7,left_hand,0.9716,0
participant 7 alone,2010,7,left_hand,0.6316,0
participant 7 alone,2011,7,left_hand,0.0043,0
participant 7 alone,2012,7,left_hand,0.0284,0
participant 7 alone,2013,7,left_hand,0.8609,0
participant 7 alone,2014,7,right_hand,0.5667,0
participant 7 alone,2015,7,left_hand,0.2664,0
participant 8 alone,2160,8,left_hand,0.0013,0
participant 8 alone,2161,8,right_hand,0.1112,0
participant 8 alone,2162,8,right_hand,0.971,0
participant 8 alone,2163,8,left_hand,0.0011,0
participant 8 alone,2164,8,right_hand,0.9637,0
participant 8 alone,2165,8,left_hand,0.4426,0
participant 8 alone,2166,8,right_hand,0.9984,0
participant 8 alone,2167,8,right_hand,0.9977,0
participant 8 alone,2168,8,left_hand,0.0414,0
participant 8 alone,2169,8,right_hand,0.9191,0
participant 8 alone,2170,8,left_hand,0.9597,0
participant 8 alone,2171,8,left_hand,0.2558,0
participant 8 alone,2172,8,right_hand,0.9909,0
participant 8 alone,2173,8,left_hand,0.0005,0
participant 8 alone,2174,8,left_hand,0.1084,0
participant 8 alone,2175,8,left_hand,0.0001,0
participant 8 alone,2176,8,left_hand,0.0001,0
participant 8 alone,2177,8,right_hand,0.9995,0
participant 8 alone,2178,8,left_hand,0.1625,0
participant 8 alone,2179,8,right_hand,0.9931,0
participant 8 alone,2180,8,right_hand,0.2815,0
participant 8 alone,2181,8,left_hand,0.0016,0
participant 8 alone,2182,8,right_hand,0.6449,0
participant 8 alone,2183,8,right_hand,0.8765,0
participant 8 alone,2184,8,right_hand,0.9021,0
participant 8 alone,2185,8,left_hand,0.2326,0
participant 8 alone,2186,8,left_hand,0.0038,0
participant 8 alone,2187,8,right_hand,0.9991,0
participant 8 alone,2188,8,right_hand,0.0799,0
participant 8 alone,2189,8,left_hand,0.0481,0
participant 8 alone,2190,8,left_hand,0.0773,0
participant 8 alone,2191,8,left_hand,0.5708,0
participant 8 alone,2192,8,right_hand,0.9887,0
participant 8 alone,2193,8,right_hand,0.9807,0
participant 8 alone,2194,8,left_hand,0.001,0
participant 8 alone,2195,8,left_hand,0.0089,0
participant 8 alone,2196,8,left_hand,0.0428,0
participant 8 alone,2197,8,right_hand,0.9658,0
participant 8 alone,2198,8,left_hand,0.0832,0
participant 8 alone,2199,8,right_hand,0.8958,0
participant 8 alone,2200,8,right_hand,0.9531,0
participant 8 alone,2201,8,left_hand,0.0472,0
participant 8 alone,2202,8,right_hand,0.9832,0
participant 8 alone,2203,8,left_hand,0.301,0
participant 8 alone,2204,8,right_hand,0.2823,0
participant 8 alone,2205,8,right_hand,0.1,0
participant 8 alone,2206,8,right_hand,0.1278,0
participant 8 alone,2207,8,left_hand,0.6041,0
participant 8 alone,2208,8,left_hand,0.0009,0
participant 8 alone,2209,8,left_hand,0.0023,0
participant 8 alone,2210,8,right_hand,0.9534,0
participant 8 alone,2211,8,left_hand,0.0008,0
participant 8 alone,2212,8,left_hand,0.0006,0
participant 8 alone,2213,8,right_hand,0.9209,0
participant 8 alone,2214,8,left_hand,0.0087,0
participant 8 alone,2215,8,left_hand,0.0014,0
participant 8 alone,2216,8,right_hand,0.7396,0
participant 8 alone,2217,8,left_hand,0.0002,0
participant 8 alone,2218,8,right_hand,0.9656,0
participant 8 alone,2219,8,right_hand,0.9995,0
participant 8 alone,2220,8,left_hand,0.0035,0
participant 8 alone,2221,8,right_hand,0.9879,0
participant 8 alone,2222,8,left_hand,0.0062,0
participant 8 alone,2223,8,left_hand,0.0061,0
participant 8 alone,2224,8,right_hand,0.5562,0
participant 8 alone,2225,8,left_hand,0.1469,0
participant 8 alone,2226,8,right_hand,0.8809,0
participant 8 alone,2227,8,right_hand,0.9957,0
participant 8 alone,2228,8,right_hand,0.3183,0
participant 8 alone,2229,8,right_hand,0.8066,0
participant 8 alone,2230,8,right_hand,0.9157,0
participant 8 alone,2231,8,left_hand,0.0049,0
participant 8 alone,2232,8,right_hand,0.5577,0
participant 8 alone,2233,8,left_hand,0.0029,0
participant 8 alone,2234,8,left_hand,0.0365,0
participant 8 alone,2235,8,left_hand,0.0805,0
participant 8 alone,2236,8,right_hand,0.7719,0
participant 8 alone,2237,8,right_hand,0.9594,0
participant 8 alone,2238,8,left_hand,0.0164,0
participant 8 alone,2239,8,right_hand,0.9993,0
participant 8 alone,2240,8,left_hand,0.0028,0
participant 8 alone,2241,8,right_hand,0.9749,0
participant 8 alone,2242,8,left_hand,0.0009,0
participant 8 alone,2243,8,right_hand,0.9527,0
participant 8 alone,2244,8,right_hand,0.4208,0
participant 8 alone,2245,8,right_hand,0.831,0
participant 8 alone,2246,8,left_hand,0.8231,0
participant 8 alone,2247,8,left_hand,0.0254,0
participant 8 alone,2248,8,right_hand,0.9833,0
participant 8 alone,2249,8,left_hand,0.0057,0
participant 8 alone,2250,8,right_hand,0.9307,0
participant 8 alone,2251,8,right_hand,0.9989,0
participant 8 alone,2252,8,left_hand,0.0148,0
participant 8 alone,2253,8,left_hand,0.148,0
participant 8 alone,2254,8,right_hand,0.9987,0
participant 8 alone,2255,8,left_hand,0.0007,0
participant 8 alone,2256,8,right_hand,0.9444,0
participant 8 alone,2257,8,left_hand,0.0027,0
participant 8 alone,2258,8,left_hand,0.0508,0
participant 8 alone,2259,8,right_hand,0.2843,0
participant 8 alone,2260,8,left_hand,0.0005,0
participant 8 alone,2261,8,left_hand,0.4596,0
participant 8 alone,2262,8,left_hand,0.0014,0
participant 8 alone,2263,8,right_hand,0.9997,0
participant 8 alone,2264,8,right_hand,0.9153,0
participant 8 alone,2265,8,right_hand,0.6604,0
participant 8 alone,2266,8,right_hand,0.9986,0
participant 8 alone,2267,8,left_hand,0.0007,0
participant 8 alone,2268,8,right_hand,0.8153,0
participant 8 alone,2269,8,right_hand,0.1986,0
participant 8 alone,2270,8,right_hand,0.4425,0
participant 8 alone,2271,8,left_hand,0.023,0
participant 8 alone,2272,8,left_hand,0.097,0
participant 8 alone,2273,8,left_hand,0.0129,0
participant 8 alone,2274,8,left_hand,0.1091,0
participant 8 alone,2275,8,left_hand,0.0076,0
participant 8 alone,2276,8,right_hand,0.5613,0
participant 8 alone,2277,8,left_hand,0.0001,0
participant 8 alone,2278,8,right_hand,0.9903,0
participant 8 alone,2279,8,right_hand,0.4131,0
participant 8 alone,2280,8,left_hand,0.2565,0
participant 8 alone,2281,8,right_hand,0.9996,0
participant 8 alone,2282,8,left_hand,0.0001,0
participant 8 alone,2283,8,left_hand,0.0012,0
participant 8 alone,2284,8,right_hand,0.9644,0
participant 8 alone,2285,8,right_hand,0.7301,0
participant 8 alone,2286,8,right_hand,0.3157,0
participant 8 alone,2287,8,left_hand,0.0106,0
participant 8 alone,2288,8,right_hand,0.0094,0
participant 8 alone,2289,8,right_hand,0.9942,0
participant 8 alone,2290,8,right_hand,0.9572,0
participant 8 alone,2291,8,right_hand,0.9659,0
participant 8 alone,2292,8,right_hand,0.9759,0
participant 8 alone,2293,8,left_hand,0.0279,0
participant 8 alone,2294,8,right_hand,0.7336,0
participant 8 alone,2295,8,right_hand,0.1096,0
participant 8 alone,2296,8,left_hand,0.0037,0
participant 8 alone,2297,8,left_hand,0.0294,0
participant 8 alone,2298,8,left_hand,0.0012,0
participant 8 alone,2299,8,left_hand,0.0014,0
participant 8 alone,2300,8,left_hand,0.0293,0
participant 8 alone,2301,8,left_hand,0.0053,0
participant 8 alone,2302,8,right_hand,0.9687,0
participant 8 alone,2303,8,left_hand,0.0165,0
participant 9 alone,2448,9,left_hand,0.0045,0
participant 9 alone,2449,9,right_hand,0.6419,0
participant 9 alone,2450,9,right_hand,0.8627,0
participant 9 alone,2451,9,left_hand,0.0066,0
participant 9 alone,2452,9,right_hand,0.9892,0
participant 9 alone,2453,9,left_hand,0.0053,0
participant 9 alone,2454,9,right_hand,0.9975,0
participant 9 alone,2455,9,right_hand,0.9033,0
participant 9 alone,2456,9,left_hand,0.0149,0
participant 9 alone,2457,9,right_hand,0.9984,0
participant 9 alone,2458,9,left_hand,0.0289,0
participant 9 alone,2459,9,left_hand,0.2151,0
participant 9 alone,2460,9,right_hand,0.9997,0
participant 9 alone,2461,9,left_hand,0.0015,0
participant 9 alone,2462,9,left_hand,0.0065,0
participant 9 alone,2463,9,left_hand,0.2197,0
participant 9 alone,2464,9,left_hand,0.1585,0
participant 9 alone,2465,9,right_hand,0.9973,0
participant 9 alone,2466,9,left_hand,0.0129,0
participant 9 alone,2467,9,right_hand,0.995,0
participant 9 alone,2468,9,right_hand,0.9974,0
participant 9 alone,2469,9,left_hand,0.1216,0
participant 9 alone,2470,9,right_hand,0.9997,0
participant 9 alone,2471,9,right_hand,0.996,0
participant 9 alone,2472,9,right_hand,0.9943,0
participant 9 alone,2473,9,left_hand,0.0507,0
participant 9 alone,2474,9,left_hand,0.018,0
participant 9 alone,2475,9,right_hand,0.9984,0
participant 9 alone,2476,9,right_hand,0.9965,0
participant 9 alone,2477,9,left_hand,0.0337,0
participant 9 alone,2478,9,left_hand,0.0039,0
participant 9 alone,2479,9,left_hand,0.0763,0
participant 9 alone,2480,9,right_hand,0.9619,0
participant 9 alone,2481,9,right_hand,0.9886,0
participant 9 alone,2482,9,left_hand,0.1337,0
participant 9 alone,2483,9,left_hand,0.9254,0
participant 9 alone,2484,9,left_hand,0.7544,0
participant 9 alone,2485,9,right_hand,0.9723,0
participant 9 alone,2486,9,left_hand,0.0244,0
participant 9 alone,2487,9,right_hand,0.981,0
participant 9 alone,2488,9,right_hand,0.9267,0
participant 9 alone,2489,9,left_hand,0.025,0
participant 9 alone,2490,9,right_hand,0.9966,0
participant 9 alone,2491,9,left_hand,0.241,0
participant 9 alone,2492,9,right_hand,0.9996,0
participant 9 alone,2493,9,right_hand,0.9984,0
participant 9 alone,2494,9,right_hand,0.9936,0
participant 9 alone,2495,9,left_hand,0.4222,0
participant 9 alone,2496,9,left_hand,0.0105,0
participant 9 alone,2497,9,left_hand,0.0113,0
participant 9 alone,2498,9,right_hand,0.9999,0
participant 9 alone,2499,9,left_hand,0.0058,0
participant 9 alone,2500,9,left_hand,0.9948,0
participant 9 alone,2501,9,right_hand,0.996,0
participant 9 alone,2502,9,left_hand,0.0781,0
participant 9 alone,2503,9,left_hand,0.1175,0
participant 9 alone,2504,9,right_hand,0.9998,0
participant 9 alone,2505,9,left_hand,0.1727,0
participant 9 alone,2506,9,right_hand,0.9895,0
participant 9 alone,2507,9,right_hand,0.9902,0
participant 9 alone,2508,9,left_hand,0.0384,0
participant 9 alone,2509,9,right_hand,0.9993,0
participant 9 alone,2510,9,left_hand,0.0999,0
participant 9 alone,2511,9,left_hand,0.0137,0
participant 9 alone,2512,9,right_hand,0.9994,0
participant 9 alone,2513,9,left_hand,0.9787,0
participant 9 alone,2514,9,right_hand,0.1645,0
participant 9 alone,2515,9,right_hand,0.9988,0
participant 9 alone,2516,9,right_hand,0.9988,0
participant 9 alone,2517,9,right_hand,0.9984,0
participant 9 alone,2518,9,right_hand,0.9968,0
participant 9 alone,2519,9,left_hand,0.0055,0
participant 9 alone,2520,9,right_hand,0.1686,0
participant 9 alone,2521,9,left_hand,0.0493,0
participant 9 alone,2522,9,left_hand,0.0224,0
participant 9 alone,2523,9,left_hand,0.0058,0
participant 9 alone,2524,9,right_hand,0.988,0
participant 9 alone,2525,9,right_hand,0.9659,0
participant 9 alone,2526,9,left_hand,0.1634,0
participant 9 alone,2527,9,right_hand,0.1878,0
participant 9 alone,2528,9,left_hand,0.342,0
participant 9 alone,2529,9,right_hand,0.9876,0
participant 9 alone,2530,9,left_hand,0.05,0
participant 9 alone,2531,9,right_hand,0.9752,0
participant 9 alone,2532,9,right_hand,0.8789,0
participant 9 alone,2533,9,right_hand,0.9918,0
participant 9 alone,2534,9,left_hand,0.5092,0
participant 9 alone,2535,9,left_hand,0.1074,0
participant 9 alone,2536,9,right_hand,0.9986,0
participant 9 alone,2537,9,left_hand,0.208,0
participant 9 alone,2538,9,right_hand,0.9961,0
participant 9 alone,2539,9,right_hand,0.9941,0
participant 9 alone,2540,9,left_hand,0.0115,0
participant 9 alone,2541,9,left_hand,0.657,0
participant 9 alone,2542,9,right_hand,0.9999,0
participant 9 alone,2543,9,left_hand,0.0253,0
participant 9 alone,2544,9,right_hand,0.9972,0
participant 9 alone,2545,9,left_hand,0.0036,0
participant 9 alone,2546,9,left_hand,0.0002,0
participant 9 alone,2547,9,right_hand,0.0143,0
participant 9 alone,2548,9,left_hand,0.2012,0
participant 9 alone,2549,9,left_hand,0.0397,0
participant 9 alone,2550,9,left_hand,0.4592,0
participant 9 alone,2551,9,right_hand,0.9415,0
participant 9 alone,2552,9,right_hand,0.9857,0
participant 9 alone,2553,9,right_hand,0.9994,0
participant 9 alone,2554,9,right_hand,0.9924,0
participant 9 alone,2555,9,left_hand,0.0153,0
participant 9 alone,2556,9,right_hand,0.9593,0
participant 9 alone,2557,9,right_hand,0.1739,0
participant 9 alone,2558,9,right_hand,0.9988,0
participant 9 alone,2559,9,left_hand,0.9752,0
participant 9 alone,2560,9,left_hand,0.0373,0
participant 9 alone,2561,9,left_hand,0.7658,0
participant 9 alone,2562,9,left_hand,0.0658,0
participant 9 alone,2563,9,left_hand,0.9977,0
participant 9 alone,2564,9,right_hand,0.947,0
participant 9 alone,2565,9,left_hand,0.995,0
participant 9 alone,2566,9,right_hand,0.999,0
participant 9 alone,2567,9,right_hand,0.9986,0
participant 9 alone,2568,9,left_hand,0.1152,0
participant 9 alone,2569,9,right_hand,0.6112,0
participant 9 alone,2570,9,left_hand,0.0641,0
participant 9 alone,2571,9,left_hand,0.1364,0
participant 9 alone,2572,9,right_hand,0.9455,0
participant 9 alone,2573,9,right_hand,0.9597,0
participant 9 alone,2574,9,right_hand,0.9952,0
participant 9 alone,2575,9,left_hand,0.4581,0
participant 9 alone,2576,9,right_hand,0.9999,0
participant 9 alone,2577,9,right_hand,0.9995,0
participant 9 alone,2578,9,right_hand,0.9998,0
participant 9 alone,2579,9,right_hand,0.9935,0
participant 9 alone,2580,9,right_hand,0.2079,0
participant 9 alone,2581,9,left_hand,0.6704,0
participant 9 alone,2582,9,right_hand,0.9817,0
participant 9 alone,2583,9,right_hand,0.9967,0
participant 9 alone,2584,9,left_hand,0.3028,0
participant 9 alone,2585,9,left_hand,0.2096,0
participant 9 alone,2586,9,left_hand,0.0027,0
participant 9 alone,2587,9,left_hand,0.4411,0
participant 9 alone,2588,9,left_hand,0.7591,0
participant 9 alone,2589,9,left_hand,0.9929,0
participant 9 alone,2590,9,right_hand,0.9643,0
participant 9 alone,2591,9,left_hand,0.2254,0
"all participants, 10 % of the labels",144,1,left_hand,0.0176,0
"all participants, 10 % of the labels",145,1,right_hand,0.2557,0
"all participants, 10 % of the labels",146,1,right_hand,0.5078,0
"all participants, 10 % of the labels",147,1,left_hand,0.4507,0
"all participants, 10 % of the labels",148,1,right_hand,0.9501,0
"all participants, 10 % of the labels",149,1,left_hand,0.097,0
"all participants, 10 % of the labels",150,1,right_hand,0.0055,0
"all participants, 10 % of the labels",151,1,right_hand,0.8251,0
"all participants, 10 % of the labels",152,1,left_hand,0.0136,0
"all participants, 10 % of the labels",153,1,right_hand,0.9917,0
"all participants, 10 % of the labels",154,1,left_hand,0.1117,0
"all participants, 10 % of the labels",155,1,left_hand,0.8524,0
"all participants, 10 % of the labels",156,1,right_hand,0.4634,0
"all participants, 10 % of the labels",157,1,left_hand,0.7902,0
"all participants, 10 % of the labels",158,1,left_hand,0.0125,0
"all participants, 10 % of the labels",159,1,left_hand,0.95,0
"all participants, 10 % of the labels",160,1,left_hand,0.3755,0
"all participants, 10 % of the labels",161,1,right_hand,0.2137,0
"all participants, 10 % of the labels",162,1,left_hand,0.0574,0
"all participants, 10 % of the labels",163,1,right_hand,0.9363,0
"all participants, 10 % of the labels",164,1,right_hand,0.4787,0
"all participants, 10 % of the labels",165,1,left_hand,0.001,0
"all participants, 10 % of the labels",166,1,right_hand,0.0532,0
"all participants, 10 % of the labels",167,1,right_hand,0.0009,0
"all participants, 10 % of the labels",168,1,right_hand,0.3318,0
"all participants, 10 % of the labels",169,1,left_hand,0.6764,0
"all participants, 10 % of the labels",170,1,left_hand,0.6136,0
"all participants, 10 % of the labels",171,1,right_hand,0.1413,0
"all participants, 10 % of the labels",172,1,right_hand,0.0361,0
"all participants, 10 % of the labels",173,1,left_hand,0.108,0
"all participants, 10 % of the labels",174,1,left_hand,0.5733,0
"all participants, 10 % of the labels",175,1,left_hand,0.0334,0
"all participants, 10 % of the labels",176,1,right_hand,0.9984,0
"all participants, 10 % of the labels",177,1,right_hand,0.8539,0
"all participants, 10 % of the labels",178,1,left_hand,0.0106,0
"all participants, 10 % of the labels",179,1,left_hand,0.9934,0
"all participants, 10 % of the labels",180,1,left_hand,0.0268,0
"all participants, 10 % of the labels",181,1,right_hand,0.8503,0
"all participants, 10 % of the labels",182,1,left_hand,0.742,0
"all participants, 10 % of the labels",183,1,right_hand,0.5769,0
"all participants, 10 % of the labels",184,1,right_hand,0.7097,0
"all participants, 10 % of the labels",185,1,left_hand,0.1443,0
"all participants, 10 % of the labels",186,1,right_hand,0.2445,0
"all participants, 10 % of the labels",187,1,left_hand,0.0312,0
"all participants, 10 % of the labels",188,1,right_hand,0.7065,0
"all participants, 10 % of the labels",189,1,right_hand,0.0226,0
"all participants, 10 % of the labels",190,1,right_hand,0.9868,0
"all participants, 10 % of the labels",191,1,left_hand,0.0126,0
"all participants, 10 % of the labels",192,1,left_hand,0.0006,0
"all participants, 10 % of the labels",193,1,left_hand,0.0007,0
"all participants, 10 % of the labels",194,1,right_hand,0.3479,0
"all participants, 10 % of the labels",195,1,left_hand,0.1871,0
"all participants, 10 % of the labels",196,1,left_hand,0.0517,0
"all participants, 10 % of the labels",197,1,right_hand,0.9595,0
"all participants, 10 % of the labels",198,1,left_hand,0.7641,0
"all participants, 10 % of the labels",199,1,left_hand,0.9932,0
"all participants, 10 % of the labels",200,1,right_hand,0.8561,0
"all participants, 10 % of the labels",201,1,left_hand,0.0196,0
"all participants, 10 % of the labels",202,1,right_hand,0.2935,0
"all participants, 10 % of the labels",203,1,right_hand,0.5599,0
"all participants, 10 % of the labels",204,1,left_hand,0.9988,0
"all participants, 10 % of the labels",205,1,right_hand,0.0492,0
"all participants, 10 % of the labels",206,1,left_hand,0.7809,0
"all participants, 10 % of the labels",207,1,left_hand,0.2254,0
"all participants, 10 % of the labels",208,1,right_hand,0.5092,0
"all participants, 10 % of the labels",209,1,left_hand,0.0039,0
"all participants, 10 % of the labels",210,1,right_hand,0.0691,0
"all participants, 10 % of the labels",211,1,right_hand,0.9709,0
"all participants, 10 % of the labels",212,1,right_hand,0.1651,0
"all participants, 10 % of the labels",213,1,right_hand,0.2689,0
"all participants, 10 % of the labels",214,1,right_hand,0.0026,0
"all participants, 10 % of the labels",215,1,left_hand,0.2142,0
"all participants, 10 % of the labels",216,1,right_hand,0.0159,0
"all participants, 10 % of the labels",217,1,left_hand,0.8408,0
"all participants, 10 % of the labels",218,1,left_hand,0.0007,0
"all participants, 10 % of the labels",219,1,left_hand,0.0183,0
"all participants, 10 % of the labels",220,1,right_hand,0.9228,0
"all participants, 10 % of the labels",221,1,right_hand,0.0023,0
"all participants, 10 % of the labels",222,1,left_hand,0.995,0
"all participants, 10 % of the labels",223,1,right_hand,0.8898,0
"all participants, 10 % of the labels",224,1,left_hand,0.2956,0
"all participants, 10 % of the labels",225,1,right_hand,0.8346,0
"all participants, 10 % of the labels",226,1,left_hand,0.0037,0
"all participants, 10 % of the labels",227,1,right_hand,0.9387,0
"all participants, 10 % of the labels",228,1,right_hand,0.0015,0
"all participants, 10 % of the labels",229,1,right_hand,0.6837,0
"all participants, 10 % of the labels",230,1,left_hand,0.7926,0
"all participants, 10 % of the labels",231,1,left_hand,0.0053,0
"all participants, 10 % of the labels",232,1,right_hand,0.9479,0
"all participants, 10 % of the labels",233,1,left_hand,0.9033,0
"all participants, 10 % of the labels",234,1,right_hand,0.9108,0
"all participants, 10 % of the labels",235,1,right_hand,0.2223,0
"all participants, 10 % of the labels",236,1,left_hand,0.014,0
"all participants, 10 % of the labels",237,1,left_hand,0.9701,0
"all participants, 10 % of the labels",238,1,right_hand,0.8764,0
"all participants, 10 % of the labels",239,1,left_hand,0.8606,0
"all participants, 10 % of the labels",240,1,right_hand,0.0432,0
"all participants, 10 % of the labels",241,1,left_hand,0.9772,0
"all participants, 10 % of the labels",242,1,left_hand,0.9773,0
"all participants, 10 % of the labels",243,1,right_hand,0.9983,0
"all participants, 10 % of the labels",244,1,left_hand,0.1,0
"all participants, 10 % of the labels",245,1,left_hand,0.4619,0
"all participants, 10 % of the labels",246,1,left_hand,0.048,0
"all participants, 10 % of the labels",247,1,right_hand,0.9921,0
"all participants, 10 % of the labels",248,1,right_hand,0.0029,0
"all participants, 10 % of the labels",249,1,right_hand,0.0255,0
"all participants, 10 % of the labels",250,1,right_hand,0.459,0
"all participants, 10 % of the labels",251,1,left_hand,0.0501,0
"all participants, 10 % of the labels",252,1,right_hand,0.9924,0
"all participants, 10 % of the labels",253,1,right_hand,0.0405,0
"all participants, 10 % of the labels",254,1,right_hand,0.8964,0
"all participants, 10 % of the labels",255,1,left_hand,0.517,0
"all participants, 10 % of the labels",256,1,left_hand,0.026,0
"all participants, 10 % of the labels",257,1,left_hand,0.8107,0
"all participants, 10 % of the labels",258,1,left_hand,0.3674,0
"all participants, 10 % of the labels",259,1,left_hand,0.2614,0
"all participants, 10 % of the labels",260,1,right_hand,0.027,0
"all participants, 10 % of the labels",261,1,left_hand,0.0547,0
"all participants, 10 % of the labels",262,1,right_hand,0.9856,0
"all participants, 10 % of the labels",263,1,right_hand,0.9968,0
"all participants, 10 % of the labels",264,1,left_hand,0.8817,0
"all participants, 10 % of the labels",265,1,right_hand,0.9244,0
"all participants, 10 % of the labels",266,1,left_hand,0.0411,0
"all participants, 10 % of the labels",267,1,left_hand,0.6386,0
"all participants, 10 % of the labels",268,1,right_hand,0.5633,0
"all participants, 10 % of the labels",269,1,right_hand,0.2067,0
"all participants, 10 % of the labels",270,1,right_hand,0.0649,0
"all participants, 10 % of the labels",271,1,left_hand,0.9879,0
"all participants, 10 % of the labels",272,1,right_hand,0.0046,0
"all participants, 10 % of the labels",273,1,right_hand,0.4212,0
"all participants, 10 % of the labels",274,1,right_hand,0.0023,0
"all participants, 10 % of the labels",275,1,right_hand,0.0003,0
"all participants, 10 % of the labels",276,1,right_hand,0.1454,0
"all participants, 10 % of the labels",277,1,left_hand,0.0017,0
"all participants, 10 % of the labels",278,1,right_hand,0.1832,0
"all participants, 10 % of the labels",279,1,right_hand,0.0223,0
"all participants, 10 % of the labels",280,1,left_hand,0.0046,0
"all participants, 10 % of the labels",281,1,left_hand,0.5693,0
"all participants, 10 % of the labels",282,1,left_hand,0.7557,0
"all participants, 10 % of the labels",283,1,left_hand,0.0321,0
"all participants, 10 % of the labels",284,1,left_hand,0.0066,0
"all participants, 10 % of the labels",285,1,left_hand,0.2014,0
"all participants, 10 % of the labels",286,1,right_hand,0.086,0
"all participants, 10 % of the labels",287,1,left_hand,0.0064,0
"all participants, 10 % of the labels",432,2,left_hand,0.4814,0
"all participants, 10 % of the labels",433,2,right_hand,0.9799,0
"all participants, 10 % of the labels",434,2,right_hand,0.6586,0
"all participants, 10 % of the labels",435,2,left_hand,0.0548,0
"all participants, 10 % of the labels",436,2,right_hand,0.0002,0
"all participants, 10 % of the labels",437,2,left_hand,0.5228,0
"all participants, 10 % of the labels",438,2,right_hand,0.0262,0
"all participants, 10 % of the labels",439,2,right_hand,0.0005,0
"all participants, 10 % of the labels",440,2,left_hand,0.9987,0
"all participants, 10 % of the labels",441,2,right_hand,0.5918,0
"all participants, 10 % of the labels",442,2,left_hand,0.1039,0
"all participants, 10 % of the labels",443,2,left_hand,0.1868,0
"all participants, 10 % of the labels",444,2,right_hand,0.9758,0
"all participants, 10 % of the labels",445,2,left_hand,0.0087,0
"all participants, 10 % of the labels",446,2,left_hand,0.2308,0
"all participants, 10 % of the labels",447,2,left_hand,0.9682,0
"all participants, 10 % of the labels",448,2,left_hand,0.6659,0
"all participants, 10 % of the labels",449,2,right_hand,0.0267,0
"all participants, 10 % of the labels",450,2,left_hand,0.0849,0
"all participants, 10 % of the labels",451,2,right_hand,0.0042,0
"all participants, 10 % of the labels",452,2,right_hand,0.8579,0
"all participants, 10 % of the labels",453,2,left_hand,0.5083,0
"all participants, 10 % of the labels",454,2,right_hand,0.0004,0
"all participants, 10 % of the labels",455,2,right_hand,0.1855,0
"all participants, 10 % of the labels",456,2,right_hand,0.8259,0
"all participants, 10 % of the labels",457,2,left_hand,0.3356,0
"all participants, 10 % of the labels",458,2,left_hand,0.0016,0
"all participants, 10 % of the labels",459,2,right_hand,0.8681,0
"all participants, 10 % of the labels",460,2,right_hand,0.226,0
"all participants, 10 % of the labels",461,2,left_hand,0.0457,0
"all participants, 10 % of the labels",462,2,left_hand,0.2099,0
"all participants, 10 % of the labels",463,2,left_hand,0.3489,0
"all participants, 10 % of the labels",464,2,right_hand,0.3278,0
"all participants, 10 % of the labels",465,2,right_hand,0.0012,0
"all participants, 10 % of the labels",466,2,left_hand,0.0428,0
"all participants, 10 % of the labels",467,2,left_hand,0.5562,0
"all participants, 10 % of the labels",468,2,left_hand,0.1939,0
"all participants, 10 % of the labels",469,2,right_hand,0.5105,0
"all participants, 10 % of the labels",470,2,left_hand,0.0142,0
"all participants, 10 % of the labels",471,2,right_hand,0.1658,0
"all participants, 10 % of the labels",472,2,right_hand,0.0087,0
"all participants, 10 % of the labels",473,2,left_hand,0.0062,0
"all participants, 10 % of the labels",474,2,right_hand,0.0754,0
"all participants, 10 % of the labels",475,2,left_hand,0.0033,0
"all participants, 10 % of the labels",476,2,right_hand,0.508,0
"all participants, 10 % of the labels",477,2,right_hand,0.0193,0
"all participants, 10 % of the labels",478,2,right_hand,0.3655,0
"all participants, 10 % of the labels",479,2,left_hand,0.0288,0
"all participants, 10 % of the labels",480,2,left_hand,0.0485,0
"all participants, 10 % of the labels",481,2,left_hand,0.0489,0
"all participants, 10 % of the labels",482,2,right_hand,0.9054,0
"all participants, 10 % of the labels",483,2,left_hand,0.1663,0
"all participants, 10 % of the labels",484,2,left_hand,0.59,0
"all participants, 10 % of the labels",485,2,right_hand,0.1497,0
"all participants, 10 % of the labels",486,2,left_hand,0.767,0
"all participants, 10 % of the labels",487,2,left_hand,0.0224,0
"all participants, 10 % of the labels",488,2,right_hand,0.011,0
"all participants, 10 % of the labels",489,2,left_hand,0.7935,0
"all participants, 10 % of the labels",490,2,right_hand,0.0712,0
"all participants, 10 % of the labels",491,2,right_hand,0.1512,0
"all participants, 10 % of the labels",492,2,left_hand,0.0169,0
"all participants, 10 % of the labels",493,2,right_hand,0.0094,0
"all participants, 10 % of the labels",494,2,left_hand,0.0051,0
"all participants, 10 % of the labels",495,2,left_hand,0.822,0
"all participants, 10 % of the labels",496,2,right_hand,0.3723,0
"all participants, 10 % of the labels",497,2,left_hand,0.01,0
"all participants, 10 % of the labels",498,2,right_hand,0.6499,0
"all participants, 10 % of the labels",499,2,right_hand,0.0296,0
"all participants, 10 % of the labels",500,2,right_hand,0.0331,0
"all participants, 10 % of the labels",501,2,right_hand,0.2705,0
"all participants, 10 % of the labels",502,2,right_hand,0.0291,0
"all participants, 10 % of the labels",503,2,left_hand,0.9379,0
"all participants, 10 % of the labels",504,2,right_hand,0.5736,0
"all participants, 10 % of the labels",505,2,left_hand,0.0165,0
"all participants, 10 % of the labels",506,2,left_hand,0.0036,0
"all participants, 10 % of the labels",507,2,left_hand,0.3352,0
"all participants, 10 % of the labels",508,2,right_hand,0.5225,0
"all participants, 10 % of the labels",509,2,right_hand,0.0961,0
"all participants, 10 % of the labels",510,2,left_hand,0.0008,0
"all participants, 10 % of the labels",511,2,right_hand,0.2054,0
"all participants, 10 % of the labels",512,2,left_hand,0.2482,0
"all participants, 10 % of the labels",513,2,right_hand,0.9011,0
"all participants, 10 % of the labels",514,2,left_hand,0.2237,0
"all participants, 10 % of the labels",515,2,right_hand,0.2128,0
"all participants, 10 % of the labels",516,2,right_hand,0.0033,0
"all participants, 10 % of the labels",517,2,right_hand,0.4799,0
"all participants, 10 % of the labels",518,2,left_hand,0.1735,0
"all participants, 10 % of the labels",519,2,left_hand,0.001,0
"all participants, 10 % of the labels",520,2,right_hand,0.001,0
"all participants, 10 % of the labels",521,2,left_hand,0.0426,0
"all participants, 10 % of the labels",522,2,right_hand,0.7811,0
"all participants, 10 % of the labels",523,2,right_hand,0.0856,0
"all participants, 10 % of the labels",524,2,left_hand,0.9752,0
"all participants, 10 % of the labels",525,2,left_hand,0.4651,0
"all participants, 10 % of the labels",526,2,right_hand,0.4731,0
"all participants, 10 % of the labels",527,2,left_hand,0.0209,0
"all participants, 10 % of the labels",528,2,right_hand,0.5399,0
"all participants, 10 % of the labels",529,2,left_hand,0.0562,0
"all participants, 10 % of the labels",530,2,left_hand,0.398,0
"all participants, 10 % of the labels",531,2,right_hand,0.7867,0
"all participants, 10 % of the labels",532,2,left_hand,0.2891,0
"all participants, 10 % of the labels",533,2,left_hand,0.0389,0
"all participants, 10 % of the labels",534,2,left_hand,0.2594,0
"all participants, 10 % of the labels",535,2,right_hand,0.0589,0
"all participants, 10 % of the labels",536,2,right_hand,0.0702,0
"all participants, 10 % of the labels",537,2,right_hand,0.003,0
"all participants, 10 % of the labels",538,2,right_hand,0.5177,0
"all participants, 10 % of the labels",539,2,left_hand,0.9363,0
"all participants, 10 % of the labels",540,2,right_hand,0.5597,0
"all participants, 10 % of the labels",541,2,right_hand,0.3402,0
"all participants, 10 % of the labels",542,2,right_hand,0.5094,0
"all participants, 10 % of the labels",543,2,left_hand,0.0179,0
"all participants, 10 % of the labels",544,2,left_hand,0.539,0
"all participants, 10 % of the labels",545,2,left_hand,0.2517,0
"all participants, 10 % of the labels",546,2,left_hand,0.4644,0
"all participants, 10 % of the labels",547,2,left_hand,0.9666,0
"all participants, 10 % of the labels",548,2,right_hand,0.0545,0
"all participants, 10 % of the labels",549,2,left_hand,0.0043,0
"all participants, 10 % of the labels",550,2,right_hand,0.6996,0
"all participants, 10 % of the labels",551,2,right_hand,0.0188,0
"all participants, 10 % of the labels",552,2,left_hand,0.7891,0
"all participants, 10 % of the labels",553,2,right_hand,0.4881,0
"all participants, 10 % of the labels",554,2,left_hand,0.8597,0
"all participants, 10 % of the labels",555,2,left_hand,0.0798,0
"all participants, 10 % of the labels",556,2,right_hand,0.0453,0
"all participants, 10 % of the labels",557,2,right_hand,0.8566,0
"all participants, 10 % of the labels",558,2,right_hand,0.9913,0
"all participants, 10 % of the labels",559,2,left_hand,0.9829,0
"all participants, 10 % of the labels",560,2,right_hand,0.0045,0
"all participants, 10 % of the labels",561,2,right_hand,0.9331,0
"all participants, 10 % of the labels",562,2,right_hand,0.9818,0
"all participants, 10 % of the labels",563,2,right_hand,0.0062,0
"all participants, 10 % of the labels",564,2,right_hand,0.8552,0
"all participants, 10 % of the labels",565,2,left_hand,0.0718,0
"all participants, 10 % of the labels",566,2,right_hand,0.9839,0
"all participants, 10 % of the labels",567,2,right_hand,0.0538,0
"all participants, 10 % of the labels",568,2,left_hand,0.0019,0
"all participants, 10 % of the labels",569,2,left_hand,0.4669,0
"all participants, 10 % of the labels",570,2,left_hand,0.0086,0
"all participants, 10 % of the labels",571,2,left_hand,0.1526,0
"all participants, 10 % of the labels",572,2,left_hand,0.0147,0
"all participants, 10 % of the labels",573,2,left_hand,0.0048,0
"all participants, 10 % of the labels",574,2,right_hand,0.344,0
"all participants, 10 % of the labels",575,2,left_hand,0.8534,0
"all participants, 10 % of the labels",720,3,left_hand,0.903,0
"all participants, 10 % of the labels",721,3,right_hand,0.0388,0
"all participants, 10 % of the labels",722,3,right_hand,0.7565,0
"all participants, 10 % of the labels",723,3,left_hand,0.3901,0
"all participants, 10 % of the labels",724,3,right_hand,0.3044,0
"all participants, 10 % of the labels",725,3,left_hand,0.7267,0
"all participants, 10 % of the labels",726,3,right_hand,0.2929,0
"all participants, 10 % of the labels",727,3,right_hand,0.0309,0
"all participants, 10 % of the labels",728,3,left_hand,0.4615,0
"all participants, 10 % of the labels",729,3,right_hand,0.2569,0
"all participants, 10 % of the labels",730,3,left_hand,0.9904,0
"all participants, 10 % of the labels",731,3,left_hand,0.2714,0
"all participants, 10 % of the labels",732,3,right_hand,0.3284,0
"all participants, 10 % of the labels",733,3,left_hand,0.9199,0
"all participants, 10 % of the labels",734,3,left_hand,0.2611,0
"all participants, 10 % of the labels",735,3,left_hand,0.9852,0
"all participants, 10 % of the labels",736,3,left_hand,0.5686,0
"all participants, 10 % of the labels",737,3,right_hand,0.0965,0
"all participants, 10 % of the labels",738,3,left_hand,0.8854,0
"all participants, 10 % of the labels",739,3,right_hand,0.2933,0
"all participants, 10 % of the labels",740,3,right_hand,0.0662,0
"all participants, 10 % of the labels",741,3,left_hand,0.0065,0
"all participants, 10 % of the labels",742,3,right_hand,0.1388,0
"all participants, 10 % of the labels",743,3,right_hand,0.0152,0
"all participants, 10 % of the labels",744,3,right_hand,0.1519,0
"all participants, 10 % of the labels",745,3,left_hand,0.0131,0
"all participants, 10 % of the labels",746,3,left_hand,0.004,0
"all participants, 10 % of the labels",747,3,right_hand,0.0376,0
"all participants, 10 % of the labels",748,3,right_hand,0.0122,0
"all participants, 10 % of the labels",749,3,left_hand,0.9937,0
"all participants, 10 % of the labels",750,3,left_hand,0.9999,0
"all participants, 10 % of the labels",751,3,left_hand,0.0019,0
"all participants, 10 % of the labels",752,3,right_hand,0.9101,0
"all participants, 10 % of the labels",753,3,right_hand,0.0008,0
"all participants, 10 % of the labels",754,3,left_hand,0.6285,0
"all participants, 10 % of the labels",755,3,left_hand,0.97,0
"all participants, 10 % of the labels",756,3,left_hand,0.0849,0
"all participants, 10 % of the labels",757,3,right_hand,0.8715,0
"all participants, 10 % of the labels",758,3,left_hand,0.0531,0
"all participants, 10 % of the labels",759,3,right_hand,0.9874,0
"all participants, 10 % of the labels",760,3,right_hand,0.0068,0
"all participants, 10 % of the labels",761,3,left_hand,0.0507,0
"all participants, 10 % of the labels",762,3,right_hand,0.5136,0
"all participants, 10 % of the labels",763,3,left_hand,0.9931,0
"all participants, 10 % of the labels",764,3,right_hand,0.9395,0
"all participants, 10 % of the labels",765,3,right_hand,0.8244,0
"all participants, 10 % of the labels",766,3,right_hand,0.9208,0
"all participants, 10 % of the labels",767,3,left_hand,0.2054,0
"all participants, 10 % of the labels",768,3,left_hand,0.8086,0
"all participants, 10 % of the labels",769,3,left_hand,0.9078,0
"all participants, 10 % of the labels",770,3,right_hand,0.3785,0
"all participants, 10 % of the labels",771,3,left_hand,0.0015,0
"all participants, 10 % of the labels",772,3,left_hand,0.0155,0
"all participants, 10 % of the labels",773,3,right_hand,0.4577,0
"all participants, 10 % of the labels",774,3,left_hand,0.9903,0
"all participants, 10 % of the labels",775,3,left_hand,0.5419,0
"all participants, 10 % of the labels",776,3,right_hand,0.0105,0
"all participants, 10 % of the labels",777,3,left_hand,0.5793,0
"all participants, 10 % of the labels",778,3,right_hand,0.0163,0
"all participants, 10 % of the labels",779,3,right_hand,0.2212,0
"all participants, 10 % of the labels",780,3,left_hand,0.9905,0
"all participants, 10 % of the labels",781,3,right_hand,0.5303,0
"all participants, 10 % of the labels",782,3,left_hand,0.1952,0
"all participants, 10 % of the labels",783,3,left_hand,0.6975,0
"all participants, 10 % of the labels",784,3,right_hand,0.3505,0
"all participants, 10 % of the labels",785,3,left_hand,0.1826,0
"all participants, 10 % of the labels",786,3,right_hand,0.9906,0
"all participants, 10 % of the labels",787,3,right_hand,0.986,0
"all participants, 10 % of the labels",788,3,right_hand,0.5106,0
"all participants, 10 % of the labels",789,3,right_hand,0.9129,0
"all participants, 10 % of the labels",790,3,right_hand,0.2789,0
"all participants, 10 % of the labels",791,3,left_hand,0.0618,0
"all participants, 10 % of the labels",792,3,right_hand,0.9934,0
"all participants, 10 % of the labels",793,3,left_hand,0.6864,0
"all participants, 10 % of the labels",794,3,left_hand,0.154,0
"all participants, 10 % of the labels",795,3,left_hand,0.5842,0
"all participants, 10 % of the labels",796,3,right_hand,0.794,0
"all participants, 10 % of the labels",797,3,right_hand,0.6601,0
"all participants, 10 % of the labels",798,3,left_hand,0.0552,0
"all participants, 10 % of the labels",799,3,right_hand,0.8167,0
"all participants, 10 % of the labels",800,3,left_hand,0.0161,0
"all participants, 10 % of the labels",801,3,right_hand,0.0031,0
"all participants, 10 % of the labels",802,3,left_hand,0.9695,0
"all participants, 10 % of the labels",803,3,right_hand,0.0253,0
"all participants, 10 % of the labels",804,3,right_hand,0.0964,0
"all participants, 10 % of the labels",805,3,right_hand,0.9013,0
"all participants, 10 % of the labels",806,3,left_hand,0.9234,0
"all participants, 10 % of the labels",807,3,left_hand,0.3089,0
"all participants, 10 % of the labels",808,3,right_hand,0.9061,0
"all participants, 10 % of the labels",809,3,left_hand,0.5579,0
"all participants, 10 % of the labels",810,3,right_hand,0.9619,0
"all participants, 10 % of the labels",811,3,right_hand,0.4458,0
"all participants, 10 % of the labels",812,3,left_hand,0.9187,0
"all participants, 10 % of the labels",813,3,left_hand,0.8525,0
"all participants, 10 % of the labels",814,3,right_hand,0.6707,0
"all participants, 10 % of the labels",815,3,left_hand,0.8273,0
"all participants, 10 % of the labels",816,3,right_hand,0.8906,0
"all participants, 10 % of the labels",817,3,left_hand,0.083,0
"all participants, 10 % of the labels",818,3,left_hand,0.7462,0
"all participants, 10 % of the labels",819,3,right_hand,0.3007,0
"all participants, 10 % of the labels",820,3,left_hand,0.4456,0
"all participants, 10 % of the labels",821,3,left_hand,0.7818,0
"all participants, 10 % of the labels",822,3,left_hand,0.4245,0
"all participants, 10 % of the labels",823,3,right_hand,0.8906,0
"all participants, 10 % of the labels",824,3,right_hand,0.8662,0
"all participants, 10 % of the labels",825,3,right_hand,0.0176,0
"all participants, 10 % of the labels",826,3,right_hand,0.0002,0
"all participants, 10 % of the labels",827,3,left_hand,0.7231,0
"all participants, 10 % of the labels",828,3,right_hand,0.0713,0
"all participants, 10 % of the labels",829,3,right_hand,0.9838,0
"all participants, 10 % of the labels",830,3,right_hand,0.605,0
"all participants, 10 % of the labels",831,3,left_hand,0.6194,0
"all participants, 10 % of the labels",832,3,left_hand,0.6815,0
"all participants, 10 % of the labels",833,3,left_hand,0.9504,0
"all participants, 10 % of the labels",834,3,left_hand,0.2735,0
"all participants, 10 % of the labels",835,3,left_hand,0.0193,0
"all participants, 10 % of the labels",836,3,right_hand,0.079,0
"all participants, 10 % of the labels",837,3,left_hand,0.2656,0
"all participants, 10 % of the labels",838,3,right_hand,0.131,0
"all participants, 10 % of the labels",839,3,right_hand,0.4823,0
"all participants, 10 % of the labels",840,3,left_hand,0.7563,0
"all participants, 10 % of the labels",841,3,right_hand,0.9973,0
"all participants, 10 % of the labels",842,3,left_hand,0.9685,0
"all participants, 10 % of the labels",843,3,left_hand,0.1965,0
"all participants, 10 % of the labels",844,3,right_hand,0.5518,0
"all participants, 10 % of the labels",845,3,right_hand,0.9873,0
"all participants, 10 % of the labels",846,3,right_hand,0.628,0
"all participants, 10 % of the labels",847,3,left_hand,0.3843,0
"all participants, 10 % of the labels",848,3,right_hand,0.7194,0
"all participants, 10 % of the labels",849,3,right_hand,0.9894,0
"all participants, 10 % of the labels",850,3,right_hand,0.9478,0
"all participants, 10 % of the labels",851,3,right_hand,0.999,0
"all participants, 10 % of the labels",852,3,right_hand,0.1147,0
"all participants, 10 % of the labels",853,3,left_hand,0.9524,0
"all participants, 10 % of the labels",854,3,right_hand,0.0199,0
"all participants, 10 % of the labels",855,3,right_hand,0.2533,0
"all participants, 10 % of the labels",856,3,left_hand,0.9987,0
"all participants, 10 % of the labels",857,3,left_hand,0.1444,0
"all participants, 10 % of the labels",858,3,left_hand,0.8476,0
"all participants, 10 % of the labels",859,3,left_hand,0.6788,0
"all participants, 10 % of the labels",860,3,left_hand,0.809,0
"all participants, 10 % of the labels",861,3,left_hand,0.6243,0
"all participants, 10 % of the labels",862,3,right_hand,0.8975,0
"all participants, 10 % of the labels",863,3,left_hand,0.8609,0
"all participants, 10 % of the labels",1008,4,right_hand,0.7529,0
"all participants, 10 % of the labels",1009,4,left_hand,0.7406,0
"all participants, 10 % of the labels",1010,4,left_hand,0.5762,0
"all participants, 10 % of the labels",1011,4,right_hand,0.5209,0
"all participants, 10 % of the labels",1012,4,right_hand,0.9513,0
"all participants, 10 % of the labels",1013,4,left_hand,0.7631,0
"all participants, 10 % of the labels",1014,4,left_hand,0.0351,0
"all participants, 10 % of the labels",1015,4,left_hand,0.8049,0
"all participants, 10 % of the labels",1016,4,right_hand,0.5796,0
"all participants, 10 % of the labels",1017,4,right_hand,0.0607,0
"all participants, 10 % of the labels",1018,4,left_hand,0.7622,0
"all participants, 10 % of the labels",1019,4,left_hand,0.0225,0
"all participants, 10 % of the labels",1020,4,left_hand,0.8776,0
"all participants, 10 % of the labels",1021,4,right_hand,0.1012,0
"all participants, 10 % of the labels",1022,4,left_hand,0.0623,0
"all participants, 10 % of the labels",1023,4,right_hand,0.7322,0
"all participants, 10 % of the labels",1024,4,right_hand,0.1351,0
"all participants, 10 % of the labels",1025,4,left_hand,0.9837,0
"all participants, 10 % of the labels",1026,4,right_hand,0.0168,0
"all participants, 10 % of the labels",1027,4,left_hand,0.0021,0
"all participants, 10 % of the labels",1028,4,right_hand,0.9173,0
"all participants, 10 % of the labels",1029,4,right_hand,0.9624,0
"all participants, 10 % of the labels",1030,4,right_hand,0.9883,0
"all participants, 10 % of the labels",1031,4,left_hand,0.9396,0
"all participants, 10 % of the labels",1032,4,left_hand,0.2734,0
"all participants, 10 % of the labels",1033,4,left_hand,0.9432,0
"all participants, 10 % of the labels",1034,4,right_hand,0.8902,0
"all participants, 10 % of the labels",1035,4,left_hand,0.0262,0
"all participants, 10 % of the labels",1036,4,left_hand,0.2279,0
"all participants, 10 % of the labels",1037,4,right_hand,0.7939,0
"all participants, 10 % of the labels",1038,4,left_hand,0.0025,0
"all participants, 10 % of the labels",1039,4,left_hand,0.0082,0
"all participants, 10 % of the labels",1040,4,right_hand,0.5451,0
"all participants, 10 % of the labels",1041,4,left_hand,0.6864,0
"all participants, 10 % of the labels",1042,4,right_hand,0.3174,0
"all participants, 10 % of the labels",1043,4,right_hand,0.366,0
"all participants, 10 % of the labels",1044,4,left_hand,0.0001,0
"all participants, 10 % of the labels",1045,4,right_hand,0.3634,0
"all participants, 10 % of the labels",1046,4,left_hand,0.0071,0
"all participants, 10 % of the labels",1047,4,left_hand,0.9349,0
"all participants, 10 % of the labels",1048,4,right_hand,0.1696,0
"all participants, 10 % of the labels",1049,4,left_hand,0.547,0
"all participants, 10 % of the labels",1050,4,right_hand,0.3176,0
"all participants, 10 % of the labels",1051,4,right_hand,0.9431,0
"all participants, 10 % of the labels",1052,4,right_hand,0.0016,0
"all participants, 10 % of the labels",1053,4,right_hand,0.9964,0
"all participants, 10 % of the labels",1054,4,right_hand,0.1727,0
"all participants, 10 % of the labels",1055,4,left_hand,0.9993,0
"all participants, 10 % of the labels",1056,4,right_hand,0.0087,0
"all participants, 10 % of the labels",1057,4,left_hand,0.0056,0
"all participants, 10 % of the labels",1058,4,left_hand,0.778,0
"all participants, 10 % of the labels",1059,4,left_hand,0.9878,0
"all participants, 10 % of the labels",1060,4,right_hand,0.9528,0
"all participants, 10 % of the labels",1061,4,right_hand,0.4289,0
"all participants, 10 % of the labels",1062,4,left_hand,0.9534,0
"all participants, 10 % of the labels",1063,4,right_hand,0.1671,0
"all participants, 10 % of the labels",1064,4,left_hand,0.0055,0
"all participants, 10 % of the labels",1065,4,right_hand,0.8769,0
"all participants, 10 % of the labels",1066,4,left_hand,0.9844,0
"all participants, 10 % of the labels",1067,4,right_hand,0.9072,0
"all participants, 10 % of the labels",1068,4,right_hand,0.5198,0
"all participants, 10 % of the labels",1069,4,right_hand,0.7178,0
"all participants, 10 % of the labels",1070,4,left_hand,0.0382,0
"all participants, 10 % of the labels",1071,4,left_hand,0.7236,0
"all participants, 10 % of the labels",1072,4,right_hand,0.9106,0
"all participants, 10 % of the labels",1073,4,left_hand,0.2935,0
"all participants, 10 % of the labels",1074,4,right_hand,0.7501,0
"all participants, 10 % of the labels",1075,4,right_hand,0.0003,0
"all participants, 10 % of the labels",1076,4,left_hand,0.0006,0
"all participants, 10 % of the labels",1077,4,left_hand,0.1666,0
"all participants, 10 % of the labels",1078,4,right_hand,0.3506,0
"all participants, 10 % of the labels",1079,4,left_hand,0.9983,0
"all participants, 10 % of the labels",1080,4,right_hand,0.3161,0
"all participants, 10 % of the labels",1081,4,left_hand,0.2513,0
"all participants, 10 % of the labels",1082,4,left_hand,0.7402,0
"all participants, 10 % of the labels",1083,4,right_hand,0.9789,0
"all participants, 10 % of the labels",1084,4,left_hand,0.3021,0
"all participants, 10 % of the labels",1085,4,left_hand,0.4471,0
"all participants, 10 % of the labels",1086,4,left_hand,0.802,0
"all participants, 10 % of the labels",1087,4,right_hand,0.9994,0
"all participants, 10 % of the labels",1088,4,right_hand,0.913,0
"all participants, 10 % of the labels",1089,4,right_hand,0.9968,0
"all participants, 10 % of the labels",1090,4,right_hand,0.1972,0
"all participants, 10 % of the labels",1091,4,left_hand,0.9422,0
"all participants, 10 % of the labels",1092,4,right_hand,0.0004,0
"all participants, 10 % of the labels",1093,4,right_hand,0.9455,0
"all participants, 10 % of the labels",1094,4,right_hand,0.9918,0
"all participants, 10 % of the labels",1095,4,left_hand,0.1678,0
"all participants, 10 % of the labels",1096,4,left_hand,0.1169,0
"all participants, 10 % of the labels",1097,4,left_hand,0.8329,0
"all participants, 10 % of the labels",1098,4,left_hand,0.0018,0
"all participants, 10 % of the labels",1099,4,left_hand,0.9867,0
"all participants, 10 % of the labels",1100,4,right_hand,0.0001,0
"all participants, 10 % of the labels",1101,4,left_hand,0.0055,0
"all participants, 10 % of the labels",1102,4,right_hand,0.0479,0
"all participants, 10 % of the labels",1103,4,right_hand,0.4993,0
"all participants, 10 % of the labels",1104,4,left_hand,0.1993,0
"all participants, 10 % of the labels",1105,4,right_hand,0.3594,0
"all participants, 10 % of the labels",1106,4,left_hand,0.7658,0
"all participants, 10 % of the labels",1107,4,left_hand,0.999,0
"all participants, 10 % of the labels",1108,4,right_hand,0.0514,0
"all participants, 10 % of the labels",1109,4,right_hand,0.017,0
"all participants, 10 % of the labels",1110,4,right_hand,0.9953,0
"all participants, 10 % of the labels",1111,4,left_hand,0.0369,0
"all participants, 10 % of the labels",1112,4,right_hand,0.9947,0
"all participants, 10 % of the labels",1113,4,right_hand,0.0634,0
"all participants, 10 % of the labels",1114,4,right_hand,0.2016,0
"all participants, 10 % of the labels",1115,4,right_hand,0.919,0
"all participants, 10 % of the labels",1116,4,right_hand,0.9723,0
"all participants, 10 % of the labels",1117,4,left_hand,0.941,0
"all participants, 10 % of the labels",1118,4,right_hand,0.8946,0
"all participants, 10 % of the labels",1119,4,right_hand,0.0493,0
"all participants, 10 % of the labels",1120,4,left_hand,0.8962,0
"all participants, 10 % of the labels",1121,4,left_hand,0.5447,0
"all participants, 10 % of the labels",1122,4,left_hand,0.9965,0
"all participants, 10 % of the labels",1123,4,left_hand,0.1549,0
"all participants, 10 % of the labels",1124,4,left_hand,0.005,0
"all participants, 10 % of the labels",1125,4,left_hand,0.0174,0
"all participants, 10 % of the labels",1126,4,right_hand,0.7207,0
"all participants, 10 % of the labels",1127,4,left_hand,0.0106,0
"all participants, 10 % of the labels",1128,4,left_hand,0.0436,0
"all participants, 10 % of the labels",1129,4,right_hand,0.0134,0
"all participants, 10 % of the labels",1130,4,right_hand,0.7673,0
"all participants, 10 % of the labels",1131,4,left_hand,0.0832,0
"all participants, 10 % of the labels",1132,4,right_hand,0.9942,0
"all participants, 10 % of the labels",1133,4,right_hand,0.4266,0
"all participants, 10 % of the labels",1134,4,right_hand,0.0272,0
"all participants, 10 % of the labels",1135,4,right_hand,0.9205,0
"all participants, 10 % of the labels",1136,4,right_hand,0.6971,0
"all participants, 10 % of the labels",1137,4,left_hand,0.8911,0
"all participants, 10 % of the labels",1138,4,left_hand,0.4766,0
"all participants, 10 % of the labels",1139,4,left_hand,0.3241,0
"all participants, 10 % of the labels",1140,4,left_hand,0.0022,0
"all participants, 10 % of the labels",1141,4,right_hand,0.0013,0
"all participants, 10 % of the labels",1142,4,right_hand,0.9046,0
"all participants, 10 % of the labels",1143,4,left_hand,0.0274,0
"all participants, 10 % of the labels",1144,4,left_hand,0.0046,0
"all participants, 10 % of the labels",1145,4,left_hand,0.0133,0
"all participants, 10 % of the labels",1146,4,right_hand,0.0011,0
"all participants, 10 % of the labels",1147,4,right_hand,0.2694,0
"all participants, 10 % of the labels",1148,4,left_hand,0.0241,0
"all participants, 10 % of the labels",1149,4,left_hand,0.078,0
"all participants, 10 % of the labels",1150,4,right_hand,0.9095,0
"all participants, 10 % of the labels",1151,4,left_hand,0.4593,0
"all participants, 10 % of the labels",1296,5,left_hand,0.7595,0
"all participants, 10 % of the labels",1297,5,right_hand,0.0042,0
"all participants, 10 % of the labels",1298,5,right_hand,0.0087,0
"all participants, 10 % of the labels",1299,5,left_hand,0.0014,0
"all participants, 10 % of the labels",1300,5,right_hand,0.0062,0
"all participants, 10 % of the labels",1301,5,left_hand,0.0027,0
"all participants, 10 % of the labels",1302,5,right_hand,0.8772,0
"all participants, 10 % of the labels",1303,5,right_hand,0.3303,0
"all participants, 10 % of the labels",1304,5,left_hand,0.2657,0
"all participants, 10 % of the labels",1305,5,right_hand,0.0003,0
"all participants, 10 % of the labels",1306,5,left_hand,0.0768,0
"all participants, 10 % of the labels",1307,5,left_hand,0.0019,0
"all participants, 10 % of the labels",1308,5,right_hand,0.3747,0
"all participants, 10 % of the labels",1309,5,left_hand,0.1004,0
"all participants, 10 % of the labels",1310,5,left_hand,0.0616,0
"all participants, 10 % of the labels",1311,5,left_hand,0.0969,0
"all participants, 10 % of the labels",1312,5,left_hand,0.0014,0
"all participants, 10 % of the labels",1313,5,right_hand,0.2503,0
"all participants, 10 % of the labels",1314,5,left_hand,0.0035,0
"all participants, 10 % of the labels",1315,5,right_hand,0.0356,0
"all participants, 10 % of the labels",1316,5,right_hand,0.0113,0
"all participants, 10 % of the labels",1317,5,left_hand,0.5287,0
"all participants, 10 % of the labels",1318,5,right_hand,0.0378,0
"all participants, 10 % of the labels",1319,5,right_hand,0.0041,0
"all participants, 10 % of the labels",1320,5,right_hand,0.1402,0
"all participants, 10 % of the labels",1321,5,left_hand,0.7487,0
"all participants, 10 % of the labels",1322,5,left_hand,0.2647,0
"all participants, 10 % of the labels",1323,5,right_hand,0.0452,0
"all participants, 10 % of the labels",1324,5,right_hand,0.0444,0
"all participants, 10 % of the labels",1325,5,left_hand,0.0043,0
"all participants, 10 % of the labels",1326,5,left_hand,0.0018,0
"all participants, 10 % of the labels",1327,5,left_hand,0.0202,0
"all participants, 10 % of the labels",1328,5,right_hand,0.2965,0
"all participants, 10 % of the labels",1329,5,right_hand,0.0223,0
"all participants, 10 % of the labels",1330,5,left_hand,0.2102,0
"all participants, 10 % of the labels",1331,5,left_hand,0.0076,0
"all participants, 10 % of the labels",1332,5,left_hand,0.0504,0
"all participants, 10 % of the labels",1333,5,right_hand,0.0112,0
"all participants, 10 % of the labels",1334,5,left_hand,0.041,0
"all participants, 10 % of the labels",1335,5,right_hand,0.1233,0
"all participants, 10 % of the labels",1336,5,right_hand,0.0522,0
"all participants, 10 % of the labels",1337,5,left_hand,0.0099,0
"all participants, 10 % of the labels",1338,5,right_hand,0.7882,0
"all participants, 10 % of the labels",1339,5,left_hand,0.0001,0
"all participants, 10 % of the labels",1340,5,right_hand,0.1993,0
"all participants, 10 % of the labels",1341,5,right_hand,0.007,0
"all participants, 10 % of the labels",1342,5,right_hand,0.0014,0
"all participants, 10 % of the labels",1343,5,left_hand,0.4878,0
"all participants, 10 % of the labels",1344,5,left_hand,0.9939,0
"all participants, 10 % of the labels",1345,5,left_hand,0.9059,0
"all participants, 10 % of the labels",1346,5,right_hand,0.1538,0
"all participants, 10 % of the labels",1347,5,left_hand,0.5605,0
"all participants, 10 % of the labels",1348,5,left_hand,0.6033,0
"all participants, 10 % of the labels",1349,5,right_hand,0.0517,0
"all participants, 10 % of the labels",1350,5,left_hand,0.6904,0
"all participants, 10 % of the labels",1351,5,left_hand,0.0009,0
"all participants, 10 % of the labels",1352,5,right_hand,0.0091,0
"all participants, 10 % of the labels",1353,5,left_hand,0.7523,0
"all participants, 10 % of the labels",1354,5,right_hand,0.7306,0
"all participants, 10 % of the labels",1355,5,right_hand,0.0013,0
"all participants, 10 % of the labels",1356,5,left_hand,0.1437,0
"all participants, 10 % of the labels",1357,5,right_hand,0.0032,0
"all participants, 10 % of the labels",1358,5,left_hand,0.0068,0
"all participants, 10 % of the labels",1359,5,left_hand,0.0456,0
"all participants, 10 % of the labels",1360,5,right_hand,0.8786,0
"all participants, 10 % of the labels",1361,5,left_hand,0.8972,0
"all participants, 10 % of the labels",1362,5,right_hand,0.0011,0
"all participants, 10 % of the labels",1363,5,right_hand,0.1779,0
"all participants, 10 % of the labels",1364,5,right_hand,0.0785,0
"all participants, 10 % of the labels",1365,5,right_hand,0.8584,0
"all participants, 10 % of the labels",1366,5,right_hand,0.0123,0
"all participants, 10 % of the labels",1367,5,left_hand,0.0088,0
"all participants, 10 % of the labels",1368,5,right_hand,0.3024,0
"all participants, 10 % of the labels",1369,5,left_hand,0.3553,0
"all participants, 10 % of the labels",1370,5,left_hand,0.6551,0
"all participants, 10 % of the labels",1371,5,left_hand,0.0061,0
"all participants, 10 % of the labels",1372,5,right_hand,0.844,0
"all participants, 10 % of the labels",1373,5,right_hand,0.0004,0
"all participants, 10 % of the labels",1374,5,left_hand,0.0841,0
"all participants, 10 % of the labels",1375,5,right_hand,0.017,0
"all participants, 10 % of the labels",1376,5,left_hand,0.7394,0
"all participants, 10 % of the labels",1377,5,right_hand,0.0204,0
"all participants, 10 % of the labels",1378,5,left_hand,0.019,0
"all participants, 10 % of the labels",1379,5,right_hand,0.9795,0
"all participants, 10 % of the labels",1380,5,right_hand,0.2735,0
"all participants, 10 % of the labels",1381,5,right_hand,0.6892,0
"all participants, 10 % of the labels",1382,5,left_hand,0.1748,0
"all participants, 10 % of the labels",1383,5,left_hand,0.8238,0
"all participants, 10 % of the labels",1384,5,right_hand,0.0254,0
"all participants, 10 % of the labels",1385,5,left_hand,0.0018,0
"all participants, 10 % of the labels",1386,5,right_hand,0.4175,0
"all participants, 10 % of the labels",1387,5,right_hand,0.6571,0
"all participants, 10 % of the labels",1388,5,left_hand,0.3683,0
"all participants, 10 % of the labels",1389,5,left_hand,0.0019,0
"all participants, 10 % of the labels",1390,5,right_hand,0.1409,0
"all participants, 10 % of the labels",1391,5,left_hand,0.1305,0
"all participants, 10 % of the labels",1392,5,right_hand,0.0117,0
"all participants, 10 % of the labels",1393,5,left_hand,0.0192,0
"all participants, 10 % of the labels",1394,5,left_hand,0.0761,0
"all participants, 10 % of the labels",1395,5,right_hand,0.009,0
"all participants, 10 % of the labels",1396,5,left_hand,0.4621,0
"all participants, 10 % of the labels",1397,5,left_hand,0.0764,0
"all participants, 10 % of the labels",1398,5,left_hand,0.3428,0
"all participants, 10 % of the labels",1399,5,right_hand,0.0073,0
"all participants, 10 % of the labels",1400,5,right_hand,0.8308,0
"all participants, 10 % of the labels",1401,5,right_hand,0.0985,0
"all participants, 10 % of the labels",1402,5,right_hand,0.3734,0
"all participants, 10 % of the labels",1403,5,left_hand,0.561,0
"all participants, 10 % of the labels",1404,5,right_hand,0.1616,0
"all participants, 10 % of the labels",1405,5,right_hand,0.7389,0
"all participants, 10 % of the labels",1406,5,right_hand,0.1114,0
"all participants, 10 % of the labels",1407,5,left_hand,0.0116,0
"all participants, 10 % of the labels",1408,5,left_hand,0.7281,0
"all participants, 10 % of the labels",1409,5,left_hand,0.5183,0
"all participants, 10 % of the labels",1410,5,left_hand,0.0006,0
"all participants, 10 % of the labels",1411,5,left_hand,0.8236,0
"all participants, 10 % of the labels",1412,5,right_hand,0.0004,0
"all participants, 10 % of the labels",1413,5,left_hand,0.0126,0
"all participants, 10 % of the labels",1414,5,right_hand,0.0239,0
"all participants, 10 % of the labels",1415,5,right_hand,0.9394,0
"all participants, 10 % of the labels",1416,5,left_hand,0.005,0
"all participants, 10 % of the labels",1417,5,right_hand,0.0039,0
"all participants, 10 % of the labels",1418,5,left_hand,0.0001,0
"all participants, 10 % of the labels",1419,5,left_hand,0.0495,0
"all participants, 10 % of the labels",1420,5,right_hand,0.9789,0
"all participants, 10 % of the labels",1421,5,right_hand,0.0672,0
"all participants, 10 % of the labels",1422,5,right_hand,0.0496,0
"all participants, 10 % of the labels",1423,5,left_hand,0.0307,0
"all participants, 10 % of the labels",1424,5,right_hand,0.488,0
"all participants, 10 % of the labels",1425,5,right_hand,0.0102,0
"all participants, 10 % of the labels",1426,5,right_hand,0.1136,0
"all participants, 10 % of the labels",1427,5,right_hand,0.148,0
"all participants, 10 % of the labels",1428,5,right_hand,0.0336,0
"all participants, 10 % of the labels",1429,5,left_hand,0.9132,0
"all participants, 10 % of the labels",1430,5,right_hand,0.0121,0
"all participants, 10 % of the labels",1431,5,right_hand,0.0062,0
"all participants, 10 % of the labels",1432,5,left_hand,0.0004,0
"all participants, 10 % of the labels",1433,5,left_hand,0.3372,0
"all participants, 10 % of the labels",1434,5,left_hand,0.0054,0
"all participants, 10 % of the labels",1435,5,left_hand,0.9939,0
"all participants, 10 % of the labels",1436,5,left_hand,0.8358,0
"all participants, 10 % of the labels",1437,5,left_hand,0.0084,0
"all participants, 10 % of the labels",1438,5,right_hand,0.1189,0
"all participants, 10 % of the labels",1439,5,left_hand,0.005,0
"all participants, 10 % of the labels",1584,6,left_hand,0.4699,0
"all participants, 10 % of the labels",1585,6,right_hand,0.4024,0
"all participants, 10 % of the labels",1586,6,right_hand,0.0638,0
"all participants, 10 % of the labels",1587,6,left_hand,0.0073,0
"all participants, 10 % of the labels",1588,6,right_hand,0.9386,0
"all participants, 10 % of the labels",1589,6,left_hand,0.0044,0
"all participants, 10 % of the labels",1590,6,right_hand,0.7841,0
"all participants, 10 % of the labels",1591,6,right_hand,0.9857,0
"all participants, 10 % of the labels",1592,6,left_hand,0.051,0
"all participants, 10 % of the labels",1593,6,right_hand,0.9781,0
"all participants, 10 % of the labels",1594,6,left_hand,0.9983,0
"all participants, 10 % of the labels",1595,6,left_hand,0.991,0
"all participants, 10 % of the labels",1596,6,right_hand,0.9953,0
"all participants, 10 % of the labels",1597,6,left_hand,0.6014,0
"all participants, 10 % of the labels",1598,6,left_hand,0.9872,0
"all participants, 10 % of the labels",1599,6,left_hand,0.5955,0
"all participants, 10 % of the labels",1600,6,left_hand,0.6714,0
"all participants, 10 % of the labels",1601,6,right_hand,0.8268,0
"all participants, 10 % of the labels",1602,6,left_hand,0.6238,0
"all participants, 10 % of the labels",1603,6,right_hand,0.0572,0
"all participants, 10 % of the labels",1604,6,right_hand,0.9961,0
"all participants, 10 % of the labels",1605,6,left_hand,0.8664,0
"all participants, 10 % of the labels",1606,6,right_hand,0.994,0
"all participants, 10 % of the labels",1607,6,right_hand,0.4453,0
"all participants, 10 % of the labels",1608,6,right_hand,0.8683,0
"all participants, 10 % of the labels",1609,6,left_hand,0.9995,0
"all participants, 10 % of the labels",1610,6,left_hand,0.8153,0
"all participants, 10 % of the labels",1611,6,right_hand,0.1964,0
"all participants, 10 % of the labels",1612,6,right_hand,0.9935,0
"all participants, 10 % of the labels",1613,6,left_hand,0.0657,0
"all participants, 10 % of the labels",1614,6,left_hand,0.7788,0
"all participants, 10 % of the labels",1615,6,left_hand,1.0,0
"all participants, 10 % of the labels",1616,6,right_hand,0.552,0
"all participants, 10 % of the labels",1617,6,right_hand,0.6547,0
"all participants, 10 % of the labels",1618,6,left_hand,0.7091,0
"all participants, 10 % of the labels",1619,6,left_hand,0.8556,0
"all participants, 10 % of the labels",1620,6,left_hand,0.0013,0
"all participants, 10 % of the labels",1621,6,right_hand,0.0207,0
"all participants, 10 % of the labels",1622,6,left_hand,0.9383,0
"all participants, 10 % of the labels",1623,6,right_hand,0.9708,0
"all participants, 10 % of the labels",1624,6,right_hand,0.9979,0
"all participants, 10 % of the labels",1625,6,left_hand,0.0061,0
"all participants, 10 % of the labels",1626,6,right_hand,0.8671,0
"all participants, 10 % of the labels",1627,6,left_hand,0.3511,0
"all participants, 10 % of the labels",1628,6,right_hand,0.0005,0
"all participants, 10 % of the labels",1629,6,right_hand,0.8891,0
"all participants, 10 % of the labels",1630,6,right_hand,0.0025,0
"all participants, 10 % of the labels",1631,6,left_hand,0.0099,0
"all participants, 10 % of the labels",1632,6,left_hand,0.648,0
"all participants, 10 % of the labels",1633,6,left_hand,0.9993,0
"all participants, 10 % of the labels",1634,6,right_hand,0.9997,0
"all participants, 10 % of the labels",1635,6,left_hand,0.1624,0
"all participants, 10 % of the labels",1636,6,left_hand,0.0018,0
"all participants, 10 % of the labels",1637,6,right_hand,0.9868,0
"all participants, 10 % of the labels",1638,6,left_hand,0.8211,0
"all participants, 10 % of the labels",1639,6,left_hand,0.0055,0
"all participants, 10 % of the labels",1640,6,right_hand,0.9904,0
"all participants, 10 % of the labels",1641,6,left_hand,0.7567,0
"all participants, 10 % of the labels",1642,6,right_hand,0.8416,0
"all participants, 10 % of the labels",1643,6,right_hand,0.336,0
"all participants, 10 % of the labels",1644,6,left_hand,0.8865,0
"all participants, 10 % of the labels",1645,6,right_hand,0.9969,0
"all participants, 10 % of the labels",1646,6,left_hand,0.932,0
"all participants, 10 % of the labels",1647,6,left_hand,0.887,0
"all participants, 10 % of the labels",1648,6,right_hand,0.6599,0
"all participants, 10 % of the labels",1649,6,left_hand,0.9996,0
"all participants, 10 % of the labels",1650,6,right_hand,0.8878,0
"all participants, 10 % of the labels",1651,6,right_hand,0.777,0
"all participants, 10 % of the labels",1652,6,right_hand,0.9874,0
"all participants, 10 % of the labels",1653,6,right_hand,0.4258,0
"all participants, 10 % of the labels",1654,6,right_hand,0.6106,0
"all participants, 10 % of the labels",1655,6,left_hand,0.9982,0
"all participants, 10 % of the labels",1656,6,right_hand,0.5337,0
"all participants, 10 % of the labels",1657,6,left_hand,0.2311,0
"all participants, 10 % of the labels",1658,6,left_hand,0.9628,0
"all participants, 10 % of the labels",1659,6,left_hand,0.9827,0
"all participants, 10 % of the labels",1660,6,right_hand,0.8901,0
"all participants, 10 % of the labels",1661,6,right_hand,0.2271,0
"all participants, 10 % of the labels",1662,6,left_hand,0.86,0
"all participants, 10 % of the labels",1663,6,right_hand,0.9581,0
"all participants, 10 % of the labels",1664,6,left_hand,0.8622,0
"all participants, 10 % of the labels",1665,6,right_hand,0.6676,0
"all participants, 10 % of the labels",1666,6,left_hand,0.9964,0
"all participants, 10 % of the labels",1667,6,right_hand,0.9986,0
"all participants, 10 % of the labels",1668,6,right_hand,0.9969,0
"all participants, 10 % of the labels",1669,6,right_hand,0.9986,0
"all participants, 10 % of the labels",1670,6,left_hand,0.1302,0
"all participants, 10 % of the labels",1671,6,left_hand,0.3427,0
"all participants, 10 % of the labels",1672,6,right_hand,0.9946,0
"all participants, 10 % of the labels",1673,6,left_hand,0.9965,0
"all participants, 10 % of the labels",1674,6,right_hand,0.2321,0
"all participants, 10 % of the labels",1675,6,right_hand,0.229,0
"all participants, 10 % of the labels",1676,6,left_hand,0.464,0
"all participants, 10 % of the labels",1677,6,left_hand,0.6635,0
"all participants, 10 % of the labels",1678,6,right_hand,0.1896,0
"all participants, 10 % of the labels",1679,6,left_hand,0.7062,0
"all participants, 10 % of the labels",1680,6,right_hand,1.0,0
"all participants, 10 % of the labels",1681,6,left_hand,0.6766,0
"all participants, 10 % of the labels",1682,6,left_hand,0.4873,0
"all participants, 10 % of the labels",1683,6,right_hand,0.997,0
"all participants, 10 % of the labels",1684,6,left_hand,0.2714,0
"all participants, 10 % of the labels",1685,6,left_hand,0.9689,0
"all participants, 10 % of the labels",1686,6,left_hand,0.9963,0
"all participants, 10 % of the labels",1687,6,right_hand,0.9899,0
"all participants, 10 % of the labels",1688,6,right_hand,0.4494,0
"all participants, 10 % of the labels",1689,6,right_hand,0.9518,0
"all participants, 10 % of the labels",1690,6,right_hand,0.9929,0
"all participants, 10 % of the labels",1691,6,left_hand,0.9992,0
"all participants, 10 % of the labels",1692,6,right_hand,0.9999,0
"all participants, 10 % of the labels",1693,6,right_hand,0.998,0
"all participants, 10 % of the labels",1694,6,right_hand,0.9218,0
"all participants, 10 % of the labels",1695,6,left_hand,0.4865,0
"all participants, 10 % of the labels",1696,6,left_hand,0.1212,0
"all participants, 10 % of the labels",1697,6,left_hand,0.9964,0
"all participants, 10 % of the labels",1698,6,left_hand,0.0238,0
"all participants, 10 % of the labels",1699,6,left_hand,0.2673,0
"all participants, 10 % of the labels",1700,6,right_hand,0.0001,0
"all participants, 10 % of the labels",1701,6,left_hand,0.2796,0
"all participants, 10 % of the labels",1702,6,right_hand,0.9548,0
"all participants, 10 % of the labels",1703,6,right_hand,0.9868,0
"all participants, 10 % of the labels",1704,6,left_hand,0.9803,0
"all participants, 10 % of the labels",1705,6,right_hand,0.0133,0
"all participants, 10 % of the labels",1706,6,left_hand,0.6406,0
"all participants, 10 % of the labels",1707,6,left_hand,0.9685,0
"all participants, 10 % of the labels",1708,6,right_hand,0.2813,0
"all participants, 10 % of the labels",1709,6,right_hand,0.0274,0
"all participants, 10 % of the labels",1710,6,right_hand,0.7452,0
"all participants, 10 % of the labels",1711,6,left_hand,0.5193,0
"all participants, 10 % of the labels",1712,6,right_hand,0.8315,0
"all participants, 10 % of the labels",1713,6,right_hand,0.9995,0
"all participants, 10 % of the labels",1714,6,right_hand,0.6586,0
"all participants, 10 % of the labels",1715,6,right_hand,0.2209,0
"all participants, 10 % of the labels",1716,6,right_hand,0.9626,0
"all participants, 10 % of the labels",1717,6,left_hand,0.362,0
"all participants, 10 % of the labels",1718,6,right_hand,0.9985,0
"all participants, 10 % of the labels",1719,6,right_hand,0.0273,0
"all participants, 10 % of the labels",1720,6,left_hand,0.2007,0
"all participants, 10 % of the labels",1721,6,left_hand,0.973,0
"all participants, 10 % of the labels",1722,6,left_hand,0.0363,0
"all participants, 10 % of the labels",1723,6,left_hand,0.7131,0
"all participants, 10 % of the labels",1724,6,left_hand,0.2984,0
"all participants, 10 % of the labels",1725,6,left_hand,0.8724,0
"all participants, 10 % of the labels",1726,6,right_hand,0.7785,0
"all participants, 10 % of the labels",1727,6,left_hand,0.8847,0
"all participants, 10 % of the labels",1872,7,left_hand,0.327,0
"all participants, 10 % of the labels",1873,7,right_hand,0.6445,0
"all participants, 10 % of the labels",1874,7,right_hand,0.9913,0
"all participants, 10 % of the labels",1875,7,left_hand,0.0275,0
"all participants, 10 % of the labels",1876,7,right_hand,0.9998,0
"all participants, 10 % of the labels",1877,7,left_hand,0.9974,0
"all participants, 10 % of the labels",1878,7,right_hand,0.8439,0
"all participants, 10 % of the labels",1879,7,right_hand,0.9863,0
"all participants, 10 % of the labels",1880,7,left_hand,0.9434,0
"all participants, 10 % of the labels",1881,7,right_hand,0.9065,0
"all participants, 10 % of the labels",1882,7,left_hand,0.4523,0
"all participants, 10 % of the labels",1883,7,left_hand,0.8706,0
"all participants, 10 % of the labels",1884,7,right_hand,0.0635,0
"all participants, 10 % of the labels",1885,7,left_hand,0.1394,0
"all participants, 10 % of the labels",1886,7,left_hand,0.7981,0
"all participants, 10 % of the labels",1887,7,left_hand,0.9628,0
"all participants, 10 % of the labels",1888,7,left_hand,0.9958,0
"all participants, 10 % of the labels",1889,7,right_hand,0.4714,0
"all participants, 10 % of the labels",1890,7,left_hand,0.1794,0
"all participants, 10 % of the labels",1891,7,right_hand,0.4414,0
"all participants, 10 % of the labels",1892,7,right_hand,1.0,0
"all participants, 10 % of the labels",1893,7,left_hand,0.927,0
"all participants, 10 % of the labels",1894,7,right_hand,0.9945,0
"all participants, 10 % of the labels",1895,7,right_hand,0.1584,0
"all participants, 10 % of the labels",1896,7,right_hand,0.9956,0
"all participants, 10 % of the labels",1897,7,left_hand,0.3752,0
"all participants, 10 % of the labels",1898,7,left_hand,0.9985,0
"all participants, 10 % of the labels",1899,7,right_hand,0.8558,0
"all participants, 10 % of the labels",1900,7,right_hand,0.1314,0
"all participants, 10 % of the labels",1901,7,left_hand,0.9465,0
"all participants, 10 % of the labels",1902,7,left_hand,0.3342,0
"all participants, 10 % of the labels",1903,7,left_hand,0.7113,0
"all participants, 10 % of the labels",1904,7,right_hand,0.3415,0
"all participants, 10 % of the labels",1905,7,right_hand,0.8402,0
"all participants, 10 % of the labels",1906,7,left_hand,0.0021,0
"all participants, 10 % of the labels",1907,7,left_hand,0.9217,0
"all participants, 10 % of the labels",1908,7,left_hand,0.7178,0
"all participants, 10 % of the labels",1909,7,right_hand,0.8679,0
"all participants, 10 % of the labels",1910,7,left_hand,0.6031,0
"all participants, 10 % of the labels",1911,7,right_hand,0.9481,0
"all participants, 10 % of the labels",1912,7,right_hand,0.996,0
"all participants, 10 % of the labels",1913,7,left_hand,0.572,0
"all participants, 10 % of the labels",1914,7,right_hand,0.0087,0
"all participants, 10 % of the labels",1915,7,left_hand,0.8629,0
"all participants, 10 % of the labels",1916,7,right_hand,0.0143,0
"all participants, 10 % of the labels",1917,7,right_hand,0.8225,0
"all participants, 10 % of the labels",1918,7,right_hand,0.0188,0
"all participants, 10 % of the labels",1919,7,left_hand,0.9528,0
"all participants, 10 % of the labels",1920,7,left_hand,0.9784,0
"all participants, 10 % of the labels",1921,7,left_hand,0.4894,0
"all participants, 10 % of the labels",1922,7,right_hand,0.6737,0
"all participants, 10 % of the labels",1923,7,left_hand,0.4985,0
"all participants, 10 % of the labels",1924,7,left_hand,0.6784,0
"all participants, 10 % of the labels",1925,7,right_hand,0.041,0
"all participants, 10 % of the labels",1926,7,left_hand,0.6023,0
"all participants, 10 % of the labels",1927,7,left_hand,0.1664,0
"all participants, 10 % of the labels",1928,7,right_hand,0.7946,0
"all participants, 10 % of the labels",1929,7,left_hand,0.0422,0
"all participants, 10 % of the labels",1930,7,right_hand,0.9991,0
"all participants, 10 % of the labels",1931,7,right_hand,0.3636,0
"all participants, 10 % of the labels",1932,7,left_hand,0.3293,0
"all participants, 10 % of the labels",1933,7,right_hand,0.9708,0
"all participants, 10 % of the labels",1934,7,left_hand,0.8985,0
"all participants, 10 % of the labels",1935,7,left_hand,0.2886,0
"all participants, 10 % of the labels",1936,7,right_hand,0.9884,0
"all participants, 10 % of the labels",1937,7,left_hand,0.8768,0
"all participants, 10 % of the labels",1938,7,right_hand,0.1613,0
"all participants, 10 % of the labels",1939,7,right_hand,0.2694,0
"all participants, 10 % of the labels",1940,7,right_hand,0.079,0
"all participants, 10 % of the labels",1941,7,right_hand,0.9176,0
"all participants, 10 % of the labels",1942,7,right_hand,0.9965,0
"all participants, 10 % of the labels",1943,7,left_hand,0.9894,0
"all participants, 10 % of the labels",1944,7,right_hand,0.1595,0
"all participants, 10 % of the labels",1945,7,left_hand,0.9966,0
"all participants, 10 % of the labels",1946,7,left_hand,0.0037,0
"all participants, 10 % of the labels",1947,7,left_hand,0.8804,0
"all participants, 10 % of the labels",1948,7,right_hand,0.5414,0
"all participants, 10 % of the labels",1949,7,right_hand,0.997,0
"all participants, 10 % of the labels",1950,7,left_hand,0.8103,0
"all participants, 10 % of the labels",1951,7,right_hand,0.9934,0
"all participants, 10 % of the labels",1952,7,left_hand,0.9977,0
"all participants, 10 % of the labels",1953,7,right_hand,0.9541,0
"all participants, 10 % of the labels",1954,7,left_hand,0.8858,0
"all participants, 10 % of the labels",1955,7,right_hand,0.4147,0
"all participants, 10 % of the labels",1956,7,right_hand,0.0051,0
"all participants, 10 % of the labels",1957,7,right_hand,0.0573,0
"all participants, 10 % of the labels",1958,7,left_hand,0.9814,0
"all participants, 10 % of the labels",1959,7,left_hand,0.6353,0
"all participants, 10 % of the labels",1960,7,right_hand,0.9983,0
"all participants, 10 % of the labels",1961,7,left_hand,0.996,0
"all participants, 10 % of the labels",1962,7,right_hand,0.9071,0
"all participants, 10 % of the labels",1963,7,right_hand,0.5619,0
"all participants, 10 % of the labels",1964,7,left_hand,0.9974,0
"all participants, 10 % of the labels",1965,7,left_hand,0.0906,0
"all participants, 10 % of the labels",1966,7,right_hand,0.9222,0
"all participants, 10 % of the labels",1967,7,left_hand,0.9849,0
"all participants, 10 % of the labels",1968,7,right_hand,0.1891,0
"all participants, 10 % of the labels",1969,7,left_hand,0.0268,0
"all participants, 10 % of the labels",1970,7,left_hand,0.5262,0
"all participants, 10 % of the labels",1971,7,right_hand,0.3324,0
"all participants, 10 % of the labels",1972,7,left_hand,0.9073,0
"all participants, 10 % of the labels",1973,7,left_hand,0.1235,0
"all participants, 10 % of the labels",1974,7,left_hand,0.5832,0
"all participants, 10 % of the labels",1975,7,right_hand,0.9989,0
"all participants, 10 % of the labels",1976,7,right_hand,0.9976,0
"all participants, 10 % of the labels",1977,7,right_hand,0.9984,0
"all participants, 10 % of the labels",1978,7,right_hand,0.9972,0
"all participants, 10 % of the labels",1979,7,left_hand,0.4999,0
"all participants, 10 % of the labels",1980,7,right_hand,0.2187,0
"all participants, 10 % of the labels",1981,7,right_hand,0.6713,0
"all participants, 10 % of the labels",1982,7,right_hand,0.8025,0
"all participants, 10 % of the labels",1983,7,left_hand,0.2637,0
"all participants, 10 % of the labels",1984,7,left_hand,0.0872,0
"all participants, 10 % of the labels",1985,7,left_hand,0.7872,0
"all participants, 10 % of the labels",1986,7,left_hand,0.9909,0
"all participants, 10 % of the labels",1987,7,left_hand,0.3666,0
"all participants, 10 % of the labels",1988,7,right_hand,0.9724,0
"all participants, 10 % of the labels",1989,7,left_hand,0.9806,0
"all participants, 10 % of the labels",1990,7,right_hand,0.6865,0
"all participants, 10 % of the labels",1991,7,right_hand,0.9988,0
"all participants, 10 % of the labels",1992,7,left_hand,0.9775,0
"all participants, 10 % of the labels",1993,7,right_hand,0.4575,0
"all participants, 10 % of the labels",1994,7,left_hand,0.2819,0
"all participants, 10 % of the labels",1995,7,left_hand,0.9979,0
"all participants, 10 % of the labels",1996,7,right_hand,0.8505,0
"all participants, 10 % of the labels",1997,7,right_hand,0.9793,0
"all participants, 10 % of the labels",1998,7,right_hand,0.9992,0
"all participants, 10 % of the labels",1999,7,left_hand,0.5437,0
"all participants, 10 % of the labels",2000,7,right_hand,0.0029,0
"all participants, 10 % of the labels",2001,7,right_hand,0.6256,0
"all participants, 10 % of the labels",2002,7,right_hand,0.9338,0
"all participants, 10 % of the labels",2003,7,right_hand,0.4761,0
"all participants, 10 % of the labels",2004,7,right_hand,0.9266,0
"all participants, 10 % of the labels",2005,7,left_hand,0.9419,0
"all participants, 10 % of the labels",2006,7,right_hand,0.7297,0
"all participants, 10 % of the labels",2007,7,right_hand,0.992,0
"all participants, 10 % of the labels",2008,7,left_hand,0.6783,0
"all participants, 10 % of the labels",2009,7,left_hand,0.809,0
"all participants, 10 % of the labels",2010,7,left_hand,0.9981,0
"all participants, 10 % of the labels",2011,7,left_hand,0.234,0
"all participants, 10 % of the labels",2012,7,left_hand,0.9969,0
"all participants, 10 % of the labels",2013,7,left_hand,0.9918,0
"all participants, 10 % of the labels",2014,7,right_hand,0.0023,0
"all participants, 10 % of the labels",2015,7,left_hand,0.0792,0
"all participants, 10 % of the labels",2160,8,left_hand,0.7436,0
"all participants, 10 % of the labels",2161,8,right_hand,0.9811,0
"all participants, 10 % of the labels",2162,8,right_hand,0.1619,0
"all participants, 10 % of the labels",2163,8,left_hand,0.0043,0
"all participants, 10 % of the labels",2164,8,right_hand,0.828,0
"all participants, 10 % of the labels",2165,8,left_hand,0.9158,0
"all participants, 10 % of the labels",2166,8,right_hand,0.2004,0
"all participants, 10 % of the labels",2167,8,right_hand,0.6361,0
"all participants, 10 % of the labels",2168,8,left_hand,0.861,0
"all participants, 10 % of the labels",2169,8,right_hand,0.9788,0
"all participants, 10 % of the labels",2170,8,left_hand,0.982,0
"all participants, 10 % of the labels",2171,8,left_hand,0.8501,0
"all participants, 10 % of the labels",2172,8,right_hand,0.0164,0
"all participants, 10 % of the labels",2173,8,left_hand,0.567,0
"all participants, 10 % of the labels",2174,8,left_hand,0.0418,0
"all participants, 10 % of the labels",2175,8,left_hand,0.0176,0
"all participants, 10 % of the labels",2176,8,left_hand,0.0063,0
"all participants, 10 % of the labels",2177,8,right_hand,0.981,0
"all participants, 10 % of the labels",2178,8,left_hand,0.9741,0
"all participants, 10 % of the labels",2179,8,right_hand,0.1839,0
"all participants, 10 % of the labels",2180,8,right_hand,0.9958,0
"all participants, 10 % of the labels",2181,8,left_hand,0.9904,0
"all participants, 10 % of the labels",2182,8,right_hand,0.9627,0
"all participants, 10 % of the labels",2183,8,right_hand,0.9985,0
"all participants, 10 % of the labels",2184,8,right_hand,0.0681,0
"all participants, 10 % of the labels",2185,8,left_hand,0.0197,0
"all participants, 10 % of the labels",2186,8,left_hand,0.9113,0
"all participants, 10 % of the labels",2187,8,right_hand,1.0,0
"all participants, 10 % of the labels",2188,8,right_hand,0.7997,0
"all participants, 10 % of the labels",2189,8,left_hand,0.0968,0
"all participants, 10 % of the labels",2190,8,left_hand,0.9309,0
"all participants, 10 % of the labels",2191,8,left_hand,0.5295,0
"all participants, 10 % of the labels",2192,8,right_hand,0.48,0
"all participants, 10 % of the labels",2193,8,right_hand,0.9894,0
"all participants, 10 % of the labels",2194,8,left_hand,0.9965,0
"all participants, 10 % of the labels",2195,8,left_hand,0.9885,0
"all participants, 10 % of the labels",2196,8,left_hand,0.9789,0
"all participants, 10 % of the labels",2197,8,right_hand,0.487,0
"all participants, 10 % of the labels",2198,8,left_hand,0.113,0
"all participants, 10 % of the labels",2199,8,right_hand,0.9862,0
"all participants, 10 % of the labels",2200,8,right_hand,0.9887,0
"all participants, 10 % of the labels",2201,8,left_hand,0.0146,0
"all participants, 10 % of the labels",2202,8,right_hand,0.1924,0
"all participants, 10 % of the labels",2203,8,left_hand,0.8625,0
"all participants, 10 % of the labels",2204,8,right_hand,0.97,0
"all participants, 10 % of the labels",2205,8,right_hand,0.7236,0
"all participants, 10 % of the labels",2206,8,right_hand,0.1106,0
"all participants, 10 % of the labels",2207,8,left_hand,0.1147,0
"all participants, 10 % of the labels",2208,8,left_hand,0.6225,0
"all participants, 10 % of the labels",2209,8,left_hand,0.0203,0
"all participants, 10 % of the labels",2210,8,right_hand,0.9552,0
"all participants, 10 % of the labels",2211,8,left_hand,0.9994,0
"all participants, 10 % of the labels",2212,8,left_hand,0.905,0
"all participants, 10 % of the labels",2213,8,right_hand,0.9624,0
"all participants, 10 % of the labels",2214,8,left_hand,0.549,0
"all participants, 10 % of the labels",2215,8,left_hand,0.9955,0
"all participants, 10 % of the labels",2216,8,right_hand,0.0217,0
"all participants, 10 % of the labels",2217,8,left_hand,0.6358,0
"all participants, 10 % of the labels",2218,8,right_hand,0.996,0
"all participants, 10 % of the labels",2219,8,right_hand,0.7579,0
"all participants, 10 % of the labels",2220,8,left_hand,0.0192,0
"all participants, 10 % of the labels",2221,8,right_hand,0.5553,0
"all participants, 10 % of the labels",2222,8,left_hand,0.9814,0
"all participants, 10 % of the labels",2223,8,left_hand,0.9775,0
"all participants, 10 % of the labels",2224,8,right_hand,0.7509,0
"all participants, 10 % of the labels",2225,8,left_hand,0.0089,0
"all participants, 10 % of the labels",2226,8,right_hand,0.8931,0
"all participants, 10 % of the labels",2227,8,right_hand,0.9921,0
"all participants, 10 % of the labels",2228,8,right_hand,0.9988,0
"all participants, 10 % of the labels",2229,8,right_hand,0.0134,0
"all participants, 10 % of the labels",2230,8,right_hand,0.5163,0
"all participants, 10 % of the labels",2231,8,left_hand,0.9196,0
"all participants, 10 % of the labels",2232,8,right_hand,0.1454,0
"all participants, 10 % of the labels",2233,8,left_hand,0.9486,0
"all participants, 10 % of the labels",2234,8,left_hand,0.9992,0
"all participants, 10 % of the labels",2235,8,left_hand,0.9256,0
"all participants, 10 % of the labels",2236,8,right_hand,0.9921,0
"all participants, 10 % of the labels",2237,8,right_hand,0.9995,0
"all participants, 10 % of the labels",2238,8,left_hand,0.8731,0
"all participants, 10 % of the labels",2239,8,right_hand,0.9993,0
"all participants, 10 % of the labels",2240,8,left_hand,0.022,0
"all participants, 10 % of the labels",2241,8,right_hand,0.9709,0
"all participants, 10 % of the labels",2242,8,left_hand,0.0948,0
"all participants, 10 % of the labels",2243,8,right_hand,0.2378,0
"all participants, 10 % of the labels",2244,8,right_hand,0.1757,0
"all participants, 10 % of the labels",2245,8,right_hand,0.9428,0
"all participants, 10 % of the labels",2246,8,left_hand,0.9997,0
"all participants, 10 % of the labels",2247,8,left_hand,0.0128,0
"all participants, 10 % of the labels",2248,8,right_hand,0.9546,0
"all participants, 10 % of the labels",2249,8,left_hand,0.0107,0
"all participants, 10 % of the labels",2250,8,right_hand,0.0061,0
"all participants, 10 % of the labels",2251,8,right_hand,0.9971,0
"all participants, 10 % of the labels",2252,8,left_hand,0.9559,0
"all participants, 10 % of the labels",2253,8,left_hand,0.417,0
"all participants, 10 % of the labels",2254,8,right_hand,0.9954,0
"all participants, 10 % of the labels",2255,8,left_hand,0.2288,0
"all participants, 10 % of the labels",2256,8,right_hand,0.8443,0
"all participants, 10 % of the labels",2257,8,left_hand,0.9182,0
"all participants, 10 % of the labels",2258,8,left_hand,0.8659,0
"all participants, 10 % of the labels",2259,8,right_hand,0.1468,0
"all participants, 10 % of the labels",2260,8,left_hand,0.1769,0
"all participants, 10 % of the labels",2261,8,left_hand,0.8259,0
"all participants, 10 % of the labels",2262,8,left_hand,0.5934,0
"all participants, 10 % of the labels",2263,8,right_hand,0.0071,0
"all participants, 10 % of the labels",2264,8,right_hand,0.5944,0
"all participants, 10 % of the labels",2265,8,right_hand,0.3956,0
"all participants, 10 % of the labels",2266,8,right_hand,0.897,0
"all participants, 10 % of the labels",2267,8,left_hand,0.3457,0
"all participants, 10 % of the labels",2268,8,right_hand,0.5289,0
"all participants, 10 % of the labels",2269,8,right_hand,0.9995,0
"all participants, 10 % of the labels",2270,8,right_hand,1.0,0
"all participants, 10 % of the labels",2271,8,left_hand,0.5998,0
"all participants, 10 % of the labels",2272,8,left_hand,0.8787,0
"all participants, 10 % of the labels",2273,8,left_hand,0.6811,0
"all participants, 10 % of the labels",2274,8,left_hand,0.4463,0
"all participants, 10 % of the labels",2275,8,left_hand,0.6743,0
"all participants, 10 % of the labels",2276,8,right_hand,0.6931,0
"all participants, 10 % of the labels",2277,8,left_hand,0.3512,0
"all participants, 10 % of the labels",2278,8,right_hand,0.8898,0
"all participants, 10 % of the labels",2279,8,right_hand,0.837,0
"all participants, 10 % of the labels",2280,8,left_hand,0.8444,0
"all participants, 10 % of the labels",2281,8,right_hand,0.9149,0
"all participants, 10 % of the labels",2282,8,left_hand,0.8981,0
"all participants, 10 % of the labels",2283,8,left_hand,0.871,0
"all participants, 10 % of the labels",2284,8,right_hand,0.2477,0
"all participants, 10 % of the labels",2285,8,right_hand,0.9784,0
"all participants, 10 % of the labels",2286,8,right_hand,0.5989,0
"all participants, 10 % of the labels",2287,8,left_hand,0.975,0
"all participants, 10 % of the labels",2288,8,right_hand,0.9299,0
"all participants, 10 % of the labels",2289,8,right_hand,0.3095,0
"all participants, 10 % of the labels",2290,8,right_hand,0.3259,0
"all participants, 10 % of the labels",2291,8,right_hand,0.9917,0
"all participants, 10 % of the labels",2292,8,right_hand,0.9458,0
"all participants, 10 % of the labels",2293,8,left_hand,0.9939,0
"all participants, 10 % of the labels",2294,8,right_hand,0.9792,0
"all participants, 10 % of the labels",2295,8,right_hand,0.3794,0
"all participants, 10 % of the labels",2296,8,left_hand,0.9527,0
"all participants, 10 % of the labels",2297,8,left_hand,0.3678,0
"all participants, 10 % of the labels",2298,8,left_hand,0.5071,0
"all participants, 10 % of the labels",2299,8,left_hand,0.9195,0
"all participants, 10 % of the labels",2300,8,left_hand,0.0079,0
"all participants, 10 % of the labels",2301,8,left_hand,0.0133,0
"all participants, 10 % of the labels",2302,8,right_hand,0.6168,0
"all participants, 10 % of the labels",2303,8,left_hand,0.1457,0
"all participants, 10 % of the labels",2448,9,left_hand,0.9957,0
"all participants, 10 % of the labels",2449,9,right_hand,0.9989,0
"all participants, 10 % of the labels",2450,9,right_hand,0.9873,0
"all participants, 10 % of the labels",2451,9,left_hand,0.0029,0
"all participants, 10 % of the labels",2452,9,right_hand,0.988,0
"all participants, 10 % of the labels",2453,9,left_hand,0.9987,0
"all participants, 10 % of the labels",2454,9,right_hand,0.996,0
"all participants, 10 % of the labels",2455,9,right_hand,0.7179,0
"all participants, 10 % of the labels",2456,9,left_hand,0.983,0
"all participants, 10 % of the labels",2457,9,right_hand,0.9971,0
"all participants, 10 % of the labels",2458,9,left_hand,0.002,0
"all participants, 10 % of the labels",2459,9,left_hand,0.9479,0
"all participants, 10 % of the labels",2460,9,right_hand,0.9567,0
"all participants, 10 % of the labels",2461,9,left_hand,0.9951,0
"all participants, 10 % of the labels",2462,9,left_hand,0.8723,0
"all participants, 10 % of the labels",2463,9,left_hand,0.6365,0
"all participants, 10 % of the labels",2464,9,left_hand,0.9973,0
"all participants, 10 % of the labels",2465,9,right_hand,0.9662,0
"all participants, 10 % of the labels",2466,9,left_hand,0.0788,0
"all participants, 10 % of the labels",2467,9,right_hand,0.9923,0
"all participants, 10 % of the labels",2468,9,right_hand,0.9992,0
"all participants, 10 % of the labels",2469,9,left_hand,0.91,0
"all participants, 10 % of the labels",2470,9,right_hand,1.0,0
"all participants, 10 % of the labels",2471,9,right_hand,0.9842,0
"all participants, 10 % of the labels",2472,9,right_hand,0.4211,0
"all participants, 10 % of the labels",2473,9,left_hand,0.1224,0
"all participants, 10 % of the labels",2474,9,left_hand,0.8455,0
"all participants, 10 % of the labels",2475,9,right_hand,0.9998,0
"all participants, 10 % of the labels",2476,9,right_hand,0.999,0
"all participants, 10 % of the labels",2477,9,left_hand,0.9628,0
"all participants, 10 % of the labels",2478,9,left_hand,0.9925,0
"all participants, 10 % of the labels",2479,9,left_hand,0.7398,0
"all participants, 10 % of the labels",2480,9,right_hand,0.975,0
"all participants, 10 % of the labels",2481,9,right_hand,0.9413,0
"all participants, 10 % of the labels",2482,9,left_hand,0.9896,0
"all participants, 10 % of the labels",2483,9,left_hand,0.8024,0
"all participants, 10 % of the labels",2484,9,left_hand,0.0043,0
"all participants, 10 % of the labels",2485,9,right_hand,0.9924,0
"all participants, 10 % of the labels",2486,9,left_hand,0.9899,0
"all participants, 10 % of the labels",2487,9,right_hand,0.9291,0
"all participants, 10 % of the labels",2488,9,right_hand,0.9508,0
"all participants, 10 % of the labels",2489,9,left_hand,0.0049,0
"all participants, 10 % of the labels",2490,9,right_hand,0.9972,0
"all participants, 10 % of the labels",2491,9,left_hand,0.9962,0
"all participants, 10 % of the labels",2492,9,right_hand,0.9999,0
"all participants, 10 % of the labels",2493,9,right_hand,0.9718,0
"all participants, 10 % of the labels",2494,9,right_hand,0.6329,0
"all participants, 10 % of the labels",2495,9,left_hand,0.9994,0
"all participants, 10 % of the labels",2496,9,left_hand,0.0046,0
"all participants, 10 % of the labels",2497,9,left_hand,0.995,0
"all participants, 10 % of the labels",2498,9,right_hand,0.9968,0
"all participants, 10 % of the labels",2499,9,left_hand,0.8965,0
"all participants, 10 % of the labels",2500,9,left_hand,0.9974,0
"all participants, 10 % of the labels",2501,9,right_hand,0.9658,0
"all participants, 10 % of the labels",2502,9,left_hand,0.0186,0
"all participants, 10 % of the labels",2503,9,left_hand,0.9823,0
"all participants, 10 % of the labels",2504,9,right_hand,0.9869,0
"all participants, 10 % of the labels",2505,9,left_hand,0.7425,0
"all participants, 10 % of the labels",2506,9,right_hand,0.9994,0
"all participants, 10 % of the labels",2507,9,right_hand,0.9107,0
"all participants, 10 % of the labels",2508,9,left_hand,0.0009,0
"all participants, 10 % of the labels",2509,9,right_hand,1.0,0
"all participants, 10 % of the labels",2510,9,left_hand,0.9998,0
"all participants, 10 % of the labels",2511,9,left_hand,0.6648,0
"all participants, 10 % of the labels",2512,9,right_hand,0.9981,0
"all participants, 10 % of the labels",2513,9,left_hand,0.9797,0
"all participants, 10 % of the labels",2514,9,right_hand,0.418,0
"all participants, 10 % of the labels",2515,9,right_hand,0.9999,0
"all participants, 10 % of the labels",2516,9,right_hand,0.9983,0
"all participants, 10 % of the labels",2517,9,right_hand,0.9422,0
"all participants, 10 % of the labels",2518,9,right_hand,0.9508,0
"all participants, 10 % of the labels",2519,9,left_hand,0.9807,0
"all participants, 10 % of the labels",2520,9,right_hand,0.978,0
"all participants, 10 % of the labels",2521,9,left_hand,0.9942,0
"all participants, 10 % of the labels",2522,9,left_hand,0.3224,0
"all participants, 10 % of the labels",2523,9,left_hand,0.9975,0
"all participants, 10 % of the labels",2524,9,right_hand,0.9378,0
"all participants, 10 % of the labels",2525,9,right_hand,0.8548,0
"all participants, 10 % of the labels",2526,9,left_hand,0.9978,0
"all participants, 10 % of the labels",2527,9,right_hand,0.9453,0
"all participants, 10 % of the labels",2528,9,left_hand,0.9733,0
"all participants, 10 % of the labels",2529,9,right_hand,0.9934,0
"all participants, 10 % of the labels",2530,9,left_hand,0.9539,0
"all participants, 10 % of the labels",2531,9,right_hand,0.9759,0
"all participants, 10 % of the labels",2532,9,right_hand,0.969,0
"all participants, 10 % of the labels",2533,9,right_hand,0.9984,0
"all participants, 10 % of the labels",2534,9,left_hand,0.9998,0
"all participants, 10 % of the labels",2535,9,left_hand,0.0163,0
"all participants, 10 % of the labels",2536,9,right_hand,0.9833,0
"all participants, 10 % of the labels",2537,9,left_hand,0.9988,0
"all participants, 10 % of the labels",2538,9,right_hand,0.8864,0
"all participants, 10 % of the labels",2539,9,right_hand,0.7988,0
"all participants, 10 % of the labels",2540,9,left_hand,0.9845,0
"all participants, 10 % of the labels",2541,9,left_hand,0.9998,0
"all participants, 10 % of the labels",2542,9,right_hand,0.9991,0
"all participants, 10 % of the labels",2543,9,left_hand,0.6642,0
"all participants, 10 % of the labels",2544,9,right_hand,0.9973,0
"all participants, 10 % of the labels",2545,9,left_hand,0.8343,0
"all participants, 10 % of the labels",2546,9,left_hand,0.2859,0
"all participants, 10 % of the labels",2547,9,right_hand,0.944,0
"all participants, 10 % of the labels",2548,9,left_hand,0.9972,0
"all participants, 10 % of the labels",2549,9,left_hand,0.931,0
"all participants, 10 % of the labels",2550,9,left_hand,0.9998,0
"all participants, 10 % of the labels",2551,9,right_hand,0.9984,0
"all participants, 10 % of the labels",2552,9,right_hand,0.9475,0
"all participants, 10 % of the labels",2553,9,right_hand,1.0,0
"all participants, 10 % of the labels",2554,9,right_hand,0.7617,0
"all participants, 10 % of the labels",2555,9,left_hand,0.9013,0
"all participants, 10 % of the labels",2556,9,right_hand,0.9692,0
"all participants, 10 % of the labels",2557,9,right_hand,0.9978,0
"all participants, 10 % of the labels",2558,9,right_hand,0.9983,0
"all participants, 10 % of the labels",2559,9,left_hand,1.0,0
"all participants, 10 % of the labels",2560,9,left_hand,0.2605,0
"all participants, 10 % of the labels",2561,9,left_hand,0.9985,0
"all participants, 10 % of the labels",2562,9,left_hand,0.1377,0
"all participants, 10 % of the labels",2563,9,left_hand,0.998,0
"all participants, 10 % of the labels",2564,9,right_hand,0.3448,0
"all participants, 10 % of the labels",2565,9,left_hand,0.9457,0
"all participants, 10 % of the labels",2566,9,right_hand,0.9995,0
"all participants, 10 % of the labels",2567,9,right_hand,0.991,0
"all participants, 10 % of the labels",2568,9,left_hand,0.9297,0
"all participants, 10 % of the labels",2569,9,right_hand,0.9973,0
"all participants, 10 % of the labels",2570,9,left_hand,0.0,0
"all participants, 10 % of the labels",2571,9,left_hand,0.7274,0
"all participants, 10 % of the labels",2572,9,right_hand,0.986,0
"all participants, 10 % of the labels",2573,9,right_hand,0.1004,0
"all participants, 10 % of the labels",2574,9,right_hand,0.8065,0
"all participants, 10 % of the labels",2575,9,left_hand,0.7723,0
"all participants, 10 % of the labels",2576,9,right_hand,0.9996,0
"all participants, 10 % of the labels",2577,9,right_hand,0.9923,0
"all participants, 10 % of the labels",2578,9,right_hand,0.9999,0
"all participants, 10 % of the labels",2579,9,right_hand,0.9998,0
"all participants, 10 % of the labels",2580,9,right_hand,0.2469,0
"all participants, 10 % of the labels",2581,9,left_hand,0.621,0
"all participants, 10 % of the labels",2582,9,right_hand,0.9967,0
"all participants, 10 % of the labels",2583,9,right_hand,0.7472,0
"all participants, 10 % of the labels",2584,9,left_hand,0.2391,0
"all participants, 10 % of the labels",2585,9,left_hand,0.92,0
"all participants, 10 % of the labels",2586,9,left_hand,0.892,0
"all participants, 10 % of the labels",2587,9,left_hand,0.9883,0
"all participants, 10 % of the labels",2588,9,left_hand,0.8606,0
"all participants, 10 % of the labels",2589,9,left_hand,0.9982,0
"all participants, 10 % of the labels",2590,9,right_hand,0.9818,0
"all participants, 10 % of the labels",2591,9,left_hand,0.7328,0
"all participants, 10 % of the labels",144,1,left_hand,0.0323,1
"all participants, 10 % of the labels",145,1,right_hand,0.1992,1
"all participants, 10 % of the labels",146,1,right_hand,0.6462,1
"all participants, 10 % of the labels",147,1,left_hand,0.9276,1
"all participants, 10 % of the labels",148,1,right_hand,0.9946,1
"all participants, 10 % of the labels",149,1,left_hand,0.2,1
"all participants, 10 % of the labels",150,1,right_hand,0.0241,1
"all participants, 10 % of the labels",151,1,right_hand,0.9982,1
"all participants, 10 % of the labels",152,1,left_hand,0.0134,1
"all participants, 10 % of the labels",153,1,right_hand,0.9974,1
"all participants, 10 % of the labels",154,1,left_hand,0.0547,1
"all participants, 10 % of the labels",155,1,left_hand,0.9728,1
"all participants, 10 % of the labels",156,1,right_hand,0.4204,1
"all participants, 10 % of the labels",157,1,left_hand,0.9063,1
"all participants, 10 % of the labels",158,1,left_hand,0.0025,1
"all participants, 10 % of the labels",159,1,left_hand,0.9758,1
"all participants, 10 % of the labels",160,1,left_hand,0.0062,1
"all participants, 10 % of the labels",161,1,right_hand,0.9048,1
"all participants, 10 % of the labels",162,1,left_hand,0.04,1
"all participants, 10 % of the labels",163,1,right_hand,0.991,1
"all participants, 10 % of the labels",164,1,right_hand,0.5929,1
"all participants, 10 % of the labels",165,1,left_hand,0.0005,1
"all participants, 10 % of the labels",166,1,right_hand,0.1275,1
"all participants, 10 % of the labels",167,1,right_hand,0.0025,1
"all participants, 10 % of the labels",168,1,right_hand,0.1893,1
"all participants, 10 % of the labels",169,1,left_hand,0.8209,1
"all participants, 10 % of the labels",170,1,left_hand,0.5808,1
"all participants, 10 % of the labels",171,1,right_hand,0.3971,1
"all participants, 10 % of the labels",172,1,right_hand,0.2807,1
"all participants, 10 % of the labels",173,1,left_hand,0.0744,1
"all participants, 10 % of the labels",174,1,left_hand,0.8031,1
"all participants, 10 % of the labels",175,1,left_hand,0.0307,1
"all participants, 10 % of the labels",176,1,right_hand,0.9997,1
"all participants, 10 % of the labels",177,1,right_hand,0.933,1
"all participants, 10 % of the labels",178,1,left_hand,0.0144,1
"all participants, 10 % of the labels",179,1,left_hand,0.9877,1
"all participants, 10 % of the labels",180,1,left_hand,0.0195,1
"all participants, 10 % of the labels",181,1,right_hand,0.7975,1
"all participants, 10 % of the labels",182,1,left_hand,0.9832,1
"all participants, 10 % of the labels",183,1,right_hand,0.4511,1
"all participants, 10 % of the labels",184,1,right_hand,0.1324,1
"all participants, 10 % of the labels",185,1,left_hand,0.5214,1
"all participants, 10 % of the labels",186,1,right_hand,0.0949,1
"all participants, 10 % of the labels",187,1,left_hand,0.0613,1
"all participants, 10 % of the labels",188,1,right_hand,0.8989,1
"all participants, 10 % of the labels",189,1,right_hand,0.0599,1
"all participants, 10 % of the labels",190,1,right_hand,0.9991,1
"all participants, 10 % of the labels",191,1,left_hand,0.0052,1
"all participants, 10 % of the labels",192,1,left_hand,0.0011,1
"all participants, 10 % of the labels",193,1,left_hand,0.002,1
"all participants, 10 % of the labels",194,1,right_hand,0.3428,1
"all participants, 10 % of the labels",195,1,left_hand,0.7296,1
"all participants, 10 % of the labels",196,1,left_hand,0.1283,1
"all participants, 10 % of the labels",197,1,right_hand,0.996,1
"all participants, 10 % of the labels",198,1,left_hand,0.9106,1
"all participants, 10 % of the labels",199,1,left_hand,0.9988,1
"all participants, 10 % of the labels",200,1,right_hand,0.6998,1
"all participants, 10 % of the labels",201,1,left_hand,0.0227,1
"all participants, 10 % of the labels",202,1,right_hand,0.488,1
"all participants, 10 % of the labels",203,1,right_hand,0.8704,1
"all participants, 10 % of the labels",204,1,left_hand,0.9981,1
"all participants, 10 % of the labels",205,1,right_hand,0.2966,1
"all participants, 10 % of the labels",206,1,left_hand,0.9921,1
"all participants, 10 % of the labels",207,1,left_hand,0.0523,1
"all participants, 10 % of the labels",208,1,right_hand,0.8442,1
"all participants, 10 % of the labels",209,1,left_hand,0.0248,1
"all participants, 10 % of the labels",210,1,right_hand,0.2854,1
"all participants, 10 % of the labels",211,1,right_hand,0.9507,1
"all participants, 10 % of the labels",212,1,right_hand,0.0976,1
"all participants, 10 % of the labels",213,1,right_hand,0.7131,1
"all participants, 10 % of the labels",214,1,right_hand,0.0496,1
"all participants, 10 % of the labels",215,1,left_hand,0.4044,1
"all participants, 10 % of the labels",216,1,right_hand,0.0332,1
"all participants, 10 % of the labels",217,1,left_hand,0.9867,1
"all participants, 10 % of the labels",218,1,left_hand,0.0037,1
"all participants, 10 % of the labels",219,1,left_hand,0.0912,1
"all participants, 10 % of the labels",220,1,right_hand,0.8199,1
"all participants, 10 % of the labels",221,1,right_hand,0.0071,1
"all participants, 10 % of the labels",222,1,left_hand,0.9969,1
"all participants, 10 % of the labels",223,1,right_hand,0.9828,1
"all participants, 10 % of the labels",224,1,left_hand,0.8963,1
"all participants, 10 % of the labels",225,1,right_hand,0.9627,1
"all participants, 10 % of the labels",226,1,left_hand,0.0205,1
"all participants, 10 % of the labels",227,1,right_hand,0.995,1
"all participants, 10 % of the labels",228,1,right_hand,0.0061,1
"all participants, 10 % of the labels",229,1,right_hand,0.2381,1
"all participants, 10 % of the labels",230,1,left_hand,0.9182,1
"all participants, 10 % of the labels",231,1,left_hand,0.0302,1
"all participants, 10 % of the labels",232,1,right_hand,0.9895,1
"all participants, 10 % of the labels",233,1,left_hand,0.9702,1
"all participants, 10 % of the labels",234,1,right_hand,0.9942,1
"all participants, 10 % of the labels",235,1,right_hand,0.3094,1
"all participants, 10 % of the labels",236,1,left_hand,0.0048,1
"all participants, 10 % of the labels",237,1,left_hand,0.9963,1
"all participants, 10 % of the labels",238,1,right_hand,0.9566,1
"all participants, 10 % of the labels",239,1,left_hand,0.9634,1
"all participants, 10 % of the labels",240,1,right_hand,0.1598,1
"all participants, 10 % of the labels",241,1,left_hand,0.9871,1
"all participants, 10 % of the labels",242,1,left_hand,0.9712,1
"all participants, 10 % of the labels",243,1,right_hand,0.9978,1
"all participants, 10 % of the labels",244,1,left_hand,0.1914,1
"all participants, 10 % of the labels",245,1,left_hand,0.7378,1
"all participants, 10 % of the labels",246,1,left_hand,0.1708,1
"all participants, 10 % of the labels",247,1,right_hand,0.994,1
"all participants, 10 % of the labels",248,1,right_hand,0.0014,1
"all participants, 10 % of the labels",249,1,right_hand,0.0094,1
"all participants, 10 % of the labels",250,1,right_hand,0.681,1
"all participants, 10 % of the labels",251,1,left_hand,0.121,1
"all participants, 10 % of the labels",252,1,right_hand,0.9889,1
"all participants, 10 % of the labels",253,1,right_hand,0.1091,1
"all participants, 10 % of the labels",254,1,right_hand,0.9832,1
"all participants, 10 % of the labels",255,1,left_hand,0.7847,1
"all participants, 10 % of the labels",256,1,left_hand,0.0115,1
"all participants, 10 % of the labels",257,1,left_hand,0.5915,1
"all participants, 10 % of the labels",258,1,left_hand,0.0742,1
"all participants, 10 % of the labels",259,1,left_hand,0.3868,1
"all participants, 10 % of the labels",260,1,right_hand,0.0538,1
"all participants, 10 % of the labels",261,1,left_hand,0.8394,1
"all participants, 10 % of the labels",262,1,right_hand,0.9952,1
"all participants, 10 % of the labels",263,1,right_hand,0.9928,1
"all participants, 10 % of the labels",264,1,left_hand,0.9861,1
"all participants, 10 % of the labels",265,1,right_hand,0.9359,1
"all participants, 10 % of the labels",266,1,left_hand,0.2864,1
"all participants, 10 % of the labels",267,1,left_hand,0.8496,1
"all participants, 10 % of the labels",268,1,right_hand,0.3209,1
"all participants, 10 % of the labels",269,1,right_hand,0.0565,1
"all participants, 10 % of the labels",270,1,right_hand,0.4188,1
"all participants, 10 % of the labels",271,1,left_hand,0.9951,1
"all participants, 10 % of the labels",272,1,right_hand,0.0061,1
"all participants, 10 % of the labels",273,1,right_hand,0.7025,1
"all participants, 10 % of the labels",274,1,right_hand,0.021,1
"all participants, 10 % of the labels",275,1,right_hand,0.0004,1
"all participants, 10 % of the labels",276,1,right_hand,0.3008,1
"all participants, 10 % of the labels",277,1,left_hand,0.0068,1
"all participants, 10 % of the labels",278,1,right_hand,0.125,1
"all participants, 10 % of the labels",279,1,right_hand,0.1194,1
"all participants, 10 % of the labels",280,1,left_hand,0.0273,1
"all participants, 10 % of the labels",281,1,left_hand,0.7144,1
"all participants, 10 % of the labels",282,1,left_hand,0.9553,1
"all participants, 10 % of the labels",283,1,left_hand,0.006,1
"all participants, 10 % of the labels",284,1,left_hand,0.0385,1
"all participants, 10 % of the labels",285,1,left_hand,0.1671,1
"all participants, 10 % of the labels",286,1,right_hand,0.163,1
"all participants, 10 % of the labels",287,1,left_hand,0.0038,1
"all participants, 10 % of the labels",432,2,left_hand,0.6047,1
"all participants, 10 % of the labels",433,2,right_hand,0.9325,1
"all participants, 10 % of the labels",434,2,right_hand,0.5019,1
"all participants, 10 % of the labels",435,2,left_hand,0.0603,1
"all participants, 10 % of the labels",436,2,right_hand,0.0003,1
"all participants, 10 % of the labels",437,2,left_hand,0.5981,1
"all participants, 10 % of the labels",438,2,right_hand,0.016,1
"all participants, 10 % of the labels",439,2,right_hand,0.0001,1
"all participants, 10 % of the labels",440,2,left_hand,0.9969,1
"all participants, 10 % of the labels",441,2,right_hand,0.6846,1
"all participants, 10 % of the labels",442,2,left_hand,0.0824,1
"all participants, 10 % of the labels",443,2,left_hand,0.1164,1
"all participants, 10 % of the labels",444,2,right_hand,0.9623,1
"all participants, 10 % of the labels",445,2,left_hand,0.0154,1
"all participants, 10 % of the labels",446,2,left_hand,0.4621,1
"all participants, 10 % of the labels",447,2,left_hand,0.9773,1
"all participants, 10 % of the labels",448,2,left_hand,0.8653,1
"all participants, 10 % of the labels",449,2,right_hand,0.0461,1
"all participants, 10 % of the labels",450,2,left_hand,0.2073,1
"all participants, 10 % of the labels",451,2,right_hand,0.0062,1
"all participants, 10 % of the labels",452,2,right_hand,0.7183,1
"all participants, 10 % of the labels",453,2,left_hand,0.8109,1
"all participants, 10 % of the labels",454,2,right_hand,0.0001,1
"all participants, 10 % of the labels",455,2,right_hand,0.1088,1
"all participants, 10 % of the labels",456,2,right_hand,0.7592,1
"all participants, 10 % of the labels",457,2,left_hand,0.1708,1
"all participants, 10 % of the labels",458,2,left_hand,0.0024,1
"all participants, 10 % of the labels",459,2,right_hand,0.8341,1
"all participants, 10 % of the labels",460,2,right_hand,0.2748,1
"all participants, 10 % of the labels",461,2,left_hand,0.032,1
"all participants, 10 % of the labels",462,2,left_hand,0.0695,1
"all participants, 10 % of the labels",463,2,left_hand,0.4399,1
"all participants, 10 % of the labels",464,2,right_hand,0.6331,1
"all participants, 10 % of the labels",465,2,right_hand,0.0003,1
"all participants, 10 % of the labels",466,2,left_hand,0.0326,1
"all participants, 10 % of the labels",467,2,left_hand,0.7285,1
"all participants, 10 % of the labels",468,2,left_hand,0.193,1
"all participants, 10 % of the labels",469,2,right_hand,0.7279,1
"all participants, 10 % of the labels",470,2,left_hand,0.0223,1
"all participants, 10 % of the labels",471,2,right_hand,0.1478,1
"all participants, 10 % of the labels",472,2,right_hand,0.0099,1
"all participants, 10 % of the labels",473,2,left_hand,0.0124,1
"all participants, 10 % of the labels",474,2,right_hand,0.225,1
"all participants, 10 % of the labels",475,2,left_hand,0.0109,1
"all participants, 10 % of the labels",476,2,right_hand,0.4747,1
"all participants, 10 % of the labels",477,2,right_hand,0.0115,1
"all participants, 10 % of the labels",478,2,right_hand,0.4271,1
"all participants, 10 % of the labels",479,2,left_hand,0.0478,1
"all participants, 10 % of the labels",480,2,left_hand,0.0476,1
"all participants, 10 % of the labels",481,2,left_hand,0.0487,1
"all participants, 10 % of the labels",482,2,right_hand,0.9435,1
"all participants, 10 % of the labels",483,2,left_hand,0.1056,1
"all participants, 10 % of the labels",484,2,left_hand,0.7774,1
"all participants, 10 % of the labels",485,2,right_hand,0.1681,1
"all participants, 10 % of the labels",486,2,left_hand,0.3563,1
"all participants, 10 % of the labels",487,2,left_hand,0.0184,1
"all participants, 10 % of the labels",488,2,right_hand,0.0168,1
"all participants, 10 % of the labels",489,2,left_hand,0.6895,1
"all participants, 10 % of the labels",490,2,right_hand,0.1023,1
"all participants, 10 % of the labels",491,2,right_hand,0.1516,1
"all participants, 10 % of the labels",492,2,left_hand,0.0067,1
"all participants, 10 % of the labels",493,2,right_hand,0.0028,1
"all participants, 10 % of the labels",494,2,left_hand,0.0051,1
"all participants, 10 % of the labels",495,2,left_hand,0.8653,1
"all participants, 10 % of the labels",496,2,right_hand,0.455,1
"all participants, 10 % of the labels",497,2,left_hand,0.0038,1
"all participants, 10 % of the labels",498,2,right_hand,0.7385,1
"all participants, 10 % of the labels",499,2,right_hand,0.0121,1
"all participants, 10 % of the labels",500,2,right_hand,0.032,1
"all participants, 10 % of the labels",501,2,right_hand,0.1626,1
"all participants, 10 % of the labels",502,2,right_hand,0.0136,1
"all participants, 10 % of the labels",503,2,left_hand,0.948,1
"all participants, 10 % of the labels",504,2,right_hand,0.6175,1
"all participants, 10 % of the labels",505,2,left_hand,0.0195,1
"all participants, 10 % of the labels",506,2,left_hand,0.0062,1
"all participants, 10 % of the labels",507,2,left_hand,0.4837,1
"all participants, 10 % of the labels",508,2,right_hand,0.6542,1
"all participants, 10 % of the labels",509,2,right_hand,0.1215,1
"all participants, 10 % of the labels",510,2,left_hand,0.0007,1
"all participants, 10 % of the labels",511,2,right_hand,0.2659,1
"all participants, 10 % of the labels",512,2,left_hand,0.2129,1
"all participants, 10 % of the labels",513,2,right_hand,0.9364,1
"all participants, 10 % of the labels",514,2,left_hand,0.0973,1
"all participants, 10 % of the labels",515,2,right_hand,0.0967,1
"all participants, 10 % of the labels",516,2,right_hand,0.0026,1
"all participants, 10 % of the labels",517,2,right_hand,0.9632,1
"all participants, 10 % of the labels",518,2,left_hand,0.204,1
"all participants, 10 % of the labels",519,2,left_hand,0.0001,1
"all participants, 10 % of the labels",520,2,right_hand,0.0046,1
"all participants, 10 % of the labels",521,2,left_hand,0.0576,1
"all participants, 10 % of the labels",522,2,right_hand,0.5025,1
"all participants, 10 % of the labels",523,2,right_hand,0.0603,1
"all participants, 10 % of the labels",524,2,left_hand,0.9581,1
"all participants, 10 % of the labels",525,2,left_hand,0.466,1
"all participants, 10 % of the labels",526,2,right_hand,0.3829,1
"all participants, 10 % of the labels",527,2,left_hand,0.0164,1
"all participants, 10 % of the labels",528,2,right_hand,0.7771,1
"all participants, 10 % of the labels",529,2,left_hand,0.0297,1
"all participants, 10 % of the labels",530,2,left_hand,0.6704,1
"all participants, 10 % of the labels",531,2,right_hand,0.9053,1
"all participants, 10 % of the labels",532,2,left_hand,0.2833,1
"all participants, 10 % of the labels",533,2,left_hand,0.0146,1
"all participants, 10 % of the labels",534,2,left_hand,0.0735,1
"all participants, 10 % of the labels",535,2,right_hand,0.3582,1
"all participants, 10 % of the labels",536,2,right_hand,0.0198,1
"all participants, 10 % of the labels",537,2,right_hand,0.0008,1
"all participants, 10 % of the labels",538,2,right_hand,0.58,1
"all participants, 10 % of the labels",539,2,left_hand,0.9451,1
"all participants, 10 % of the labels",540,2,right_hand,0.4928,1
"all participants, 10 % of the labels",541,2,right_hand,0.5111,1
"all participants, 10 % of the labels",542,2,right_hand,0.4427,1
"all participants, 10 % of the labels",543,2,left_hand,0.0199,1
"all participants, 10 % of the labels",544,2,left_hand,0.7115,1
"all participants, 10 % of the labels",545,2,left_hand,0.2261,1
"all participants, 10 % of the labels",546,2,left_hand,0.7156,1
"all participants, 10 % of the labels",547,2,left_hand,0.9742,1
"all participants, 10 % of the labels",548,2,right_hand,0.0338,1
"all participants, 10 % of the labels",549,2,left_hand,0.0089,1
"all participants, 10 % of the labels",550,2,right_hand,0.7845,1
"all participants, 10 % of the labels",551,2,right_hand,0.0039,1
"all participants, 10 % of the labels",552,2,left_hand,0.8422,1
"all participants, 10 % of the labels",553,2,right_hand,0.789,1
"all participants, 10 % of the labels",554,2,left_hand,0.9568,1
"all participants, 10 % of the labels",555,2,left_hand,0.0206,1
"all participants, 10 % of the labels",556,2,right_hand,0.1058,1
"all participants, 10 % of the labels",557,2,right_hand,0.8361,1
"all participants, 10 % of the labels",558,2,right_hand,0.9912,1
"all participants, 10 % of the labels",559,2,left_hand,0.9927,1
"all participants, 10 % of the labels",560,2,right_hand,0.001,1
"all participants, 10 % of the labels",561,2,right_hand,0.8978,1
"all participants, 10 % of the labels",562,2,right_hand,0.9818,1
"all participants, 10 % of the labels",563,2,right_hand,0.0046,1
"all participants, 10 % of the labels",564,2,right_hand,0.8794,1
"all participants, 10 % of the labels",565,2,left_hand,0.012,1
"all participants, 10 % of the labels",566,2,right_hand,0.9956,1
"all participants, 10 % of the labels",567,2,right_hand,0.0128,1
"all participants, 10 % of the labels",568,2,left_hand,0.0002,1
"all participants, 10 % of the labels",569,2,left_hand,0.7314,1
"all participants, 10 % of the labels",570,2,left_hand,0.0006,1
"all participants, 10 % of the labels",571,2,left_hand,0.2622,1
"all participants, 10 % of the labels",572,2,left_hand,0.0132,1
"all participants, 10 % of the labels",573,2,left_hand,0.0019,1
"all participants, 10 % of the labels",574,2,right_hand,0.5279,1
"all participants, 10 % of the labels",575,2,left_hand,0.8658,1
"all participants, 10 % of the labels",720,3,left_hand,0.9809,1
"all participants, 10 % of the labels",721,3,right_hand,0.0229,1
"all participants, 10 % of the labels",722,3,right_hand,0.9183,1
"all participants, 10 % of the labels",723,3,left_hand,0.4442,1
"all participants, 10 % of the labels",724,3,right_hand,0.0661,1
"all participants, 10 % of the labels",725,3,left_hand,0.8919,1
"all participants, 10 % of the labels",726,3,right_hand,0.1033,1
"all participants, 10 % of the labels",727,3,right_hand,0.0222,1
"all participants, 10 % of the labels",728,3,left_hand,0.4994,1
"all participants, 10 % of the labels",729,3,right_hand,0.1919,1
"all participants, 10 % of the labels",730,3,left_hand,0.9992,1
"all participants, 10 % of the labels",731,3,left_hand,0.7875,1
"all participants, 10 % of the labels",732,3,right_hand,0.129,1
"all participants, 10 % of the labels",733,3,left_hand,0.9436,1
"all participants, 10 % of the labels",734,3,left_hand,0.3477,1
"all participants, 10 % of the labels",735,3,left_hand,0.9367,1
"all participants, 10 % of the labels",736,3,left_hand,0.7542,1
"all participants, 10 % of the labels",737,3,right_hand,0.1651,1
"all participants, 10 % of the labels",738,3,left_hand,0.9565,1
"all participants, 10 % of the labels",739,3,right_hand,0.4241,1
"all participants, 10 % of the labels",740,3,right_hand,0.0765,1
"all participants, 10 % of the labels",741,3,left_hand,0.0028,1
"all participants, 10 % of the labels",742,3,right_hand,0.0447,1
"all participants, 10 % of the labels",743,3,right_hand,0.021,1
"all participants, 10 % of the labels",744,3,right_hand,0.2296,1
"all participants, 10 % of the labels",745,3,left_hand,0.0454,1
"all participants, 10 % of the labels",746,3,left_hand,0.0004,1
"all participants, 10 % of the labels",747,3,right_hand,0.0549,1
"all participants, 10 % of the labels",748,3,right_hand,0.0479,1
"all participants, 10 % of the labels",749,3,left_hand,0.9989,1
"all participants, 10 % of the labels",750,3,left_hand,1.0,1
"all participants, 10 % of the labels",751,3,left_hand,0.0007,1
"all participants, 10 % of the labels",752,3,right_hand,0.6967,1
"all participants, 10 % of the labels",753,3,right_hand,0.0045,1
"all participants, 10 % of the labels",754,3,left_hand,0.4313,1
"all participants, 10 % of the labels",755,3,left_hand,0.9962,1
"all participants, 10 % of the labels",756,3,left_hand,0.3837,1
"all participants, 10 % of the labels",757,3,right_hand,0.948,1
"all participants, 10 % of the labels",758,3,left_hand,0.232,1
"all participants, 10 % of the labels",759,3,right_hand,0.991,1
"all participants, 10 % of the labels",760,3,right_hand,0.0015,1
"all participants, 10 % of the labels",761,3,left_hand,0.0687,1
"all participants, 10 % of the labels",762,3,right_hand,0.6299,1
"all participants, 10 % of the labels",763,3,left_hand,0.9964,1
"all participants, 10 % of the labels",764,3,right_hand,0.9779,1
"all participants, 10 % of the labels",765,3,right_hand,0.8942,1
"all participants, 10 % of the labels",766,3,right_hand,0.817,1
"all participants, 10 % of the labels",767,3,left_hand,0.1143,1
"all participants, 10 % of the labels",768,3,left_hand,0.6785,1
"all participants, 10 % of the labels",769,3,left_hand,0.9418,1
"all participants, 10 % of the labels",770,3,right_hand,0.6846,1
"all participants, 10 % of the labels",771,3,left_hand,0.0117,1
"all participants, 10 % of the labels",772,3,left_hand,0.0039,1
"all participants, 10 % of the labels",773,3,right_hand,0.8276,1
"all participants, 10 % of the labels",774,3,left_hand,0.9965,1
"all participants, 10 % of the labels",775,3,left_hand,0.842,1
"all participants, 10 % of the labels",776,3,right_hand,0.0012,1
"all participants, 10 % of the labels",777,3,left_hand,0.7452,1
"all participants, 10 % of the labels",778,3,right_hand,0.1904,1
"all participants, 10 % of the labels",779,3,right_hand,0.5651,1
"all participants, 10 % of the labels",780,3,left_hand,0.9941,1
"all participants, 10 % of the labels",781,3,right_hand,0.796,1
"all participants, 10 % of the labels",782,3,left_hand,0.3535,1
"all participants, 10 % of the labels",783,3,left_hand,0.945,1
"all participants, 10 % of the labels",784,3,right_hand,0.2593,1
"all participants, 10 % of the labels",785,3,left_hand,0.2668,1
"all participants, 10 % of the labels",786,3,right_hand,0.993,1
"all participants, 10 % of the labels",787,3,right_hand,0.9408,1
"all participants, 10 % of the labels",788,3,right_hand,0.864,1
"all participants, 10 % of the labels",789,3,right_hand,0.9258,1
"all participants, 10 % of the labels",790,3,right_hand,0.1265,1
"all participants, 10 % of the labels",791,3,left_hand,0.0058,1
"all participants, 10 % of the labels",792,3,right_hand,0.9995,1
"all participants, 10 % of the labels",793,3,left_hand,0.6256,1
"all participants, 10 % of the labels",794,3,left_hand,0.157,1
"all participants, 10 % of the labels",795,3,left_hand,0.9268,1
"all participants, 10 % of the labels",796,3,right_hand,0.9538,1
"all participants, 10 % of the labels",797,3,right_hand,0.9495,1
"all participants, 10 % of the labels",798,3,left_hand,0.123,1
"all participants, 10 % of the labels",799,3,right_hand,0.9875,1
"all participants, 10 % of the labels",800,3,left_hand,0.0032,1
"all participants, 10 % of the labels",801,3,right_hand,0.0079,1
"all participants, 10 % of the labels",802,3,left_hand,0.9798,1
"all participants, 10 % of the labels",803,3,right_hand,0.0061,1
"all participants, 10 % of the labels",804,3,right_hand,0.0213,1
"all participants, 10 % of the labels",805,3,right_hand,0.9559,1
"all participants, 10 % of the labels",806,3,left_hand,0.8057,1
"all participants, 10 % of the labels",807,3,left_hand,0.8194,1
"all participants, 10 % of the labels",808,3,right_hand,0.9858,1
"all participants, 10 % of the labels",809,3,left_hand,0.8012,1
"all participants, 10 % of the labels",810,3,right_hand,0.8459,1
"all participants, 10 % of the labels",811,3,right_hand,0.3546,1
"all participants, 10 % of the labels",812,3,left_hand,0.9831,1
"all participants, 10 % of the labels",813,3,left_hand,0.825,1
"all participants, 10 % of the labels",814,3,right_hand,0.7415,1
"all participants, 10 % of the labels",815,3,left_hand,0.61,1
"all participants, 10 % of the labels",816,3,right_hand,0.9755,1
"all participants, 10 % of the labels",817,3,left_hand,0.1813,1
"all participants, 10 % of the labels",818,3,left_hand,0.6572,1
"all participants, 10 % of the labels",819,3,right_hand,0.2799,1
"all participants, 10 % of the labels",820,3,left_hand,0.8417,1
"all participants, 10 % of the labels",821,3,left_hand,0.548,1
"all participants, 10 % of the labels",822,3,left_hand,0.8585,1
"all participants, 10 % of the labels",823,3,right_hand,0.9898,1
"all participants, 10 % of the labels",824,3,right_hand,0.9079,1
"all participants, 10 % of the labels",825,3,right_hand,0.0358,1
"all participants, 10 % of the labels",826,3,right_hand,0.0001,1
"all participants, 10 % of the labels",827,3,left_hand,0.7939,1
"all participants, 10 % of the labels",828,3,right_hand,0.3716,1
"all participants, 10 % of the labels",829,3,right_hand,0.9823,1
"all participants, 10 % of the labels",830,3,right_hand,0.8072,1
"all participants, 10 % of the labels",831,3,left_hand,0.65,1
"all participants, 10 % of the labels",832,3,left_hand,0.9105,1
"all participants, 10 % of the labels",833,3,left_hand,0.9928,1
"all participants, 10 % of the labels",834,3,left_hand,0.7175,1
"all participants, 10 % of the labels",835,3,left_hand,0.0047,1
"all participants, 10 % of the labels",836,3,right_hand,0.2428,1
"all participants, 10 % of the labels",837,3,left_hand,0.5089,1
"all participants, 10 % of the labels",838,3,right_hand,0.1322,1
"all participants, 10 % of the labels",839,3,right_hand,0.737,1
"all participants, 10 % of the labels",840,3,left_hand,0.7748,1
"all participants, 10 % of the labels",841,3,right_hand,0.9938,1
"all participants, 10 % of the labels",842,3,left_hand,0.9405,1
"all participants, 10 % of the labels",843,3,left_hand,0.1099,1
"all participants, 10 % of the labels",844,3,right_hand,0.6942,1
"all participants, 10 % of the labels",845,3,right_hand,0.9818,1
"all participants, 10 % of the labels",846,3,right_hand,0.856,1
"all participants, 10 % of the labels",847,3,left_hand,0.4484,1
"all participants, 10 % of the labels",848,3,right_hand,0.5657,1
"all participants, 10 % of the labels",849,3,right_hand,0.9987,1
"all participants, 10 % of the labels",850,3,right_hand,0.9927,1
"all participants, 10 % of the labels",851,3,right_hand,0.9997,1
"all participants, 10 % of the labels",852,3,right_hand,0.0244,1
"all participants, 10 % of the labels",853,3,left_hand,0.949,1
"all participants, 10 % of the labels",854,3,right_hand,0.0607,1
"all participants, 10 % of the labels",855,3,right_hand,0.005,1
"all participants, 10 % of the labels",856,3,left_hand,0.9988,1
"all participants, 10 % of the labels",857,3,left_hand,0.5194,1
"all participants, 10 % of the labels",858,3,left_hand,0.721,1
"all participants, 10 % of the labels",859,3,left_hand,0.8723,1
"all participants, 10 % of the labels",860,3,left_hand,0.9799,1
"all participants, 10 % of the labels",861,3,left_hand,0.8887,1
"all participants, 10 % of the labels",862,3,right_hand,0.8982,1
"all participants, 10 % of the labels",863,3,left_hand,0.9232,1
"all participants, 10 % of the labels",1008,4,right_hand,0.3485,1
"all participants, 10 % of the labels",1009,4,left_hand,0.9602,1
"all participants, 10 % of the labels",1010,4,left_hand,0.5396,1
"all participants, 10 % of the labels",1011,4,right_hand,0.5098,1
"all participants, 10 % of the labels",1012,4,right_hand,0.9776,1
"all participants, 10 % of the labels",1013,4,left_hand,0.5493,1
"all participants, 10 % of the labels",1014,4,left_hand,0.0219,1
"all participants, 10 % of the labels",1015,4,left_hand,0.9466,1
"all participants, 10 % of the labels",1016,4,right_hand,0.9019,1
"all participants, 10 % of the labels",1017,4,right_hand,0.0037,1
"all participants, 10 % of the labels",1018,4,left_hand,0.9482,1
"all participants, 10 % of the labels",1019,4,left_hand,0.0032,1
"all participants, 10 % of the labels",1020,4,left_hand,0.8698,1
"all participants, 10 % of the labels",1021,4,right_hand,0.1009,1
"all participants, 10 % of the labels",1022,4,left_hand,0.0306,1
"all participants, 10 % of the labels",1023,4,right_hand,0.7642,1
"all participants, 10 % of the labels",1024,4,right_hand,0.0872,1
"all participants, 10 % of the labels",1025,4,left_hand,0.9944,1
"all participants, 10 % of the labels",1026,4,right_hand,0.0072,1
"all participants, 10 % of the labels",1027,4,left_hand,0.0016,1
"all participants, 10 % of the labels",1028,4,right_hand,0.9145,1
"all participants, 10 % of the labels",1029,4,right_hand,0.9955,1
"all participants, 10 % of the labels",1030,4,right_hand,0.996,1
"all participants, 10 % of the labels",1031,4,left_hand,0.9711,1
"all participants, 10 % of the labels",1032,4,left_hand,0.7125,1
"all participants, 10 % of the labels",1033,4,left_hand,0.9687,1
"all participants, 10 % of the labels",1034,4,right_hand,0.4019,1
"all participants, 10 % of the labels",1035,4,left_hand,0.0183,1
"all participants, 10 % of the labels",1036,4,left_hand,0.1627,1
"all participants, 10 % of the labels",1037,4,right_hand,0.5297,1
"all participants, 10 % of the labels",1038,4,left_hand,0.0027,1
"all participants, 10 % of the labels",1039,4,left_hand,0.0189,1
"all participants, 10 % of the labels",1040,4,right_hand,0.6195,1
"all participants, 10 % of the labels",1041,4,left_hand,0.7847,1
"all participants, 10 % of the labels",1042,4,right_hand,0.7338,1
"all participants, 10 % of the labels",1043,4,right_hand,0.9032,1
"all participants, 10 % of the labels",1044,4,left_hand,0.0002,1
"all participants, 10 % of the labels",1045,4,right_hand,0.2477,1
"all participants, 10 % of the labels",1046,4,left_hand,0.026,1
"all participants, 10 % of the labels",1047,4,left_hand,0.9923,1
"all participants, 10 % of the labels",1048,4,right_hand,0.0875,1
"all participants, 10 % of the labels",1049,4,left_hand,0.9807,1
"all participants, 10 % of the labels",1050,4,right_hand,0.4442,1
"all participants, 10 % of the labels",1051,4,right_hand,0.9595,1
"all participants, 10 % of the labels",1052,4,right_hand,0.0018,1
"all participants, 10 % of the labels",1053,4,right_hand,0.4651,1
"all participants, 10 % of the labels",1054,4,right_hand,0.0673,1
"all participants, 10 % of the labels",1055,4,left_hand,0.9995,1
"all participants, 10 % of the labels",1056,4,right_hand,0.0295,1
"all participants, 10 % of the labels",1057,4,left_hand,0.0097,1
"all participants, 10 % of the labels",1058,4,left_hand,0.9076,1
"all participants, 10 % of the labels",1059,4,left_hand,0.9968,1
"all participants, 10 % of the labels",1060,4,right_hand,0.9905,1
"all participants, 10 % of the labels",1061,4,right_hand,0.3624,1
"all participants, 10 % of the labels",1062,4,left_hand,0.991,1
"all participants, 10 % of the labels",1063,4,right_hand,0.2094,1
"all participants, 10 % of the labels",1064,4,left_hand,0.0149,1
"all participants, 10 % of the labels",1065,4,right_hand,0.8822,1
"all participants, 10 % of the labels",1066,4,left_hand,0.9986,1
"all participants, 10 % of the labels",1067,4,right_hand,0.9578,1
"all participants, 10 % of the labels",1068,4,right_hand,0.5552,1
"all participants, 10 % of the labels",1069,4,right_hand,0.8095,1
"all participants, 10 % of the labels",1070,4,left_hand,0.0028,1
"all participants, 10 % of the labels",1071,4,left_hand,0.8334,1
"all participants, 10 % of the labels",1072,4,right_hand,0.9246,1
"all participants, 10 % of the labels",1073,4,left_hand,0.2312,1
"all participants, 10 % of the labels",1074,4,right_hand,0.6094,1
"all participants, 10 % of the labels",1075,4,right_hand,0.0012,1
"all participants, 10 % of the labels",1076,4,left_hand,0.0013,1
"all participants, 10 % of the labels",1077,4,left_hand,0.048,1
"all participants, 10 % of the labels",1078,4,right_hand,0.2444,1
"all participants, 10 % of the labels",1079,4,left_hand,0.9986,1
"all participants, 10 % of the labels",1080,4,right_hand,0.2711,1
"all participants, 10 % of the labels",1081,4,left_hand,0.4413,1
"all participants, 10 % of the labels",1082,4,left_hand,0.4235,1
"all participants, 10 % of the labels",1083,4,right_hand,0.9861,1
"all participants, 10 % of the labels",1084,4,left_hand,0.6649,1
"all participants, 10 % of the labels",1085,4,left_hand,0.7496,1
"all participants, 10 % of the labels",1086,4,left_hand,0.662,1
"all participants, 10 % of the labels",1087,4,right_hand,0.9989,1
"all participants, 10 % of the labels",1088,4,right_hand,0.9378,1
"all participants, 10 % of the labels",1089,4,right_hand,0.9992,1
"all participants, 10 % of the labels",1090,4,right_hand,0.1554,1
"all participants, 10 % of the labels",1091,4,left_hand,0.8535,1
"all participants, 10 % of the labels",1092,4,right_hand,0.0013,1
"all participants, 10 % of the labels",1093,4,right_hand,0.9198,1
"all participants, 10 % of the labels",1094,4,right_hand,0.9939,1
"all participants, 10 % of the labels",1095,4,left_hand,0.1645,1
"all participants, 10 % of the labels",1096,4,left_hand,0.0539,1
"all participants, 10 % of the labels",1097,4,left_hand,0.8499,1
"all participants, 10 % of the labels",1098,4,left_hand,0.007,1
"all participants, 10 % of the labels",1099,4,left_hand,0.9864,1
"all participants, 10 % of the labels",1100,4,right_hand,0.0002,1
"all participants, 10 % of the labels",1101,4,left_hand,0.0081,1
"all participants, 10 % of the labels",1102,4,right_hand,0.5876,1
"all participants, 10 % of the labels",1103,4,right_hand,0.6891,1
"all participants, 10 % of the labels",1104,4,left_hand,0.147,1
"all participants, 10 % of the labels",1105,4,right_hand,0.0901,1
"all participants, 10 % of the labels",1106,4,left_hand,0.8968,1
"all participants, 10 % of the labels",1107,4,left_hand,0.9998,1
"all participants, 10 % of the labels",1108,4,right_hand,0.3857,1
"all participants, 10 % of the labels",1109,4,right_hand,0.0802,1
"all participants, 10 % of the labels",1110,4,right_hand,0.9973,1
"all participants, 10 % of the labels",1111,4,left_hand,0.101,1
"all participants, 10 % of the labels",1112,4,right_hand,0.9984,1
"all participants, 10 % of the labels",1113,4,right_hand,0.0703,1
"all participants, 10 % of the labels",1114,4,right_hand,0.2811,1
"all participants, 10 % of the labels",1115,4,right_hand,0.9743,1
"all participants, 10 % of the labels",1116,4,right_hand,0.9255,1
"all participants, 10 % of the labels",1117,4,left_hand,0.8964,1
"all participants, 10 % of the labels",1118,4,right_hand,0.9423,1
"all participants, 10 % of the labels",1119,4,right_hand,0.2653,1
"all participants, 10 % of the labels",1120,4,left_hand,0.6461,1
"all participants, 10 % of the labels",1121,4,left_hand,0.1123,1
"all participants, 10 % of the labels",1122,4,left_hand,0.9995,1
"all participants, 10 % of the labels",1123,4,left_hand,0.1667,1
"all participants, 10 % of the labels",1124,4,left_hand,0.0349,1
"all participants, 10 % of the labels",1125,4,left_hand,0.0055,1
"all participants, 10 % of the labels",1126,4,right_hand,0.8718,1
"all participants, 10 % of the labels",1127,4,left_hand,0.0909,1
"all participants, 10 % of the labels",1128,4,left_hand,0.0415,1
"all participants, 10 % of the labels",1129,4,right_hand,0.0363,1
"all participants, 10 % of the labels",1130,4,right_hand,0.7332,1
"all participants, 10 % of the labels",1131,4,left_hand,0.1893,1
"all participants, 10 % of the labels",1132,4,right_hand,0.9957,1
"all participants, 10 % of the labels",1133,4,right_hand,0.6381,1
"all participants, 10 % of the labels",1134,4,right_hand,0.1609,1
"all participants, 10 % of the labels",1135,4,right_hand,0.9958,1
"all participants, 10 % of the labels",1136,4,right_hand,0.9425,1
"all participants, 10 % of the labels",1137,4,left_hand,0.9707,1
"all participants, 10 % of the labels",1138,4,left_hand,0.5074,1
"all participants, 10 % of the labels",1139,4,left_hand,0.3513,1
"all participants, 10 % of the labels",1140,4,left_hand,0.0203,1
"all participants, 10 % of the labels",1141,4,right_hand,0.0051,1
"all participants, 10 % of the labels",1142,4,right_hand,0.9897,1
"all participants, 10 % of the labels",1143,4,left_hand,0.2389,1
"all participants, 10 % of the labels",1144,4,left_hand,0.0068,1
"all participants, 10 % of the labels",1145,4,left_hand,0.0326,1
"all participants, 10 % of the labels",1146,4,right_hand,0.0035,1
"all participants, 10 % of the labels",1147,4,right_hand,0.4503,1
"all participants, 10 % of the labels",1148,4,left_hand,0.059,1
"all participants, 10 % of the labels",1149,4,left_hand,0.1645,1
"all participants, 10 % of the labels",1150,4,right_hand,0.9785,1
"all participants, 10 % of the labels",1151,4,left_hand,0.8875,1
"all participants, 10 % of the labels",1296,5,left_hand,0.886,1
"all participants, 10 % of the labels",1297,5,right_hand,0.0024,1
"all participants, 10 % of the labels",1298,5,right_hand,0.0056,1
"all participants, 10 % of the labels",1299,5,left_hand,0.001,1
"all participants, 10 % of the labels",1300,5,right_hand,0.0133,1
"all participants, 10 % of the labels",1301,5,left_hand,0.0145,1
"all participants, 10 % of the labels",1302,5,right_hand,0.8812,1
"all participants, 10 % of the labels",1303,5,right_hand,0.261,1
"all participants, 10 % of the labels",1304,5,left_hand,0.1644,1
"all participants, 10 % of the labels",1305,5,right_hand,0.0008,1
"all participants, 10 % of the labels",1306,5,left_hand,0.0313,1
"all participants, 10 % of the labels",1307,5,left_hand,0.0017,1
"all participants, 10 % of the labels",1308,5,right_hand,0.1379,1
"all participants, 10 % of the labels",1309,5,left_hand,0.0196,1
"all participants, 10 % of the labels",1310,5,left_hand,0.0454,1
"all participants, 10 % of the labels",1311,5,left_hand,0.0374,1
"all participants, 10 % of the labels",1312,5,left_hand,0.0009,1
"all participants, 10 % of the labels",1313,5,right_hand,0.1711,1
"all participants, 10 % of the labels",1314,5,left_hand,0.0008,1
"all participants, 10 % of the labels",1315,5,right_hand,0.0567,1
"all participants, 10 % of the labels",1316,5,right_hand,0.0054,1
"all participants, 10 % of the labels",1317,5,left_hand,0.4328,1
"all participants, 10 % of the labels",1318,5,right_hand,0.0056,1
"all participants, 10 % of the labels",1319,5,right_hand,0.001,1
"all participants, 10 % of the labels",1320,5,right_hand,0.0249,1
"all participants, 10 % of the labels",1321,5,left_hand,0.7342,1
"all participants, 10 % of the labels",1322,5,left_hand,0.1074,1
"all participants, 10 % of the labels",1323,5,right_hand,0.0346,1
"all participants, 10 % of the labels",1324,5,right_hand,0.0441,1
"all participants, 10 % of the labels",1325,5,left_hand,0.0023,1
"all participants, 10 % of the labels",1326,5,left_hand,0.0012,1
"all participants, 10 % of the labels",1327,5,left_hand,0.0118,1
"all participants, 10 % of the labels",1328,5,right_hand,0.4625,1
"all participants, 10 % of the labels",1329,5,right_hand,0.0115,1
"all participants, 10 % of the labels",1330,5,left_hand,0.0519,1
"all participants, 10 % of the labels",1331,5,left_hand,0.0046,1
"all participants, 10 % of the labels",1332,5,left_hand,0.0031,1
"all participants, 10 % of the labels",1333,5,right_hand,0.0009,1
"all participants, 10 % of the labels",1334,5,left_hand,0.0061,1
"all participants, 10 % of the labels",1335,5,right_hand,0.0698,1
"all participants, 10 % of the labels",1336,5,right_hand,0.0251,1
"all participants, 10 % of the labels",1337,5,left_hand,0.0146,1
"all participants, 10 % of the labels",1338,5,right_hand,0.7069,1
"all participants, 10 % of the labels",1339,5,left_hand,0.0001,1
"all participants, 10 % of the labels",1340,5,right_hand,0.0735,1
"all participants, 10 % of the labels",1341,5,right_hand,0.0055,1
"all participants, 10 % of the labels",1342,5,right_hand,0.0003,1
"all participants, 10 % of the labels",1343,5,left_hand,0.2237,1
"all participants, 10 % of the labels",1344,5,left_hand,0.9877,1
"all participants, 10 % of the labels",1345,5,left_hand,0.9727,1
"all participants, 10 % of the labels",1346,5,right_hand,0.0266,1
"all participants, 10 % of the labels",1347,5,left_hand,0.1586,1
"all participants, 10 % of the labels",1348,5,left_hand,0.7612,1
"all participants, 10 % of the labels",1349,5,right_hand,0.0227,1
"all participants, 10 % of the labels",1350,5,left_hand,0.3733,1
"all participants, 10 % of the labels",1351,5,left_hand,0.0003,1
"all participants, 10 % of the labels",1352,5,right_hand,0.0064,1
"all participants, 10 % of the labels",1353,5,left_hand,0.5345,1
"all participants, 10 % of the labels",1354,5,right_hand,0.4162,1
"all participants, 10 % of the labels",1355,5,right_hand,0.0015,1
"all participants, 10 % of the labels",1356,5,left_hand,0.0447,1
"all participants, 10 % of the labels",1357,5,right_hand,0.0013,1
"all participants, 10 % of the labels",1358,5,left_hand,0.0031,1
"all participants, 10 % of the labels",1359,5,left_hand,0.0035,1
"all participants, 10 % of the labels",1360,5,right_hand,0.8918,1
"all participants, 10 % of the labels",1361,5,left_hand,0.9153,1
"all participants, 10 % of the labels",1362,5,right_hand,0.0002,1
"all participants, 10 % of the labels",1363,5,right_hand,0.1737,1
"all participants, 10 % of the labels",1364,5,right_hand,0.2683,1
"all participants, 10 % of the labels",1365,5,right_hand,0.8772,1
"all participants, 10 % of the labels",1366,5,right_hand,0.0024,1
"all participants, 10 % of the labels",1367,5,left_hand,0.0084,1
"all participants, 10 % of the labels",1368,5,right_hand,0.4615,1
"all participants, 10 % of the labels",1369,5,left_hand,0.1786,1
"all participants, 10 % of the labels",1370,5,left_hand,0.4064,1
"all participants, 10 % of the labels",1371,5,left_hand,0.0046,1
"all participants, 10 % of the labels",1372,5,right_hand,0.6458,1
"all participants, 10 % of the labels",1373,5,right_hand,0.0001,1
"all participants, 10 % of the labels",1374,5,left_hand,0.0244,1
"all participants, 10 % of the labels",1375,5,right_hand,0.0375,1
"all participants, 10 % of the labels",1376,5,left_hand,0.602,1
"all participants, 10 % of the labels",1377,5,right_hand,0.0153,1
"all participants, 10 % of the labels",1378,5,left_hand,0.0166,1
"all participants, 10 % of the labels",1379,5,right_hand,0.9506,1
"all participants, 10 % of the labels",1380,5,right_hand,0.086,1
"all participants, 10 % of the labels",1381,5,right_hand,0.3416,1
"all participants, 10 % of the labels",1382,5,left_hand,0.1336,1
"all participants, 10 % of the labels",1383,5,left_hand,0.4484,1
"all participants, 10 % of the labels",1384,5,right_hand,0.0026,1
"all participants, 10 % of the labels",1385,5,left_hand,0.0011,1
"all participants, 10 % of the labels",1386,5,right_hand,0.072,1
"all participants, 10 % of the labels",1387,5,right_hand,0.3839,1
"all participants, 10 % of the labels",1388,5,left_hand,0.1643,1
"all participants, 10 % of the labels",1389,5,left_hand,0.0013,1
"all participants, 10 % of the labels",1390,5,right_hand,0.0772,1
"all participants, 10 % of the labels",1391,5,left_hand,0.049,1
"all participants, 10 % of the labels",1392,5,right_hand,0.0195,1
"all participants, 10 % of the labels",1393,5,left_hand,0.0201,1
"all participants, 10 % of the labels",1394,5,left_hand,0.0665,1
"all participants, 10 % of the labels",1395,5,right_hand,0.0028,1
"all participants, 10 % of the labels",1396,5,left_hand,0.4168,1
"all participants, 10 % of the labels",1397,5,left_hand,0.1595,1
"all participants, 10 % of the labels",1398,5,left_hand,0.1631,1
"all participants, 10 % of the labels",1399,5,right_hand,0.0006,1
"all participants, 10 % of the labels",1400,5,right_hand,0.1024,1
"all participants, 10 % of the labels",1401,5,right_hand,0.5731,1
"all participants, 10 % of the labels",1402,5,right_hand,0.1291,1
"all participants, 10 % of the labels",1403,5,left_hand,0.551,1
"all participants, 10 % of the labels",1404,5,right_hand,0.0683,1
"all participants, 10 % of the labels",1405,5,right_hand,0.5686,1
"all participants, 10 % of the labels",1406,5,right_hand,0.0529,1
"all participants, 10 % of the labels",1407,5,left_hand,0.0014,1
"all participants, 10 % of the labels",1408,5,left_hand,0.601,1
"all participants, 10 % of the labels",1409,5,left_hand,0.3932,1
"all participants, 10 % of the labels",1410,5,left_hand,0.0005,1
"all participants, 10 % of the labels",1411,5,left_hand,0.2243,1
"all participants, 10 % of the labels",1412,5,right_hand,0.0005,1
"all participants, 10 % of the labels",1413,5,left_hand,0.023,1
"all participants, 10 % of the labels",1414,5,right_hand,0.0325,1
"all participants, 10 % of the labels",1415,5,right_hand,0.8614,1
"all participants, 10 % of the labels",1416,5,left_hand,0.0097,1
"all participants, 10 % of the labels",1417,5,right_hand,0.0025,1
"all participants, 10 % of the labels",1418,5,left_hand,0.0003,1
"all participants, 10 % of the labels",1419,5,left_hand,0.0319,1
"all participants, 10 % of the labels",1420,5,right_hand,0.9756,1
"all participants, 10 % of the labels",1421,5,right_hand,0.0426,1
"all participants, 10 % of the labels",1422,5,right_hand,0.036,1
"all participants, 10 % of the labels",1423,5,left_hand,0.0123,1
"all participants, 10 % of the labels",1424,5,right_hand,0.7015,1
"all participants, 10 % of the labels",1425,5,right_hand,0.004,1
"all participants, 10 % of the labels",1426,5,right_hand,0.1776,1
"all participants, 10 % of the labels",1427,5,right_hand,0.1064,1
"all participants, 10 % of the labels",1428,5,right_hand,0.0539,1
"all participants, 10 % of the labels",1429,5,left_hand,0.2561,1
"all participants, 10 % of the labels",1430,5,right_hand,0.0123,1
"all participants, 10 % of the labels",1431,5,right_hand,0.0023,1
"all participants, 10 % of the labels",1432,5,left_hand,0.0004,1
"all participants, 10 % of the labels",1433,5,left_hand,0.3653,1
"all participants, 10 % of the labels",1434,5,left_hand,0.0013,1
"all participants, 10 % of the labels",1435,5,left_hand,0.9792,1
"all participants, 10 % of the labels",1436,5,left_hand,0.3978,1
"all participants, 10 % of the labels",1437,5,left_hand,0.0076,1
"all participants, 10 % of the labels",1438,5,right_hand,0.0771,1
"all participants, 10 % of the labels",1439,5,left_hand,0.0005,1
"all participants, 10 % of the labels",1584,6,left_hand,0.1175,1
"all participants, 10 % of the labels",1585,6,right_hand,0.2155,1
"all participants, 10 % of the labels",1586,6,right_hand,0.0266,1
"all participants, 10 % of the labels",1587,6,left_hand,0.0049,1
"all participants, 10 % of the labels",1588,6,right_hand,0.7418,1
"all participants, 10 % of the labels",1589,6,left_hand,0.0007,1
"all participants, 10 % of the labels",1590,6,right_hand,0.5618,1
"all participants, 10 % of the labels",1591,6,right_hand,0.9799,1
"all participants, 10 % of the labels",1592,6,left_hand,0.0039,1
"all participants, 10 % of the labels",1593,6,right_hand,0.3604,1
"all participants, 10 % of the labels",1594,6,left_hand,0.9996,1
"all participants, 10 % of the labels",1595,6,left_hand,0.9942,1
"all participants, 10 % of the labels",1596,6,right_hand,0.996,1
"all participants, 10 % of the labels",1597,6,left_hand,0.6127,1
"all participants, 10 % of the labels",1598,6,left_hand,0.9954,1
"all participants, 10 % of the labels",1599,6,left_hand,0.3132,1
"all participants, 10 % of the labels",1600,6,left_hand,0.2393,1
"all participants, 10 % of the labels",1601,6,right_hand,0.8322,1
"all participants, 10 % of the labels",1602,6,left_hand,0.2128,1
"all participants, 10 % of the labels",1603,6,right_hand,0.0063,1
"all participants, 10 % of the labels",1604,6,right_hand,0.9994,1
"all participants, 10 % of the labels",1605,6,left_hand,0.2551,1
"all participants, 10 % of the labels",1606,6,right_hand,0.9978,1
"all participants, 10 % of the labels",1607,6,right_hand,0.8372,1
"all participants, 10 % of the labels",1608,6,right_hand,0.963,1
"all participants, 10 % of the labels",1609,6,left_hand,0.999,1
"all participants, 10 % of the labels",1610,6,left_hand,0.0549,1
"all participants, 10 % of the labels",1611,6,right_hand,0.1637,1
"all participants, 10 % of the labels",1612,6,right_hand,0.9993,1
"all participants, 10 % of the labels",1613,6,left_hand,0.0221,1
"all participants, 10 % of the labels",1614,6,left_hand,0.2593,1
"all participants, 10 % of the labels",1615,6,left_hand,1.0,1
"all participants, 10 % of the labels",1616,6,right_hand,0.7583,1
"all participants, 10 % of the labels",1617,6,right_hand,0.6805,1
"all participants, 10 % of the labels",1618,6,left_hand,0.8285,1
"all participants, 10 % of the labels",1619,6,left_hand,0.453,1
"all participants, 10 % of the labels",1620,6,left_hand,0.0006,1
"all participants, 10 % of the labels",1621,6,right_hand,0.0434,1
"all participants, 10 % of the labels",1622,6,left_hand,0.974,1
"all participants, 10 % of the labels",1623,6,right_hand,0.9889,1
"all participants, 10 % of the labels",1624,6,right_hand,0.9989,1
"all participants, 10 % of the labels",1625,6,left_hand,0.0049,1
"all participants, 10 % of the labels",1626,6,right_hand,0.9862,1
"all participants, 10 % of the labels",1627,6,left_hand,0.5482,1
"all participants, 10 % of the labels",1628,6,right_hand,0.0,1
"all participants, 10 % of the labels",1629,6,right_hand,0.8101,1
"all participants, 10 % of the labels",1630,6,right_hand,0.001,1
"all participants, 10 % of the labels",1631,6,left_hand,0.0005,1
"all participants, 10 % of the labels",1632,6,left_hand,0.8532,1
"all participants, 10 % of the labels",1633,6,left_hand,0.9986,1
"all participants, 10 % of the labels",1634,6,right_hand,0.9999,1
"all participants, 10 % of the labels",1635,6,left_hand,0.5281,1
"all participants, 10 % of the labels",1636,6,left_hand,0.0003,1
"all participants, 10 % of the labels",1637,6,right_hand,0.7552,1
"all participants, 10 % of the labels",1638,6,left_hand,0.9183,1
"all participants, 10 % of the labels",1639,6,left_hand,0.0326,1
"all participants, 10 % of the labels",1640,6,right_hand,0.9893,1
"all participants, 10 % of the labels",1641,6,left_hand,0.1102,1
"all participants, 10 % of the labels",1642,6,right_hand,0.5181,1
"all participants, 10 % of the labels",1643,6,right_hand,0.6947,1
"all participants, 10 % of the labels",1644,6,left_hand,0.7858,1
"all participants, 10 % of the labels",1645,6,right_hand,0.9989,1
"all participants, 10 % of the labels",1646,6,left_hand,0.6081,1
"all participants, 10 % of the labels",1647,6,left_hand,0.6916,1
"all participants, 10 % of the labels",1648,6,right_hand,0.6171,1
"all participants, 10 % of the labels",1649,6,left_hand,0.9988,1
"all participants, 10 % of the labels",1650,6,right_hand,0.2619,1
"all participants, 10 % of the labels",1651,6,right_hand,0.4122,1
"all participants, 10 % of the labels",1652,6,right_hand,0.9819,1
"all participants, 10 % of the labels",1653,6,right_hand,0.3779,1
"all participants, 10 % of the labels",1654,6,right_hand,0.4391,1
"all participants, 10 % of the labels",1655,6,left_hand,0.9999,1
"all participants, 10 % of the labels",1656,6,right_hand,0.6108,1
"all participants, 10 % of the labels",1657,6,left_hand,0.0131,1
"all participants, 10 % of the labels",1658,6,left_hand,0.9469,1
"all participants, 10 % of the labels",1659,6,left_hand,0.9863,1
"all participants, 10 % of the labels",1660,6,right_hand,0.9454,1
"all participants, 10 % of the labels",1661,6,right_hand,0.1492,1
"all participants, 10 % of the labels",1662,6,left_hand,0.53,1
"all participants, 10 % of the labels",1663,6,right_hand,0.9015,1
"all participants, 10 % of the labels",1664,6,left_hand,0.9414,1
"all participants, 10 % of the labels",1665,6,right_hand,0.1361,1
"all participants, 10 % of the labels",1666,6,left_hand,0.9811,1
"all participants, 10 % of the labels",1667,6,right_hand,0.999,1
"all participants, 10 % of the labels",1668,6,right_hand,0.9962,1
"all participants, 10 % of the labels",1669,6,right_hand,0.9986,1
"all participants, 10 % of the labels",1670,6,left_hand,0.002,1
"all participants, 10 % of the labels",1671,6,left_hand,0.2164,1
"all participants, 10 % of the labels",1672,6,right_hand,0.9984,1
"all participants, 10 % of the labels",1673,6,left_hand,0.9961,1
"all participants, 10 % of the labels",1674,6,right_hand,0.2117,1
"all participants, 10 % of the labels",1675,6,right_hand,0.02,1
"all participants, 10 % of the labels",1676,6,left_hand,0.8119,1
"all participants, 10 % of the labels",1677,6,left_hand,0.5628,1
"all participants, 10 % of the labels",1678,6,right_hand,0.1885,1
"all participants, 10 % of the labels",1679,6,left_hand,0.2621,1
"all participants, 10 % of the labels",1680,6,right_hand,1.0,1
"all participants, 10 % of the labels",1681,6,left_hand,0.9198,1
"all participants, 10 % of the labels",1682,6,left_hand,0.428,1
"all participants, 10 % of the labels",1683,6,right_hand,0.9992,1
"all participants, 10 % of the labels",1684,6,left_hand,0.3099,1
"all participants, 10 % of the labels",1685,6,left_hand,0.9653,1
"all participants, 10 % of the labels",1686,6,left_hand,0.9979,1
"all participants, 10 % of the labels",1687,6,right_hand,0.9948,1
"all participants, 10 % of the labels",1688,6,right_hand,0.5714,1
"all participants, 10 % of the labels",1689,6,right_hand,0.6493,1
"all participants, 10 % of the labels",1690,6,right_hand,0.9564,1
"all participants, 10 % of the labels",1691,6,left_hand,0.9997,1
"all participants, 10 % of the labels",1692,6,right_hand,0.9999,1
"all participants, 10 % of the labels",1693,6,right_hand,0.9814,1
"all participants, 10 % of the labels",1694,6,right_hand,0.9436,1
"all participants, 10 % of the labels",1695,6,left_hand,0.3828,1
"all participants, 10 % of the labels",1696,6,left_hand,0.0808,1
"all participants, 10 % of the labels",1697,6,left_hand,0.9982,1
"all participants, 10 % of the labels",1698,6,left_hand,0.0181,1
"all participants, 10 % of the labels",1699,6,left_hand,0.4735,1
"all participants, 10 % of the labels",1700,6,right_hand,0.0003,1
"all participants, 10 % of the labels",1701,6,left_hand,0.221,1
"all participants, 10 % of the labels",1702,6,right_hand,0.1946,1
"all participants, 10 % of the labels",1703,6,right_hand,0.9803,1
"all participants, 10 % of the labels",1704,6,left_hand,0.9768,1
"all participants, 10 % of the labels",1705,6,right_hand,0.002,1
"all participants, 10 % of the labels",1706,6,left_hand,0.4131,1
"all participants, 10 % of the labels",1707,6,left_hand,0.9582,1
"all participants, 10 % of the labels",1708,6,right_hand,0.1712,1
"all participants, 10 % of the labels",1709,6,right_hand,0.0665,1
"all participants, 10 % of the labels",1710,6,right_hand,0.4856,1
"all participants, 10 % of the labels",1711,6,left_hand,0.4583,1
"all participants, 10 % of the labels",1712,6,right_hand,0.3254,1
"all participants, 10 % of the labels",1713,6,right_hand,0.9979,1
"all participants, 10 % of the labels",1714,6,right_hand,0.0829,1
"all participants, 10 % of the labels",1715,6,right_hand,0.0781,1
"all participants, 10 % of the labels",1716,6,right_hand,0.8907,1
"all participants, 10 % of the labels",1717,6,left_hand,0.133,1
"all participants, 10 % of the labels",1718,6,right_hand,0.9994,1
"all participants, 10 % of the labels",1719,6,right_hand,0.0093,1
"all participants, 10 % of the labels",1720,6,left_hand,0.1959,1
"all participants, 10 % of the labels",1721,6,left_hand,0.9378,1
"all participants, 10 % of the labels",1722,6,left_hand,0.0041,1
"all participants, 10 % of the labels",1723,6,left_hand,0.3045,1
"all participants, 10 % of the labels",1724,6,left_hand,0.7199,1
"all participants, 10 % of the labels",1725,6,left_hand,0.7739,1
"all participants, 10 % of the labels",1726,6,right_hand,0.9271,1
"all participants, 10 % of the labels",1727,6,left_hand,0.2558,1
"all participants, 10 % of the labels",1872,7,left_hand,0.8278,1
"all participants, 10 % of the labels",1873,7,right_hand,0.6978,1
"all participants, 10 % of the labels",1874,7,right_hand,0.9947,1
"all participants, 10 % of the labels",1875,7,left_hand,0.5843,1
"all participants, 10 % of the labels",1876,7,right_hand,0.9999,1
"all participants, 10 % of the labels",1877,7,left_hand,0.9992,1
"all participants, 10 % of the labels",1878,7,right_hand,0.9881,1
"all participants, 10 % of the labels",1879,7,right_hand,0.998,1
"all participants, 10 % of the labels",1880,7,left_hand,0.9905,1
"all participants, 10 % of the labels",1881,7,right_hand,0.9757,1
"all participants, 10 % of the labels",1882,7,left_hand,0.728,1
"all participants, 10 % of the labels",1883,7,left_hand,0.9894,1
"all participants, 10 % of the labels",1884,7,right_hand,0.3902,1
"all participants, 10 % of the labels",1885,7,left_hand,0.2844,1
"all participants, 10 % of the labels",1886,7,left_hand,0.9882,1
"all participants, 10 % of the labels",1887,7,left_hand,0.995,1
"all participants, 10 % of the labels",1888,7,left_hand,0.9948,1
"all participants, 10 % of the labels",1889,7,right_hand,0.8016,1
"all participants, 10 % of the labels",1890,7,left_hand,0.2336,1
"all participants, 10 % of the labels",1891,7,right_hand,0.7291,1
"all participants, 10 % of the labels",1892,7,right_hand,1.0,1
"all participants, 10 % of the labels",1893,7,left_hand,0.9609,1
"all participants, 10 % of the labels",1894,7,right_hand,0.746,1
"all participants, 10 % of the labels",1895,7,right_hand,0.2347,1
"all participants, 10 % of the labels",1896,7,right_hand,0.9975,1
"all participants, 10 % of the labels",1897,7,left_hand,0.2484,1
"all participants, 10 % of the labels",1898,7,left_hand,0.9988,1
"all participants, 10 % of the labels",1899,7,right_hand,0.9589,1
"all participants, 10 % of the labels",1900,7,right_hand,0.0912,1
"all participants, 10 % of the labels",1901,7,left_hand,0.9698,1
"all participants, 10 % of the labels",1902,7,left_hand,0.0602,1
"all participants, 10 % of the labels",1903,7,left_hand,0.5373,1
"all participants, 10 % of the labels",1904,7,right_hand,0.8078,1
"all participants, 10 % of the labels",1905,7,right_hand,0.9714,1
"all participants, 10 % of the labels",1906,7,left_hand,0.0192,1
"all participants, 10 % of the labels",1907,7,left_hand,0.8873,1
"all participants, 10 % of the labels",1908,7,left_hand,0.9128,1
"all participants, 10 % of the labels",1909,7,right_hand,0.972,1
"all participants, 10 % of the labels",1910,7,left_hand,0.9654,1
"all participants, 10 % of the labels",1911,7,right_hand,0.9957,1
"all participants, 10 % of the labels",1912,7,right_hand,0.9992,1
"all participants, 10 % of the labels",1913,7,left_hand,0.8053,1
"all participants, 10 % of the labels",1914,7,right_hand,0.0032,1
"all participants, 10 % of the labels",1915,7,left_hand,0.4746,1
"all participants, 10 % of the labels",1916,7,right_hand,0.1658,1
"all participants, 10 % of the labels",1917,7,right_hand,0.9799,1
"all participants, 10 % of the labels",1918,7,right_hand,0.0072,1
"all participants, 10 % of the labels",1919,7,left_hand,0.9842,1
"all participants, 10 % of the labels",1920,7,left_hand,0.9908,1
"all participants, 10 % of the labels",1921,7,left_hand,0.2369,1
"all participants, 10 % of the labels",1922,7,right_hand,0.2642,1
"all participants, 10 % of the labels",1923,7,left_hand,0.9451,1
"all participants, 10 % of the labels",1924,7,left_hand,0.7245,1
"all participants, 10 % of the labels",1925,7,right_hand,0.0051,1
"all participants, 10 % of the labels",1926,7,left_hand,0.9003,1
"all participants, 10 % of the labels",1927,7,left_hand,0.1429,1
"all participants, 10 % of the labels",1928,7,right_hand,0.9496,1
"all participants, 10 % of the labels",1929,7,left_hand,0.0075,1
"all participants, 10 % of the labels",1930,7,right_hand,0.9998,1
"all participants, 10 % of the labels",1931,7,right_hand,0.0319,1
"all participants, 10 % of the labels",1932,7,left_hand,0.6738,1
"all participants, 10 % of the labels",1933,7,right_hand,0.9986,1
"all participants, 10 % of the labels",1934,7,left_hand,0.9902,1
"all participants, 10 % of the labels",1935,7,left_hand,0.7124,1
"all participants, 10 % of the labels",1936,7,right_hand,0.9814,1
"all participants, 10 % of the labels",1937,7,left_hand,0.1312,1
"all participants, 10 % of the labels",1938,7,right_hand,0.0388,1
"all participants, 10 % of the labels",1939,7,right_hand,0.6824,1
"all participants, 10 % of the labels",1940,7,right_hand,0.0734,1
"all participants, 10 % of the labels",1941,7,right_hand,0.9809,1
"all participants, 10 % of the labels",1942,7,right_hand,0.9996,1
"all participants, 10 % of the labels",1943,7,left_hand,0.9967,1
"all participants, 10 % of the labels",1944,7,right_hand,0.082,1
"all participants, 10 % of the labels",1945,7,left_hand,0.9995,1
"all participants, 10 % of the labels",1946,7,left_hand,0.0202,1
"all participants, 10 % of the labels",1947,7,left_hand,0.9537,1
"all participants, 10 % of the labels",1948,7,right_hand,0.5402,1
"all participants, 10 % of the labels",1949,7,right_hand,0.9961,1
"all participants, 10 % of the labels",1950,7,left_hand,0.5905,1
"all participants, 10 % of the labels",1951,7,right_hand,0.9996,1
"all participants, 10 % of the labels",1952,7,left_hand,0.9985,1
"all participants, 10 % of the labels",1953,7,right_hand,0.9968,1
"all participants, 10 % of the labels",1954,7,left_hand,0.9305,1
"all participants, 10 % of the labels",1955,7,right_hand,0.7055,1
"all participants, 10 % of the labels",1956,7,right_hand,0.091,1
"all participants, 10 % of the labels",1957,7,right_hand,0.0217,1
"all participants, 10 % of the labels",1958,7,left_hand,0.9973,1
"all participants, 10 % of the labels",1959,7,left_hand,0.922,1
"all participants, 10 % of the labels",1960,7,right_hand,0.9994,1
"all participants, 10 % of the labels",1961,7,left_hand,0.9995,1
"all participants, 10 % of the labels",1962,7,right_hand,0.914,1
"all participants, 10 % of the labels",1963,7,right_hand,0.9914,1
"all participants, 10 % of the labels",1964,7,left_hand,0.9995,1
"all participants, 10 % of the labels",1965,7,left_hand,0.8352,1
"all participants, 10 % of the labels",1966,7,right_hand,0.8444,1
"all participants, 10 % of the labels",1967,7,left_hand,0.9976,1
"all participants, 10 % of the labels",1968,7,right_hand,0.4113,1
"all participants, 10 % of the labels",1969,7,left_hand,0.0378,1
"all participants, 10 % of the labels",1970,7,left_hand,0.8381,1
"all participants, 10 % of the labels",1971,7,right_hand,0.8983,1
"all participants, 10 % of the labels",1972,7,left_hand,0.8083,1
"all participants, 10 % of the labels",1973,7,left_hand,0.102,1
"all participants, 10 % of the labels",1974,7,left_hand,0.8835,1
"all participants, 10 % of the labels",1975,7,right_hand,0.9997,1
"all participants, 10 % of the labels",1976,7,right_hand,0.9981,1
"all participants, 10 % of the labels",1977,7,right_hand,0.999,1
"all participants, 10 % of the labels",1978,7,right_hand,0.9919,1
"all participants, 10 % of the labels",1979,7,left_hand,0.7466,1
"all participants, 10 % of the labels",1980,7,right_hand,0.045,1
"all participants, 10 % of the labels",1981,7,right_hand,0.969,1
"all participants, 10 % of the labels",1982,7,right_hand,0.945,1
"all participants, 10 % of the labels",1983,7,left_hand,0.9174,1
"all participants, 10 % of the labels",1984,7,left_hand,0.2557,1
"all participants, 10 % of the labels",1985,7,left_hand,0.9862,1
"all participants, 10 % of the labels",1986,7,left_hand,0.9977,1
"all participants, 10 % of the labels",1987,7,left_hand,0.5599,1
"all participants, 10 % of the labels",1988,7,right_hand,0.8749,1
"all participants, 10 % of the labels",1989,7,left_hand,0.9993,1
"all participants, 10 % of the labels",1990,7,right_hand,0.4063,1
"all participants, 10 % of the labels",1991,7,right_hand,0.9994,1
"all participants, 10 % of the labels",1992,7,left_hand,0.9787,1
"all participants, 10 % of the labels",1993,7,right_hand,0.6858,1
"all participants, 10 % of the labels",1994,7,left_hand,0.1704,1
"all participants, 10 % of the labels",1995,7,left_hand,0.9989,1
"all participants, 10 % of the labels",1996,7,right_hand,0.8774,1
"all participants, 10 % of the labels",1997,7,right_hand,0.9959,1
"all participants, 10 % of the labels",1998,7,right_hand,0.9992,1
"all participants, 10 % of the labels",1999,7,left_hand,0.9037,1
"all participants, 10 % of the labels",2000,7,right_hand,0.0216,1
"all participants, 10 % of the labels",2001,7,right_hand,0.6552,1
"all participants, 10 % of the labels",2002,7,right_hand,0.9204,1
"all participants, 10 % of the labels",2003,7,right_hand,0.916,1
"all participants, 10 % of the labels",2004,7,right_hand,0.9366,1
"all participants, 10 % of the labels",2005,7,left_hand,0.9359,1
"all participants, 10 % of the labels",2006,7,right_hand,0.4273,1
"all participants, 10 % of the labels",2007,7,right_hand,0.997,1
"all participants, 10 % of the labels",2008,7,left_hand,0.5009,1
"all participants, 10 % of the labels",2009,7,left_hand,0.9827,1
"all participants, 10 % of the labels",2010,7,left_hand,0.9983,1
"all participants, 10 % of the labels",2011,7,left_hand,0.6024,1
"all participants, 10 % of the labels",2012,7,left_hand,0.9979,1
"all participants, 10 % of the labels",2013,7,left_hand,0.9964,1
"all participants, 10 % of the labels",2014,7,right_hand,0.0012,1
"all participants, 10 % of the labels",2015,7,left_hand,0.0103,1
"all participants, 10 % of the labels",2160,8,left_hand,0.7366,1
"all participants, 10 % of the labels",2161,8,right_hand,0.995,1
"all participants, 10 % of the labels",2162,8,right_hand,0.4869,1
"all participants, 10 % of the labels",2163,8,left_hand,0.026,1
"all participants, 10 % of the labels",2164,8,right_hand,0.6802,1
"all participants, 10 % of the labels",2165,8,left_hand,0.8926,1
"all participants, 10 % of the labels",2166,8,right_hand,0.3263,1
"all participants, 10 % of the labels",2167,8,right_hand,0.6297,1
"all participants, 10 % of the labels",2168,8,left_hand,0.9585,1
"all participants, 10 % of the labels",2169,8,right_hand,0.9527,1
"all participants, 10 % of the labels",2170,8,left_hand,0.9877,1
"all participants, 10 % of the labels",2171,8,left_hand,0.6503,1
"all participants, 10 % of the labels",2172,8,right_hand,0.0422,1
"all participants, 10 % of the labels",2173,8,left_hand,0.8718,1
"all participants, 10 % of the labels",2174,8,left_hand,0.0081,1
"all participants, 10 % of the labels",2175,8,left_hand,0.0365,1
"all participants, 10 % of the labels",2176,8,left_hand,0.0353,1
"all participants, 10 % of the labels",2177,8,right_hand,0.9953,1
"all participants, 10 % of the labels",2178,8,left_hand,0.9961,1
"all participants, 10 % of the labels",2179,8,right_hand,0.0395,1
"all participants, 10 % of the labels",2180,8,right_hand,0.9992,1
"all participants, 10 % of the labels",2181,8,left_hand,0.9975,1
"all participants, 10 % of the labels",2182,8,right_hand,0.9772,1
"all participants, 10 % of the labels",2183,8,right_hand,0.9994,1
"all participants, 10 % of the labels",2184,8,right_hand,0.3023,1
"all participants, 10 % of the labels",2185,8,left_hand,0.0248,1
"all participants, 10 % of the labels",2186,8,left_hand,0.9602,1
"all participants, 10 % of the labels",2187,8,right_hand,1.0,1
"all participants, 10 % of the labels",2188,8,right_hand,0.9144,1
"all participants, 10 % of the labels",2189,8,left_hand,0.2218,1
"all participants, 10 % of the labels",2190,8,left_hand,0.9624,1
"all participants, 10 % of the labels",2191,8,left_hand,0.7682,1
"all participants, 10 % of the labels",2192,8,right_hand,0.5625,1
"all participants, 10 % of the labels",2193,8,right_hand,0.9949,1
"all participants, 10 % of the labels",2194,8,left_hand,0.9995,1
"all participants, 10 % of the labels",2195,8,left_hand,0.9975,1
"all participants, 10 % of the labels",2196,8,left_hand,0.9885,1
"all participants, 10 % of the labels",2197,8,right_hand,0.3732,1
"all participants, 10 % of the labels",2198,8,left_hand,0.0876,1
"all participants, 10 % of the labels",2199,8,right_hand,0.9502,1
"all participants, 10 % of the labels",2200,8,right_hand,0.9992,1
"all participants, 10 % of the labels",2201,8,left_hand,0.043,1
"all participants, 10 % of the labels",2202,8,right_hand,0.6658,1
"all participants, 10 % of the labels",2203,8,left_hand,0.8356,1
"all participants, 10 % of the labels",2204,8,right_hand,0.6701,1
"all participants, 10 % of the labels",2205,8,right_hand,0.7104,1
"all participants, 10 % of the labels",2206,8,right_hand,0.257,1
"all participants, 10 % of the labels",2207,8,left_hand,0.2742,1
"all participants, 10 % of the labels",2208,8,left_hand,0.7407,1
"all participants, 10 % of the labels",2209,8,left_hand,0.0116,1
"all participants, 10 % of the labels",2210,8,right_hand,0.9862,1
"all participants, 10 % of the labels",2211,8,left_hand,0.9998,1
"all participants, 10 % of the labels",2212,8,left_hand,0.8753,1
"all participants, 10 % of the labels",2213,8,right_hand,0.9867,1
"all participants, 10 % of the labels",2214,8,left_hand,0.6176,1
"all participants, 10 % of the labels",2215,8,left_hand,0.9991,1
"all participants, 10 % of the labels",2216,8,right_hand,0.0379,1
"all participants, 10 % of the labels",2217,8,left_hand,0.7363,1
"all participants, 10 % of the labels",2218,8,right_hand,0.9989,1
"all participants, 10 % of the labels",2219,8,right_hand,0.7512,1
"all participants, 10 % of the labels",2220,8,left_hand,0.0919,1
"all participants, 10 % of the labels",2221,8,right_hand,0.6438,1
"all participants, 10 % of the labels",2222,8,left_hand,0.9861,1
"all participants, 10 % of the labels",2223,8,left_hand,0.9911,1
"all participants, 10 % of the labels",2224,8,right_hand,0.6843,1
"all participants, 10 % of the labels",2225,8,left_hand,0.0268,1
"all participants, 10 % of the labels",2226,8,right_hand,0.9557,1
"all participants, 10 % of the labels",2227,8,right_hand,0.9648,1
"all participants, 10 % of the labels",2228,8,right_hand,0.9996,1
"all participants, 10 % of the labels",2229,8,right_hand,0.0194,1
"all participants, 10 % of the labels",2230,8,right_hand,0.8055,1
"all participants, 10 % of the labels",2231,8,left_hand,0.9771,1
"all participants, 10 % of the labels",2232,8,right_hand,0.5903,1
"all participants, 10 % of the labels",2233,8,left_hand,0.9969,1
"all participants, 10 % of the labels",2234,8,left_hand,0.9998,1
"all participants, 10 % of the labels",2235,8,left_hand,0.8943,1
"all participants, 10 % of the labels",2236,8,right_hand,0.9981,1
"all participants, 10 % of the labels",2237,8,right_hand,0.9989,1
"all participants, 10 % of the labels",2238,8,left_hand,0.8814,1
"all participants, 10 % of the labels",2239,8,right_hand,0.9994,1
"all participants, 10 % of the labels",2240,8,left_hand,0.0284,1
"all participants, 10 % of the labels",2241,8,right_hand,0.9669,1
"all participants, 10 % of the labels",2242,8,left_hand,0.6154,1
"all participants, 10 % of the labels",2243,8,right_hand,0.5757,1
"all participants, 10 % of the labels",2244,8,right_hand,0.1384,1
"all participants, 10 % of the labels",2245,8,right_hand,0.9827,1
"all participants, 10 % of the labels",2246,8,left_hand,0.9997,1
"all participants, 10 % of the labels",2247,8,left_hand,0.0102,1
"all participants, 10 % of the labels",2248,8,right_hand,0.9697,1
"all participants, 10 % of the labels",2249,8,left_hand,0.0051,1
"all participants, 10 % of the labels",2250,8,right_hand,0.0027,1
"all participants, 10 % of the labels",2251,8,right_hand,0.9993,1
"all participants, 10 % of the labels",2252,8,left_hand,0.9513,1
"all participants, 10 % of the labels",2253,8,left_hand,0.2569,1
"all participants, 10 % of the labels",2254,8,right_hand,0.9982,1
"all participants, 10 % of the labels",2255,8,left_hand,0.63,1
"all participants, 10 % of the labels",2256,8,right_hand,0.981,1
"all participants, 10 % of the labels",2257,8,left_hand,0.9702,1
"all participants, 10 % of the labels",2258,8,left_hand,0.9877,1
"all participants, 10 % of the labels",2259,8,right_hand,0.0728,1
"all participants, 10 % of the labels",2260,8,left_hand,0.572,1
"all participants, 10 % of the labels",2261,8,left_hand,0.9435,1
"all participants, 10 % of the labels",2262,8,left_hand,0.828,1
"all participants, 10 % of the labels",2263,8,right_hand,0.008,1
"all participants, 10 % of the labels",2264,8,right_hand,0.8963,1
"all participants, 10 % of the labels",2265,8,right_hand,0.4348,1
"all participants, 10 % of the labels",2266,8,right_hand,0.9018,1
"all participants, 10 % of the labels",2267,8,left_hand,0.2575,1
"all participants, 10 % of the labels",2268,8,right_hand,0.7264,1
"all participants, 10 % of the labels",2269,8,right_hand,0.9998,1
"all participants, 10 % of the labels",2270,8,right_hand,1.0,1
"all participants, 10 % of the labels",2271,8,left_hand,0.6085,1
"all participants, 10 % of the labels",2272,8,left_hand,0.8357,1
"all participants, 10 % of the labels",2273,8,left_hand,0.9642,1
"all participants, 10 % of the labels",2274,8,left_hand,0.5979,1
"all participants, 10 % of the labels",2275,8,left_hand,0.7048,1
"all participants, 10 % of the labels",2276,8,right_hand,0.7268,1
"all participants, 10 % of the labels",2277,8,left_hand,0.7653,1
"all participants, 10 % of the labels",2278,8,right_hand,0.874,1
"all participants, 10 % of the labels",2279,8,right_hand,0.913,1
"all participants, 10 % of the labels",2280,8,left_hand,0.952,1
"all participants, 10 % of the labels",2281,8,right_hand,0.9853,1
"all participants, 10 % of the labels",2282,8,left_hand,0.9781,1
"all participants, 10 % of the labels",2283,8,left_hand,0.9172,1
"all participants, 10 % of the labels",2284,8,right_hand,0.1026,1
"all participants, 10 % of the labels",2285,8,right_hand,0.9951,1
"all participants, 10 % of the labels",2286,8,right_hand,0.9666,1
"all participants, 10 % of the labels",2287,8,left_hand,0.9897,1
"all participants, 10 % of the labels",2288,8,right_hand,0.8676,1
"all participants, 10 % of the labels",2289,8,right_hand,0.5704,1
"all participants, 10 % of the labels",2290,8,right_hand,0.5978,1
"all participants, 10 % of the labels",2291,8,right_hand,0.9987,1
"all participants, 10 % of the labels",2292,8,right_hand,0.9312,1
"all participants, 10 % of the labels",2293,8,left_hand,0.9975,1
"all participants, 10 % of the labels",2294,8,right_hand,0.9355,1
"all participants, 10 % of the labels",2295,8,right_hand,0.5739,1
"all participants, 10 % of the labels",2296,8,left_hand,0.9935,1
"all participants, 10 % of the labels",2297,8,left_hand,0.427,1
"all participants, 10 % of the labels",2298,8,left_hand,0.1286,1
"all participants, 10 % of the labels",2299,8,left_hand,0.955,1
"all participants, 10 % of the labels",2300,8,left_hand,0.0136,1
"all participants, 10 % of the labels",2301,8,left_hand,0.0069,1
"all participants, 10 % of the labels",2302,8,right_hand,0.6459,1
"all participants, 10 % of the labels",2303,8,left_hand,0.3523,1
"all participants, 10 % of the labels",2448,9,left_hand,0.9965,1
"all participants, 10 % of the labels",2449,9,right_hand,0.9992,1
"all participants, 10 % of the labels",2450,9,right_hand,0.9876,1
"all participants, 10 % of the labels",2451,9,left_hand,0.0032,1
"all participants, 10 % of the labels",2452,9,right_hand,0.9843,1
"all participants, 10 % of the labels",2453,9,left_hand,0.9998,1
"all participants, 10 % of the labels",2454,9,right_hand,0.9951,1
"all participants, 10 % of the labels",2455,9,right_hand,0.7362,1
"all participants, 10 % of the labels",2456,9,left_hand,0.9779,1
"all participants, 10 % of the labels",2457,9,right_hand,0.9991,1
"all participants, 10 % of the labels",2458,9,left_hand,0.0013,1
"all participants, 10 % of the labels",2459,9,left_hand,0.9785,1
"all participants, 10 % of the labels",2460,9,right_hand,0.9615,1
"all participants, 10 % of the labels",2461,9,left_hand,0.9985,1
"all participants, 10 % of the labels",2462,9,left_hand,0.9847,1
"all participants, 10 % of the labels",2463,9,left_hand,0.3079,1
"all participants, 10 % of the labels",2464,9,left_hand,0.9972,1
"all participants, 10 % of the labels",2465,9,right_hand,0.9963,1
"all participants, 10 % of the labels",2466,9,left_hand,0.516,1
"all participants, 10 % of the labels",2467,9,right_hand,0.9987,1
"all participants, 10 % of the labels",2468,9,right_hand,0.9999,1
"all participants, 10 % of the labels",2469,9,left_hand,0.9731,1
"all participants, 10 % of the labels",2470,9,right_hand,0.9998,1
"all participants, 10 % of the labels",2471,9,right_hand,0.9986,1
"all participants, 10 % of the labels",2472,9,right_hand,0.6152,1
"all participants, 10 % of the labels",2473,9,left_hand,0.1632,1
"all participants, 10 % of the labels",2474,9,left_hand,0.1816,1
"all participants, 10 % of the labels",2475,9,right_hand,0.9998,1
"all participants, 10 % of the labels",2476,9,right_hand,0.9998,1
"all participants, 10 % of the labels",2477,9,left_hand,0.9952,1
"all participants, 10 % of the labels",2478,9,left_hand,0.9941,1
"all participants, 10 % of the labels",2479,9,left_hand,0.9507,1
"all participants, 10 % of the labels",2480,9,right_hand,0.9847,1
"all participants, 10 % of the labels",2481,9,right_hand,0.9475,1
"all participants, 10 % of the labels",2482,9,left_hand,0.9985,1
"all participants, 10 % of the labels",2483,9,left_hand,0.6468,1
"all participants, 10 % of the labels",2484,9,left_hand,0.068,1
"all participants, 10 % of the labels",2485,9,right_hand,0.9963,1
"all participants, 10 % of the labels",2486,9,left_hand,0.9896,1
"all participants, 10 % of the labels",2487,9,right_hand,0.9345,1
"all participants, 10 % of the labels",2488,9,right_hand,0.9935,1
"all participants, 10 % of the labels",2489,9,left_hand,0.0006,1
"all participants, 10 % of the labels",2490,9,right_hand,0.9995,1
"all participants, 10 % of the labels",2491,9,left_hand,0.9989,1
"all participants, 10 % of the labels",2492,9,right_hand,0.9998,1
"all participants, 10 % of the labels",2493,9,right_hand,0.9946,1
"all participants, 10 % of the labels",2494,9,right_hand,0.6389,1
"all participants, 10 % of the labels",2495,9,left_hand,0.9999,1
"all participants, 10 % of the labels",2496,9,left_hand,0.0008,1
"all participants, 10 % of the labels",2497,9,left_hand,0.9992,1
"all participants, 10 % of the labels",2498,9,right_hand,0.9964,1
"all participants, 10 % of the labels",2499,9,left_hand,0.9698,1
"all participants, 10 % of the labels",2500,9,left_hand,0.9979,1
"all participants, 10 % of the labels",2501,9,right_hand,0.9955,1
"all participants, 10 % of the labels",2502,9,left_hand,0.0036,1
"all participants, 10 % of the labels",2503,9,left_hand,0.9534,1
"all participants, 10 % of the labels",2504,9,right_hand,0.9924,1
"all participants, 10 % of the labels",2505,9,left_hand,0.9864,1
"all participants, 10 % of the labels",2506,9,right_hand,0.9988,1
"all participants, 10 % of the labels",2507,9,right_hand,0.9785,1
"all participants, 10 % of the labels",2508,9,left_hand,0.0004,1
"all participants, 10 % of the labels",2509,9,right_hand,1.0,1
"all participants, 10 % of the labels",2510,9,left_hand,0.9999,1
"all participants, 10 % of the labels",2511,9,left_hand,0.8376,1
"all participants, 10 % of the labels",2512,9,right_hand,0.9994,1
"all participants, 10 % of the labels",2513,9,left_hand,0.9972,1
"all participants, 10 % of the labels",2514,9,right_hand,0.4021,1
"all participants, 10 % of the labels",2515,9,right_hand,1.0,1
"all participants, 10 % of the labels",2516,9,right_hand,0.999,1
"all participants, 10 % of the labels",2517,9,right_hand,0.9751,1
"all participants, 10 % of the labels",2518,9,right_hand,0.9859,1
"all participants, 10 % of the labels",2519,9,left_hand,0.9975,1
"all participants, 10 % of the labels",2520,9,right_hand,0.9642,1
"all participants, 10 % of the labels",2521,9,left_hand,0.9954,1
"all participants, 10 % of the labels",2522,9,left_hand,0.7679,1
"all participants, 10 % of the labels",2523,9,left_hand,0.9997,1
"all participants, 10 % of the labels",2524,9,right_hand,0.8747,1
"all participants, 10 % of the labels",2525,9,right_hand,0.8628,1
"all participants, 10 % of the labels",2526,9,left_hand,0.9988,1
"all participants, 10 % of the labels",2527,9,right_hand,0.985,1
"all participants, 10 % of the labels",2528,9,left_hand,0.9947,1
"all participants, 10 % of the labels",2529,9,right_hand,0.9993,1
"all participants, 10 % of the labels",2530,9,left_hand,0.9671,1
"all participants, 10 % of the labels",2531,9,right_hand,0.976,1
"all participants, 10 % of the labels",2532,9,right_hand,0.9806,1
"all participants, 10 % of the labels",2533,9,right_hand,0.9997,1
"all participants, 10 % of the labels",2534,9,left_hand,1.0,1
"all participants, 10 % of the labels",2535,9,left_hand,0.0236,1
"all participants, 10 % of the labels",2536,9,right_hand,0.9817,1
"all participants, 10 % of the labels",2537,9,left_hand,0.9991,1
"all participants, 10 % of the labels",2538,9,right_hand,0.9887,1
"all participants, 10 % of the labels",2539,9,right_hand,0.3617,1
"all participants, 10 % of the labels",2540,9,left_hand,0.9602,1
"all participants, 10 % of the labels",2541,9,left_hand,0.9999,1
"all participants, 10 % of the labels",2542,9,right_hand,0.9948,1
"all participants, 10 % of the labels",2543,9,left_hand,0.1975,1
"all participants, 10 % of the labels",2544,9,right_hand,0.9991,1
"all participants, 10 % of the labels",2545,9,left_hand,0.875,1
"all participants, 10 % of the labels",2546,9,left_hand,0.722,1
"all participants, 10 % of the labels",2547,9,right_hand,0.9529,1
"all participants, 10 % of the labels",2548,9,left_hand,0.9873,1
"all participants, 10 % of the labels",2549,9,left_hand,0.9782,1
"all participants, 10 % of the labels",2550,9,left_hand,1.0,1
"all participants, 10 % of the labels",2551,9,right_hand,0.9995,1
"all participants, 10 % of the labels",2552,9,right_hand,0.8745,1
"all participants, 10 % of the labels",2553,9,right_hand,1.0,1
"all participants, 10 % of the labels",2554,9,right_hand,0.9579,1
"all participants, 10 % of the labels",2555,9,left_hand,0.9931,1
"all participants, 10 % of the labels",2556,9,right_hand,0.9927,1
"all participants, 10 % of the labels",2557,9,right_hand,0.9977,1
"all participants, 10 % of the labels",2558,9,right_hand,0.9997,1
"all participants, 10 % of the labels",2559,9,left_hand,1.0,1
"all participants, 10 % of the labels",2560,9,left_hand,0.1071,1
"all participants, 10 % of the labels",2561,9,left_hand,0.9993,1
"all participants, 10 % of the labels",2562,9,left_hand,0.0588,1
"all participants, 10 % of the labels",2563,9,left_hand,0.98,1
"all participants, 10 % of the labels",2564,9,right_hand,0.4972,1
"all participants, 10 % of the labels",2565,9,left_hand,0.9898,1
"all participants, 10 % of the labels",2566,9,right_hand,0.9993,1
"all participants, 10 % of the labels",2567,9,right_hand,0.9973,1
"all participants, 10 % of the labels",2568,9,left_hand,0.9853,1
"all participants, 10 % of the labels",2569,9,right_hand,0.9972,1
"all participants, 10 % of the labels",2570,9,left_hand,0.0,1
"all participants, 10 % of the labels",2571,9,left_hand,0.7085,1
"all participants, 10 % of the labels",2572,9,right_hand,0.9927,1
"all participants, 10 % of the labels",2573,9,right_hand,0.0219,1
"all participants, 10 % of the labels",2574,9,right_hand,0.8546,1
"all participants, 10 % of the labels",2575,9,left_hand,0.9587,1
"all participants, 10 % of the labels",2576,9,right_hand,0.9999,1
"all participants, 10 % of the labels",2577,9,right_hand,0.9965,1
"all participants, 10 % of the labels",2578,9,right_hand,0.9999,1
"all participants, 10 % of the labels",2579,9,right_hand,0.9994,1
"all participants, 10 % of the labels",2580,9,right_hand,0.6799,1
"all participants, 10 % of the labels",2581,9,left_hand,0.4001,1
"all participants, 10 % of the labels",2582,9,right_hand,0.9994,1
"all participants, 10 % of the labels",2583,9,right_hand,0.6786,1
"all participants, 10 % of the labels",2584,9,left_hand,0.5961,1
"all participants, 10 % of the labels",2585,9,left_hand,0.9565,1
"all participants, 10 % of the labels",2586,9,left_hand,0.9737,1
"all participants, 10 % of the labels",2587,9,left_hand,0.9669,1
"all participants, 10 % of the labels",2588,9,left_hand,0.9887,1
"all participants, 10 % of the labels",2589,9,left_hand,0.9991,1
"all participants, 10 % of the labels",2590,9,right_hand,0.9653,1
"all participants, 10 % of the labels",2591,9,left_hand,0.8456,1
all participants,144,1,left_hand,0.0037,1
all participants,145,1,right_hand,1.0,1
all participants,146,1,right_hand,0.9144,1
all participants,147,1,left_hand,0.0,1
all participants,148,1,right_hand,0.996,1
all participants,149,1,left_hand,0.0,1
all participants,150,1,right_hand,1.0,1
all participants,151,1,right_hand,1.0,1
all participants,152,1,left_hand,0.0002,1
all participants,153,1,right_hand,0.9994,1
all participants,154,1,left_hand,0.0,1
all participants,155,1,left_hand,0.0,1
all participants,156,1,right_hand,1.0,1
all participants,157,1,left_hand,0.001,1
all participants,158,1,left_hand,0.0,1
all participants,159,1,left_hand,0.0035,1
all participants,160,1,left_hand,0.0246,1
all participants,161,1,right_hand,1.0,1
all participants,162,1,left_hand,0.0,1
all participants,163,1,right_hand,1.0,1
all participants,164,1,right_hand,0.9987,1
all participants,165,1,left_hand,0.0,1
all participants,166,1,right_hand,1.0,1
all participants,167,1,right_hand,0.992,1
all participants,168,1,right_hand,0.9807,1
all participants,169,1,left_hand,0.0007,1
all participants,170,1,left_hand,0.0,1
all participants,171,1,right_hand,0.9995,1
all participants,172,1,right_hand,1.0,1
all participants,173,1,left_hand,0.0136,1
all participants,174,1,left_hand,0.0,1
all participants,175,1,left_hand,0.038,1
all participants,176,1,right_hand,0.9979,1
all participants,177,1,right_hand,0.9996,1
all participants,178,1,left_hand,0.0006,1
all participants,179,1,left_hand,0.0001,1
all participants,180,1,left_hand,0.0,1
all participants,181,1,right_hand,1.0,1
all participants,182,1,left_hand,0.0001,1
all participants,183,1,right_hand,0.9883,1
all participants,184,1,right_hand,0.9999,1
all participants,185,1,left_hand,0.9906,1
all participants,186,1,right_hand,1.0,1
all participants,187,1,left_hand,0.0234,1
all participants,188,1,right_hand,1.0,1
all participants,189,1,right_hand,0.9999,1
all participants,190,1,right_hand,0.9325,1
all participants,191,1,left_hand,0.004,1
all participants,192,1,left_hand,0.0,1
all participants,193,1,left_hand,0.8265,1
all participants,194,1,right_hand,0.9894,1
all participants,195,1,left_hand,0.0,1
all participants,196,1,left_hand,0.0,1
all participants,197,1,right_hand,1.0,1
all participants,198,1,left_hand,0.0,1
all participants,199,1,left_hand,0.0,1
all participants,200,1,right_hand,0.9993,1
all participants,201,1,left_hand,0.0722,1
all participants,202,1,right_hand,1.0,1
all participants,203,1,right_hand,1.0,1
all participants,204,1,left_hand,0.9072,1
all participants,205,1,right_hand,0.196,1
all participants,206,1,left_hand,0.0929,1
all participants,207,1,left_hand,0.0,1
all participants,208,1,right_hand,0.575,1
all participants,209,1,left_hand,0.0001,1
all participants,210,1,right_hand,0.9997,1
all participants,211,1,right_hand,0.9996,1
all participants,212,1,right_hand,0.9974,1
all participants,213,1,right_hand,0.8906,1
all participants,214,1,right_hand,1.0,1
all participants,215,1,left_hand,0.7471,1
all participants,216,1,right_hand,0.9889,1
all participants,217,1,left_hand,0.9668,1
all participants,218,1,left_hand,0.0059,1
all participants,219,1,left_hand,0.0,1
all participants,220,1,right_hand,1.0,1
all participants,221,1,right_hand,0.4229,1
all participants,222,1,left_hand,0.997,1
all participants,223,1,right_hand,0.9567,1
all participants,224,1,left_hand,0.9296,1
all participants,225,1,right_hand,0.9348,1
all participants,226,1,left_hand,0.008,1
all participants,227,1,right_hand,0.9952,1
all participants,228,1,right_hand,0.3052,1
all participants,229,1,right_hand,0.9896,1
all participants,230,1,left_hand,0.0,1
all participants,231,1,left_hand,0.0,1
all participants,232,1,right_hand,0.9769,1
all participants,233,1,left_hand,0.0,1
all participants,234,1,right_hand,0.9304,1
all participants,235,1,right_hand,0.9992,1
all participants,236,1,left_hand,0.0,1
all participants,237,1,left_hand,0.4742,1
all participants,238,1,right_hand,1.0,1
all participants,239,1,left_hand,0.0,1
all participants,240,1,right_hand,0.8661,1
all participants,241,1,left_hand,0.0088,1
all participants,242,1,left_hand,0.5376,1
all participants,243,1,right_hand,0.8844,1
all participants,244,1,left_hand,0.2355,1
all participants,245,1,left_hand,0.0002,1
all participants,246,1,left_hand,0.0,1
all participants,247,1,right_hand,0.9619,1
all participants,248,1,right_hand,0.9455,1
all participants,249,1,right_hand,0.9649,1
all participants,250,1,right_hand,0.9999,1
all participants,251,1,left_hand,0.0133,1
all participants,252,1,right_hand,0.9799,1
all participants,253,1,right_hand,0.0844,1
all participants,254,1,right_hand,1.0,1
all participants,255,1,left_hand,0.0429,1
all participants,256,1,left_hand,0.8093,1
all participants,257,1,left_hand,0.645,1
all participants,258,1,left_hand,0.0047,1
all participants,259,1,left_hand,0.3848,1
all participants,260,1,right_hand,1.0,1
all participants,261,1,left_hand,0.0063,1
all participants,262,1,right_hand,1.0,1
all participants,263,1,right_hand,0.9907,1
all participants,264,1,left_hand,0.0048,1
all participants,265,1,right_hand,0.998,1
all participants,266,1,left_hand,0.0376,1
all participants,267,1,left_hand,0.0252,1
all participants,268,1,right_hand,0.9995,1
all participants,269,1,right_hand,0.9997,1
all participants,270,1,right_hand,0.9949,1
all participants,271,1,left_hand,0.9834,1
all participants,272,1,right_hand,0.9999,1
all participants,273,1,right_hand,1.0,1
all participants,274,1,right_hand,0.9995,1
all participants,275,1,right_hand,0.0182,1
all participants,276,1,right_hand,0.0469,1
all participants,277,1,left_hand,0.025,1
all participants,278,1,right_hand,1.0,1
all participants,279,1,right_hand,0.9657,1
all participants,280,1,left_hand,0.0189,1
all participants,281,1,left_hand,0.0027,1
all participants,282,1,left_hand,0.974,1
all participants,283,1,left_hand,0.104,1
all participants,284,1,left_hand,0.4334,1
all participants,285,1,left_hand,0.0058,1
all participants,286,1,right_hand,0.9932,1
all participants,287,1,left_hand,0.0054,1
all participants,432,2,left_hand,0.0956,1
all participants,433,2,right_hand,0.9041,1
all participants,434,2,right_hand,0.9999,1
all participants,435,2,left_hand,0.0347,1
all participants,436,2,right_hand,0.9936,1
all participants,437,2,left_hand,0.0733,1
all participants,438,2,right_hand,0.9327,1
all participants,439,2,right_hand,0.5554,1
all participants,440,2,left_hand,0.6161,1
all participants,441,2,right_hand,0.9422,1
all participants,442,2,left_hand,0.7307,1
all participants,443,2,left_hand,0.8091,1
all participants,444,2,right_hand,0.9998,1
all participants,445,2,left_hand,0.6908,1
all participants,446,2,left_hand,0.0001,1
all participants,447,2,left_hand,0.8507,1
all participants,448,2,left_hand,0.0246,1
all participants,449,2,right_hand,0.9966,1
all participants,450,2,left_hand,0.99,1
all participants,451,2,right_hand,0.9998,1
all participants,452,2,right_hand,1.0,1
all participants,453,2,left_hand,0.0,1
all participants,454,2,right_hand,0.9913,1
all participants,455,2,right_hand,0.999,1
all participants,456,2,right_hand,0.8865,1
all participants,457,2,left_hand,0.0129,1
all participants,458,2,left_hand,0.0437,1
all participants,459,2,right_hand,0.9816,1
all participants,460,2,right_hand,0.9955,1
all participants,461,2,left_hand,0.0047,1
all participants,462,2,left_hand,0.0,1
all participants,463,2,left_hand,0.2523,1
all participants,464,2,right_hand,0.9978,1
all participants,465,2,right_hand,0.8239,1
all participants,466,2,left_hand,0.4396,1
all participants,467,2,left_hand,0.0098,1
all participants,468,2,left_hand,0.0911,1
all participants,469,2,right_hand,0.9801,1
all participants,470,2,left_hand,0.0036,1
all participants,471,2,right_hand,0.9286,1
all participants,472,2,right_hand,0.8354,1
all participants,473,2,left_hand,0.0588,1
all participants,474,2,right_hand,0.9971,1
all participants,475,2,left_hand,0.0039,1
all participants,476,2,right_hand,0.9732,1
all participants,477,2,right_hand,0.9889,1
all participants,478,2,right_hand,0.9997,1
all participants,479,2,left_hand,0.068,1
all participants,480,2,left_hand,0.2708,1
all participants,481,2,left_hand,0.0181,1
all participants,482,2,right_hand,0.3263,1
all participants,483,2,left_hand,0.0261,1
all participants,484,2,left_hand,0.8209,1
all participants,485,2,right_hand,0.7675,1
all participants,486,2,left_hand,0.0009,1
all participants,487,2,left_hand,0.0812,1
all participants,488,2,right_hand,0.5231,1
all participants,489,2,left_hand,0.0112,1
all participants,490,2,right_hand,0.977,1
all participants,491,2,right_hand,0.7684,1
all participants,492,2,left_hand,0.5211,1
all participants,493,2,right_hand,0.0619,1
all participants,494,2,left_hand,0.9632,1
all participants,495,2,left_hand,0.0422,1
all participants,496,2,right_hand,0.9519,1
all participants,497,2,left_hand,0.0327,1
all participants,498,2,right_hand,0.7748,1
all participants,499,2,right_hand,0.0413,1
all participants,500,2,right_hand,0.9998,1
all participants,501,2,right_hand,0.9828,1
all participants,502,2,right_hand,0.5163,1
all participants,503,2,left_hand,0.5228,1
all participants,504,2,right_hand,0.6264,1
all participants,505,2,left_hand,0.5419,1
all participants,506,2,left_hand,0.1478,1
all participants,507,2,left_hand,0.0007,1
all participants,508,2,right_hand,0.7208,1
all participants,509,2,right_hand,0.9297,1
all participants,510,2,left_hand,0.1727,1
all participants,511,2,right_hand,0.9222,1
all participants,512,2,left_hand,0.0023,1
all participants,513,2,right_hand,0.6223,1
all participants,514,2,left_hand,0.0105,1
all participants,515,2,right_hand,0.3635,1
all participants,516,2,right_hand,0.9997,1
all participants,517,2,right_hand,0.9945,1
all participants,518,2,left_hand,0.9531,1
all participants,519,2,left_hand,0.2373,1
all participants,520,2,right_hand,0.1584,1
all participants,521,2,left_hand,0.5706,1
all participants,522,2,right_hand,0.994,1
all participants,523,2,right_hand,0.9772,1
all participants,524,2,left_hand,0.878,1
all participants,525,2,left_hand,0.022,1
all participants,526,2,right_hand,0.1695,1
all participants,527,2,left_hand,0.0016,1
all participants,528,2,right_hand,0.9942,1
all participants,529,2,left_hand,0.0352,1
all participants,530,2,left_hand,0.0511,1
all participants,531,2,right_hand,0.5517,1
all participants,532,2,left_hand,0.4903,1
all participants,533,2,left_hand,0.0604,1
all participants,534,2,left_hand,0.0002,1
all participants,535,2,right_hand,0.6255,1
all participants,536,2,right_hand,0.049,1
all participants,537,2,right_hand,0.0521,1
all participants,538,2,right_hand,0.9525,1
all participants,539,2,left_hand,0.0,1
all participants,540,2,right_hand,0.9997,1
all participants,541,2,right_hand,0.3412,1
all participants,542,2,right_hand,0.2561,1
all participants,543,2,left_hand,0.055,1
all participants,544,2,left_hand,0.473,1
all participants,545,2,left_hand,0.8665,1
all participants,546,2,left_hand,0.9742,1
all participants,547,2,left_hand,0.0653,1
all participants,548,2,right_hand,0.9381,1
all participants,549,2,left_hand,0.9306,1
all participants,550,2,right_hand,0.9959,1
all participants,551,2,right_hand,0.7717,1
all participants,552,2,left_hand,0.004,1
all participants,553,2,right_hand,0.9654,1
all participants,554,2,left_hand,0.0469,1
all participants,555,2,left_hand,0.9399,1
all participants,556,2,right_hand,0.9998,1
all participants,557,2,right_hand,0.9842,1
all participants,558,2,right_hand,0.9354,1
all participants,559,2,left_hand,0.0988,1
all participants,560,2,right_hand,0.9755,1
all participants,561,2,right_hand,0.4494,1
all participants,562,2,right_hand,0.0011,1
all participants,563,2,right_hand,0.0251,1
all participants,564,2,right_hand,0.0392,1
all participants,565,2,left_hand,0.0076,1
all participants,566,2,right_hand,0.9998,1
all participants,567,2,right_hand,0.0004,1
all participants,568,2,left_hand,0.2024,1
all participants,569,2,left_hand,0.2181,1
all participants,570,2,left_hand,0.9074,1
all participants,571,2,left_hand,0.0048,1
all participants,572,2,left_hand,0.0132,1
all participants,573,2,left_hand,0.0006,1
all participants,574,2,right_hand,0.0563,1
all participants,575,2,left_hand,0.8861,1
all participants,720,3,left_hand,0.4164,1
all participants,721,3,right_hand,1.0,1
all participants,722,3,right_hand,0.9995,1
all participants,723,3,left_hand,0.0038,1
all participants,724,3,right_hand,0.9888,1
all participants,725,3,left_hand,0.0017,1
all participants,726,3,right_hand,0.7181,1
all participants,727,3,right_hand,0.994,1
all participants,728,3,left_hand,0.0,1
all participants,729,3,right_hand,0.9741,1
all participants,730,3,left_hand,0.0001,1
all participants,731,3,left_hand,0.1234,1
all participants,732,3,right_hand,0.9999,1
all participants,733,3,left_hand,0.0,1
all participants,734,3,left_hand,0.0,1
all participants,735,3,left_hand,0.0747,1
all participants,736,3,left_hand,0.0,1
all participants,737,3,right_hand,0.2528,1
all participants,738,3,left_hand,0.0001,1
all participants,739,3,right_hand,0.9996,1
all participants,740,3,right_hand,0.9797,1
all participants,741,3,left_hand,0.0,1
all participants,742,3,right_hand,0.9911,1
all participants,743,3,right_hand,0.6139,1
all participants,744,3,right_hand,0.9239,1
all participants,745,3,left_hand,0.0,1
all participants,746,3,left_hand,0.0,1
all participants,747,3,right_hand,1.0,1
all participants,748,3,right_hand,1.0,1
all participants,749,3,left_hand,0.034,1
all participants,750,3,left_hand,0.0041,1
all participants,751,3,left_hand,0.0,1
all participants,752,3,right_hand,0.9936,1
all participants,753,3,right_hand,0.9999,1
all participants,754,3,left_hand,0.0042,1
all participants,755,3,left_hand,0.0,1
all participants,756,3,left_hand,0.0012,1
all participants,757,3,right_hand,1.0,1
all participants,758,3,left_hand,0.0,1
all participants,759,3,right_hand,0.9994,1
all participants,760,3,right_hand,0.4529,1
all participants,761,3,left_hand,0.0,1
all participants,762,3,right_hand,0.9991,1
all participants,763,3,left_hand,0.0027,1
all participants,764,3,right_hand,0.9148,1
all participants,765,3,right_hand,0.998,1
all participants,766,3,right_hand,0.9812,1
all participants,767,3,left_hand,0.0,1
all participants,768,3,left_hand,0.0005,1
all participants,769,3,left_hand,0.0001,1
all participants,770,3,right_hand,0.9959,1
all participants,771,3,left_hand,0.0,1
all participants,772,3,left_hand,0.0,1
all participants,773,3,right_hand,0.9986,1
all participants,774,3,left_hand,0.0143,1
all participants,775,3,left_hand,0.0001,1
all participants,776,3,right_hand,0.9944,1
all participants,777,3,left_hand,0.618,1
all participants,778,3,right_hand,1.0,1
all participants,779,3,right_hand,1.0,1
all participants,780,3,left_hand,0.0001,1
all participants,781,3,right_hand,0.9997,1
all participants,782,3,left_hand,0.0,1
all participants,783,3,left_hand,0.0016,1
all participants,784,3,right_hand,1.0,1
all participants,785,3,left_hand,0.0037,1
all participants,786,3,right_hand,1.0,1
all participants,787,3,right_hand,0.1309,1
all participants,788,3,right_hand,0.7689,1
all participants,789,3,right_hand,1.0,1
all participants,790,3,right_hand,1.0,1
all participants,791,3,left_hand,0.0982,1
all participants,792,3,right_hand,0.8385,1
all participants,793,3,left_hand,0.0,1
all participants,794,3,left_hand,0.7524,1
all participants,795,3,left_hand,0.0007,1
all participants,796,3,right_hand,1.0,1
all participants,797,3,right_hand,1.0,1
all participants,798,3,left_hand,0.015,1
all participants,799,3,right_hand,0.996,1
all participants,800,3,left_hand,0.0289,1
all participants,801,3,right_hand,1.0,1
all participants,802,3,left_hand,0.3533,1
all participants,803,3,right_hand,0.9996,1
all participants,804,3,right_hand,1.0,1
all participants,805,3,right_hand,1.0,1
all participants,806,3,left_hand,0.0011,1
all participants,807,3,left_hand,0.0061,1
all participants,808,3,right_hand,0.9999,1
all participants,809,3,left_hand,0.1169,1
all participants,810,3,right_hand,0.9385,1
all participants,811,3,right_hand,0.9939,1
all participants,812,3,left_hand,0.0075,1
all participants,813,3,left_hand,0.2833,1
all participants,814,3,right_hand,1.0,1
all participants,815,3,left_hand,0.0,1
all participants,816,3,right_hand,0.9048,1
all participants,817,3,left_hand,0.0021,1
all participants,818,3,left_hand,0.0,1
all participants,819,3,right_hand,1.0,1
all participants,820,3,left_hand,0.0591,1
all participants,821,3,left_hand,0.0,1
all participants,822,3,left_hand,0.1722,1
all participants,823,3,right_hand,0.8857,1
all participants,824,3,right_hand,1.0,1
all participants,825,3,right_hand,1.0,1
all participants,826,3,right_hand,1.0,1
all participants,827,3,left_hand,0.0025,1
all participants,828,3,right_hand,0.9999,1
all participants,829,3,right_hand,1.0,1
all participants,830,3,right_hand,1.0,1
all participants,831,3,left_hand,0.0077,1
all participants,832,3,left_hand,0.007,1
all participants,833,3,left_hand,0.016,1
all participants,834,3,left_hand,0.0,1
all participants,835,3,left_hand,0.0079,1
all participants,836,3,right_hand,0.9232,1
all participants,837,3,left_hand,0.0,1
all participants,838,3,right_hand,0.9899,1
all participants,839,3,right_hand,0.999,1
all participants,840,3,left_hand,0.0,1
all participants,841,3,right_hand,0.9992,1
all participants,842,3,left_hand,0.0052,1
all participants,843,3,left_hand,0.0,1
all participants,844,3,right_hand,0.9977,1
all participants,845,3,right_hand,0.5723,1
all participants,846,3,right_hand,0.9568,1
all participants,847,3,left_hand,0.0,1
all participants,848,3,right_hand,0.9808,1
all participants,849,3,right_hand,0.9998,1
all participants,850,3,right_hand,0.9944,1
all participants,851,3,right_hand,1.0,1
all participants,852,3,right_hand,0.9711,1
all participants,853,3,left_hand,0.0035,1
all participants,854,3,right_hand,1.0,1
all participants,855,3,right_hand,0.0701,1
all participants,856,3,left_hand,0.0128,1
all participants,857,3,left_hand,0.0,1
all participants,858,3,left_hand,0.0214,1
all participants,859,3,left_hand,0.0001,1
all participants,860,3,left_hand,0.0,1
all participants,861,3,left_hand,0.7707,1
all participants,862,3,right_hand,0.9974,1
all participants,863,3,left_hand,0.0067,1
all participants,1008,4,right_hand,0.9983,1
all participants,1009,4,left_hand,0.9453,1
all participants,1010,4,left_hand,0.95,1
all participants,1011,4,right_hand,0.5895,1
all participants,1012,4,right_hand,0.771,1
all participants,1013,4,left_hand,0.0084,1
all participants,1014,4,left_hand,0.1985,1
all participants,1015,4,left_hand,0.0888,1
all participants,1016,4,right_hand,0.1014,1
all participants,1017,4,right_hand,0.9984,1
all participants,1018,4,left_hand,0.0143,1
all participants,1019,4,left_hand,0.0135,1
all participants,1020,4,left_hand,0.8877,1
all participants,1021,4,right_hand,0.6505,1
all participants,1022,4,left_hand,0.0141,1
all participants,1023,4,right_hand,0.9675,1
all participants,1024,4,right_hand,0.9791,1
all participants,1025,4,left_hand,0.0046,1
all participants,1026,4,right_hand,0.1364,1
all participants,1027,4,left_hand,0.9724,1
all participants,1028,4,right_hand,0.1095,1
all participants,1029,4,right_hand,0.9792,1
all participants,1030,4,right_hand,0.9999,1
all participants,1031,4,left_hand,0.0356,1
all participants,1032,4,left_hand,0.0055,1
all participants,1033,4,left_hand,0.1709,1
all participants,1034,4,right_hand,0.9966,1
all participants,1035,4,left_hand,0.0002,1
all participants,1036,4,left_hand,0.1146,1
all participants,1037,4,right_hand,0.8751,1
all participants,1038,4,left_hand,0.1341,1
all participants,1039,4,left_hand,0.0078,1
all participants,1040,4,right_hand,0.9942,1
all participants,1041,4,left_hand,0.2164,1
all participants,1042,4,right_hand,0.0269,1
all participants,1043,4,right_hand,0.8547,1
all participants,1044,4,left_hand,0.0541,1
all participants,1045,4,right_hand,0.5787,1
all participants,1046,4,left_hand,0.016,1
all participants,1047,4,left_hand,0.2137,1
all participants,1048,4,right_hand,1.0,1
all participants,1049,4,left_hand,0.0348,1
all participants,1050,4,right_hand,0.9962,1
all participants,1051,4,right_hand,0.2906,1
all participants,1052,4,right_hand,0.5846,1
all participants,1053,4,right_hand,0.9892,1
all participants,1054,4,right_hand,0.3069,1
all participants,1055,4,left_hand,0.0002,1
all participants,1056,4,right_hand,0.7555,1
all participants,1057,4,left_hand,0.338,1
all participants,1058,4,left_hand,0.276,1
all participants,1059,4,left_hand,0.1626,1
all participants,1060,4,right_hand,0.9998,1
all participants,1061,4,right_hand,0.0024,1
all participants,1062,4,left_hand,0.1208,1
all participants,1063,4,right_hand,0.9995,1
all participants,1064,4,left_hand,0.1288,1
all participants,1065,4,right_hand,0.5022,1
all participants,1066,4,left_hand,0.999,1
all participants,1067,4,right_hand,0.9874,1
all participants,1068,4,right_hand,0.9634,1
all participants,1069,4,right_hand,0.2685,1
all participants,1070,4,left_hand,0.0392,1
all participants,1071,4,left_hand,0.0398,1
all participants,1072,4,right_hand,0.9925,1
all participants,1073,4,left_hand,0.2472,1
all participants,1074,4,right_hand,1.0,1
all participants,1075,4,right_hand,0.7421,1
all participants,1076,4,left_hand,0.0106,1
all participants,1077,4,left_hand,0.8152,1
all participants,1078,4,right_hand,0.9855,1
all participants,1079,4,left_hand,0.3428,1
all participants,1080,4,right_hand,0.9999,1
all participants,1081,4,left_hand,0.2507,1
all participants,1082,4,left_hand,0.0116,1
all participants,1083,4,right_hand,0.953,1
all participants,1084,4,left_hand,0.9628,1
all participants,1085,4,left_hand,0.0001,1
all participants,1086,4,left_hand,0.0327,1
all participants,1087,4,right_hand,0.835,1
all participants,1088,4,right_hand,0.2562,1
all participants,1089,4,right_hand,1.0,1
all participants,1090,4,right_hand,0.6998,1
all participants,1091,4,left_hand,0.01,1
all participants,1092,4,right_hand,0.0126,1
all participants,1093,4,right_hand,0.9435,1
all participants,1094,4,right_hand,0.8455,1
all participants,1095,4,left_hand,0.0103,1
all participants,1096,4,left_hand,0.0387,1
all participants,1097,4,left_hand,0.012,1
all participants,1098,4,left_hand,0.0017,1
all participants,1099,4,left_hand,0.3159,1
all participants,1100,4,right_hand,1.0,1
all participants,1101,4,left_hand,0.0068,1
all participants,1102,4,right_hand,0.9999,1
all participants,1103,4,right_hand,0.9903,1
all participants,1104,4,left_hand,0.0033,1
all participants,1105,4,right_hand,0.9419,1
all participants,1106,4,left_hand,0.0006,1
all participants,1107,4,left_hand,0.0079,1
all participants,1108,4,right_hand,0.8995,1
all participants,1109,4,right_hand,0.4759,1
all participants,1110,4,right_hand,0.8983,1
all participants,1111,4,left_hand,0.0001,1
all participants,1112,4,right_hand,0.9999,1
all participants,1113,4,right_hand,0.2789,1
all participants,1114,4,right_hand,0.9987,1
all participants,1115,4,right_hand,1.0,1
all participants,1116,4,right_hand,0.8599,1
all participants,1117,4,left_hand,0.0013,1
all participants,1118,4,right_hand,0.6293,1
all participants,1119,4,right_hand,0.9994,1
all participants,1120,4,left_hand,0.1627,1
all participants,1121,4,left_hand,0.9171,1
all participants,1122,4,left_hand,0.9928,1
all participants,1123,4,left_hand,0.0694,1
all participants,1124,4,left_hand,0.8099,1
all participants,1125,4,left_hand,0.7471,1
all participants,1126,4,right_hand,0.9991,1
all participants,1127,4,left_hand,0.4367,1
all participants,1128,4,left_hand,0.1801,1
all participants,1129,4,right_hand,0.955,1
all participants,1130,4,right_hand,0.9459,1
all participants,1131,4,left_hand,0.0002,1
all participants,1132,4,right_hand,0.4152,1
all participants,1133,4,right_hand,0.9994,1
all participants,1134,4,right_hand,1.0,1
all participants,1135,4,right_hand,0.9996,1
all participants,1136,4,right_hand,0.9876,1
all participants,1137,4,left_hand,0.0005,1
all participants,1138,4,left_hand,0.2721,1
all participants,1139,4,left_hand,0.5552,1
all participants,1140,4,left_hand,0.8195,1
all participants,1141,4,right_hand,1.0,1
all participants,1142,4,right_hand,1.0,1
all participants,1143,4,left_hand,0.9121,1
all participants,1144,4,left_hand,0.9697,1
all participants,1145,4,left_hand,0.0,1
all participants,1146,4,right_hand,0.9162,1
all participants,1147,4,right_hand,0.9975,1
all participants,1148,4,left_hand,0.0,1
all participants,1149,4,left_hand,0.0487,1
all participants,1150,4,right_hand,0.9993,1
all participants,1151,4,left_hand,0.0841,1
all participants,1296,5,left_hand,0.118,1
all participants,1297,5,right_hand,0.8431,1
all participants,1298,5,right_hand,0.9439,1
all participants,1299,5,left_hand,0.0179,1
all participants,1300,5,right_hand,0.9453,1
all participants,1301,5,left_hand,0.0008,1
all participants,1302,5,right_hand,0.9953,1
all participants,1303,5,right_hand,0.8919,1
all participants,1304,5,left_hand,0.2449,1
all participants,1305,5,right_hand,0.3501,1
all participants,1306,5,left_hand,0.0003,1
all participants,1307,5,left_hand,0.389,1
all participants,1308,5,right_hand,0.8401,1
all participants,1309,5,left_hand,0.0146,1
all participants,1310,5,left_hand,0.0003,1
all participants,1311,5,left_hand,0.0124,1
all participants,1312,5,left_hand,0.0025,1
all participants,1313,5,right_hand,0.9861,1
all participants,1314,5,left_hand,0.0027,1
all participants,1315,5,right_hand,0.8905,1
all participants,1316,5,right_hand,0.9623,1
all participants,1317,5,left_hand,0.0064,1
all participants,1318,5,right_hand,0.9975,1
all participants,1319,5,right_hand,0.9995,1
all participants,1320,5,right_hand,0.8221,1
all participants,1321,5,left_hand,0.0013,1
all participants,1322,5,left_hand,0.0003,1
all participants,1323,5,right_hand,0.9993,1
all participants,1324,5,right_hand,0.9962,1
all participants,1325,5,left_hand,0.0194,1
all participants,1326,5,left_hand,0.005,1
all participants,1327,5,left_hand,0.009,1
all participants,1328,5,right_hand,0.988,1
all participants,1329,5,right_hand,0.9721,1
all participants,1330,5,left_hand,0.0027,1
all participants,1331,5,left_hand,0.0005,1
all participants,1332,5,left_hand,0.0002,1
all participants,1333,5,right_hand,0.1353,1
all participants,1334,5,left_hand,0.0004,1
all participants,1335,5,right_hand,0.9097,1
all participants,1336,5,right_hand,0.7189,1
all participants,1337,5,left_hand,0.0001,1
all participants,1338,5,right_hand,0.9965,1
all participants,1339,5,left_hand,0.093,1
all participants,1340,5,right_hand,0.9939,1
all participants,1341,5,right_hand,0.9992,1
all participants,1342,5,right_hand,0.9441,1
all participants,1343,5,left_hand,0.0119,1
all participants,1344,5,left_hand,0.0004,1
all participants,1345,5,left_hand,0.0146,1
all participants,1346,5,right_hand,0.737,1
all participants,1347,5,left_hand,0.0,1
all participants,1348,5,left_hand,0.0003,1
all participants,1349,5,right_hand,0.1477,1
all participants,1350,5,left_hand,0.0163,1
all participants,1351,5,left_hand,0.0,1
all participants,1352,5,right_hand,0.9717,1
all participants,1353,5,left_hand,0.0001,1
all participants,1354,5,right_hand,0.1715,1
all participants,1355,5,right_hand,0.3607,1
all participants,1356,5,left_hand,0.0,1
all participants,1357,5,right_hand,0.9934,1
all participants,1358,5,left_hand,0.0003,1
all participants,1359,5,left_hand,0.0004,1
all participants,1360,5,right_hand,0.9952,1
all participants,1361,5,left_hand,0.0002,1
all participants,1362,5,right_hand,0.2921,1
all participants,1363,5,right_hand,0.8682,1
all participants,1364,5,right_hand,0.9308,1
all participants,1365,5,right_hand,0.9993,1
all participants,1366,5,right_hand,0.7541,1
all participants,1367,5,left_hand,0.0097,1
all participants,1368,5,right_hand,0.4232,1
all participants,1369,5,left_hand,0.3267,1
all participants,1370,5,left_hand,0.0038,1
all participants,1371,5,left_hand,0.0,1
all participants,1372,5,right_hand,0.8683,1
all participants,1373,5,right_hand,0.5517,1
all participants,1374,5,left_hand,0.0413,1
all participants,1375,5,right_hand,0.994,1
all participants,1376,5,left_hand,0.0006,1
all participants,1377,5,right_hand,0.9873,1
all participants,1378,5,left_hand,0.0001,1
all participants,1379,5,right_hand,0.9901,1
all participants,1380,5,right_hand,0.9975,1
all participants,1381,5,right_hand,0.9999,1
all participants,1382,5,left_hand,0.1136,1
all participants,1383,5,left_hand,0.0001,1
all participants,1384,5,right_hand,0.0706,1
all participants,1385,5,left_hand,0.0002,1
all participants,1386,5,right_hand,0.7525,1
all participants,1387,5,right_hand,0.3911,1
all participants,1388,5,left_hand,0.0037,1
all participants,1389,5,left_hand,0.0053,1
all participants,1390,5,right_hand,0.8924,1
all participants,1391,5,left_hand,0.0116,1
all participants,1392,5,right_hand,0.9633,1
all participants,1393,5,left_hand,0.0541,1
all participants,1394,5,left_hand,0.0083,1
all participants,1395,5,right_hand,0.9934,1
all participants,1396,5,left_hand,0.9866,1
all participants,1397,5,left_hand,0.0003,1
all participants,1398,5,left_hand,0.002,1
all participants,1399,5,right_hand,0.5517,1
all participants,1400,5,right_hand,0.5806,1
all participants,1401,5,right_hand,0.9819,1
all participants,1402,5,right_hand,0.9984,1
all participants,1403,5,left_hand,0.0057,1
all participants,1404,5,right_hand,0.7308,1
all participants,1405,5,right_hand,0.9997,1
all participants,1406,5,right_hand,0.1696,1
all participants,1407,5,left_hand,0.0108,1
all participants,1408,5,left_hand,0.0194,1
all participants,1409,5,left_hand,0.0213,1
all participants,1410,5,left_hand,0.001,1
all participants,1411,5,left_hand,0.0052,1
all participants,1412,5,right_hand,0.9976,1
all participants,1413,5,left_hand,0.0343,1
all participants,1414,5,right_hand,0.991,1
all participants,1415,5,right_hand,0.7069,1
all participants,1416,5,left_hand,0.0031,1
all participants,1417,5,right_hand,0.6079,1
all participants,1418,5,left_hand,0.0005,1
all participants,1419,5,left_hand,0.0003,1
all participants,1420,5,right_hand,0.9999,1
all participants,1421,5,right_hand,0.9999,1
all participants,1422,5,right_hand,0.3489,1
all participants,1423,5,left_hand,0.0164,1
all participants,1424,5,right_hand,0.9932,1
all participants,1425,5,right_hand,0.9823,1
all participants,1426,5,right_hand,0.0788,1
all participants,1427,5,right_hand,0.9638,1
all participants,1428,5,right_hand,0.8902,1
all participants,1429,5,left_hand,0.0004,1
all participants,1430,5,right_hand,0.198,1
all participants,1431,5,right_hand,0.2435,1
all participants,1432,5,left_hand,0.0092,1
all participants,1433,5,left_hand,0.0086,1
all participants,1434,5,left_hand,0.0003,1
all participants,1435,5,left_hand,0.0304,1
all participants,1436,5,left_hand,0.001,1
all participants,1437,5,left_hand,0.0008,1
all participants,1438,5,right_hand,0.7636,1
all participants,1439,5,left_hand,0.009,1
all participants,1584,6,left_hand,0.535,1
all participants,1585,6,right_hand,0.9959,1
all participants,1586,6,right_hand,0.9697,1
all participants,1587,6,left_hand,0.0008,1
all participants,1588,6,right_hand,0.0819,1
all participants,1589,6,left_hand,0.0006,1
all participants,1590,6,right_hand,0.9899,1
all participants,1591,6,right_hand,0.9454,1
all participants,1592,6,left_hand,0.0014,1
all participants,1593,6,right_hand,0.9995,1
all participants,1594,6,left_hand,0.979,1
all participants,1595,6,left_hand,0.0008,1
all participants,1596,6,right_hand,0.9998,1
all participants,1597,6,left_hand,0.098,1
all participants,1598,6,left_hand,0.0026,1
all participants,1599,6,left_hand,0.9727,1
all participants,1600,6,left_hand,0.2359,1
all participants,1601,6,right_hand,0.9992,1
all participants,1602,6,left_hand,0.1165,1
all participants,1603,6,right_hand,0.9882,1
all participants,1604,6,right_hand,0.9995,1
all participants,1605,6,left_hand,0.6402,1
all participants,1606,6,right_hand,0.9999,1
all participants,1607,6,right_hand,0.9998,1
all participants,1608,6,right_hand,0.9999,1
all participants,1609,6,left_hand,0.0014,1
all participants,1610,6,left_hand,0.0404,1
all participants,1611,6,right_hand,0.9993,1
all participants,1612,6,right_hand,0.9986,1
all participants,1613,6,left_hand,0.0697,1
all participants,1614,6,left_hand,0.0006,1
all participants,1615,6,left_hand,0.807,1
all participants,1616,6,right_hand,0.4913,1
all participants,1617,6,right_hand,0.852,1
all participants,1618,6,left_hand,0.0,1
all participants,1619,6,left_hand,0.295,1
all participants,1620,6,left_hand,0.0,1
all participants,1621,6,right_hand,0.8919,1
all participants,1622,6,left_hand,0.8365,1
all participants,1623,6,right_hand,0.295,1
all participants,1624,6,right_hand,0.9748,1
all participants,1625,6,left_hand,0.0241,1
all participants,1626,6,right_hand,0.9444,1
all participants,1627,6,left_hand,0.8807,1
all participants,1628,6,right_hand,0.9956,1
all participants,1629,6,right_hand,0.6092,1
all participants,1630,6,right_hand,1.0,1
all participants,1631,6,left_hand,0.0084,1
all participants,1632,6,left_hand,0.9984,1
all participants,1633,6,left_hand,0.0042,1
all participants,1634,6,right_hand,0.9973,1
all participants,1635,6,left_hand,0.0001,1
all participants,1636,6,left_hand,0.0002,1
all participants,1637,6,right_hand,0.9966,1
all participants,1638,6,left_hand,0.0,1
all participants,1639,6,left_hand,0.0004,1
all participants,1640,6,right_hand,0.9971,1
all participants,1641,6,left_hand,0.0001,1
all participants,1642,6,right_hand,0.0112,1
all participants,1643,6,right_hand,1.0,1
all participants,1644,6,left_hand,0.9451,1
all participants,1645,6,right_hand,1.0,1
all participants,1646,6,left_hand,0.6637,1
all participants,1647,6,left_hand,0.4466,1
all participants,1648,6,right_hand,0.9316,1
all participants,1649,6,left_hand,0.008,1
all participants,1650,6,right_hand,0.999,1
all participants,1651,6,right_hand,0.9995,1
all participants,1652,6,right_hand,0.96,1
all participants,1653,6,right_hand,0.9876,1
all participants,1654,6,right_hand,0.9988,1
all participants,1655,6,left_hand,0.8918,1
all participants,1656,6,right_hand,0.9279,1
all participants,1657,6,left_hand,0.0065,1
all participants,1658,6,left_hand,0.9991,1
all participants,1659,6,left_hand,0.0003,1
all participants,1660,6,right_hand,0.9995,1
all participants,1661,6,right_hand,0.9991,1
all participants,1662,6,left_hand,0.0137,1
all participants,1663,6,right_hand,0.9985,1
all participants,1664,6,left_hand,0.321,1
all participants,1665,6,right_hand,0.9971,1
all participants,1666,6,left_hand,0.0001,1
all participants,1667,6,right_hand,0.3815,1
all participants,1668,6,right_hand,0.9992,1
all participants,1669,6,right_hand,1.0,1
all participants,1670,6,left_hand,0.0,1
all participants,1671,6,left_hand,0.3182,1
all participants,1672,6,right_hand,0.9558,1
all participants,1673,6,left_hand,0.1343,1
all participants,1674,6,right_hand,0.6286,1
all participants,1675,6,right_hand,0.9982,1
all participants,1676,6,left_hand,0.9562,1
all participants,1677,6,left_hand,0.1788,1
all participants,1678,6,right_hand,0.9995,1
all participants,1679,6,left_hand,0.0165,1
all participants,1680,6,right_hand,0.9922,1
all participants,1681,6,left_hand,0.0047,1
all participants,1682,6,left_hand,0.9792,1
all participants,1683,6,right_hand,0.9997,1
all participants,1684,6,left_hand,0.1982,1
all participants,1685,6,left_hand,0.5206,1
all participants,1686,6,left_hand,0.2719,1
all participants,1687,6,right_hand,0.1301,1
all participants,1688,6,right_hand,0.9976,1
all participants,1689,6,right_hand,0.9996,1
all participants,1690,6,right_hand,0.7095,1
all participants,1691,6,left_hand,0.9965,1
all participants,1692,6,right_hand,0.0106,1
all participants,1693,6,right_hand,0.9962,1
all participants,1694,6,right_hand,0.9993,1
all participants,1695,6,left_hand,0.0003,1
all participants,1696,6,left_hand,0.9235,1
all participants,1697,6,left_hand,0.0277,1
all participants,1698,6,left_hand,0.1358,1
all participants,1699,6,left_hand,0.1367,1
all participants,1700,6,right_hand,0.0049,1
all participants,1701,6,left_hand,0.0,1
all participants,1702,6,right_hand,0.9944,1
all participants,1703,6,right_hand,0.9024,1
all participants,1704,6,left_hand,0.99,1
all participants,1705,6,right_hand,1.0,1
all participants,1706,6,left_hand,0.9994,1
all participants,1707,6,left_hand,0.9836,1
all participants,1708,6,right_hand,0.9985,1
all participants,1709,6,right_hand,0.5179,1
all participants,1710,6,right_hand,0.8939,1
all participants,1711,6,left_hand,0.968,1
all participants,1712,6,right_hand,0.9575,1
all participants,1713,6,right_hand,0.9944,1
all participants,1714,6,right_hand,0.0631,1
all participants,1715,6,right_hand,0.9887,1
all participants,1716,6,right_hand,0.9618,1
all participants,1717,6,left_hand,0.0004,1
all participants,1718,6,right_hand,0.3551,1
all participants,1719,6,right_hand,0.9966,1
all participants,1720,6,left_hand,0.6138,1
all participants,1721,6,left_hand,0.6572,1
all participants,1722,6,left_hand,0.9994,1
all participants,1723,6,left_hand,0.0053,1
all participants,1724,6,left_hand,0.9963,1
all participants,1725,6,left_hand,0.043,1
all participants,1726,6,right_hand,0.1632,1
all participants,1727,6,left_hand,0.8343,1
all participants,1872,7,left_hand,0.8683,1
all participants,1873,7,right_hand,0.992,1
all participants,1874,7,right_hand,1.0,1
all participants,1875,7,left_hand,0.0002,1
all participants,1876,7,right_hand,0.9079,1
all participants,1877,7,left_hand,0.0002,1
all participants,1878,7,right_hand,0.9892,1
all participants,1879,7,right_hand,0.9998,1
all participants,1880,7,left_hand,0.9694,1
all participants,1881,7,right_hand,0.2101,1
all participants,1882,7,left_hand,0.0085,1
all participants,1883,7,left_hand,0.0024,1
all participants,1884,7,right_hand,0.1231,1
all participants,1885,7,left_hand,0.2684,1
all participants,1886,7,left_hand,0.5628,1
all participants,1887,7,left_hand,0.8218,1
all participants,1888,7,left_hand,0.0,1
all participants,1889,7,right_hand,0.0467,1
all participants,1890,7,left_hand,0.0,1
all participants,1891,7,right_hand,1.0,1
all participants,1892,7,right_hand,1.0,1
all participants,1893,7,left_hand,0.0,1
all participants,1894,7,right_hand,0.9997,1
all participants,1895,7,right_hand,0.9962,1
all participants,1896,7,right_hand,0.9999,1
all participants,1897,7,left_hand,0.0009,1
all participants,1898,7,left_hand,0.9338,1
all participants,1899,7,right_hand,0.1114,1
all participants,1900,7,right_hand,0.1257,1
all participants,1901,7,left_hand,0.0063,1
all participants,1902,7,left_hand,0.005,1
all participants,1903,7,left_hand,0.0,1
all participants,1904,7,right_hand,0.9579,1
all participants,1905,7,right_hand,0.9025,1
all participants,1906,7,left_hand,0.0022,1
all participants,1907,7,left_hand,0.0001,1
all participants,1908,7,left_hand,0.0011,1
all participants,1909,7,right_hand,0.9981,1
all participants,1910,7,left_hand,0.0241,1
all participants,1911,7,right_hand,1.0,1
all participants,1912,7,right_hand,0.9945,1
all participants,1913,7,left_hand,0.0,1
all participants,1914,7,right_hand,0.9981,1
all participants,1915,7,left_hand,0.001,1
all participants,1916,7,right_hand,0.6671,1
all participants,1917,7,right_hand,0.9997,1
all participants,1918,7,right_hand,0.9352,1
all participants,1919,7,left_hand,0.0005,1
all participants,1920,7,left_hand,0.3307,1
all participants,1921,7,left_hand,0.0002,1
all participants,1922,7,right_hand,0.9999,1
all participants,1923,7,left_hand,0.3265,1
all participants,1924,7,left_hand,0.0552,1
all participants,1925,7,right_hand,0.9997,1
all participants,1926,7,left_hand,0.0013,1
all participants,1927,7,left_hand,0.0017,1
all participants,1928,7,right_hand,0.9907,1
all participants,1929,7,left_hand,0.0145,1
all participants,1930,7,right_hand,0.9999,1
all participants,1931,7,right_hand,0.9998,1
all participants,1932,7,left_hand,0.0079,1
all participants,1933,7,right_hand,1.0,1
all participants,1934,7,left_hand,0.029,1
all participants,1935,7,left_hand,0.0011,1
all participants,1936,7,right_hand,0.9998,1
all participants,1937,7,left_hand,0.0028,1
all participants,1938,7,right_hand,0.8543,1
all participants,1939,7,right_hand,1.0,1
all participants,1940,7,right_hand,0.7979,1
all participants,1941,7,right_hand,1.0,1
all participants,1942,7,right_hand,1.0,1
all participants,1943,7,left_hand,0.7467,1
all participants,1944,7,right_hand,0.098,1
all participants,1945,7,left_hand,0.1375,1
all participants,1946,7,left_hand,0.0001,1
all participants,1947,7,left_hand,0.0,1
all participants,1948,7,right_hand,0.9994,1
all participants,1949,7,right_hand,0.9492,1
all participants,1950,7,left_hand,0.0,1
all participants,1951,7,right_hand,1.0,1
all participants,1952,7,left_hand,0.0012,1
all participants,1953,7,right_hand,1.0,1
all participants,1954,7,left_hand,0.4837,1
all participants,1955,7,right_hand,0.9803,1
all participants,1956,7,right_hand,0.0508,1
all participants,1957,7,right_hand,1.0,1
all participants,1958,7,left_hand,0.0002,1
all participants,1959,7,left_hand,0.0058,1
all participants,1960,7,right_hand,0.985,1
all participants,1961,7,left_hand,0.0019,1
all participants,1962,7,right_hand,0.9965,1
all participants,1963,7,right_hand,1.0,1
all participants,1964,7,left_hand,0.0001,1
all participants,1965,7,left_hand,0.0005,1
all participants,1966,7,right_hand,0.9999,1
all participants,1967,7,left_hand,0.0231,1
all participants,1968,7,right_hand,0.0052,1
all participants,1969,7,left_hand,0.0759,1
all participants,1970,7,left_hand,0.0,1
all participants,1971,7,right_hand,0.4332,1
all participants,1972,7,left_hand,0.0096,1
all participants,1973,7,left_hand,0.0125,1
all participants,1974,7,left_hand,0.0,1
all participants,1975,7,right_hand,0.992,1
all participants,1976,7,right_hand,0.9821,1
all participants,1977,7,right_hand,0.9987,1
all participants,1978,7,right_hand,0.9994,1
all participants,1979,7,left_hand,0.0012,1
all participants,1980,7,right_hand,0.7525,1
all participants,1981,7,right_hand,0.9996,1
all participants,1982,7,right_hand,1.0,1
all participants,1983,7,left_hand,0.0,1
all participants,1984,7,left_hand,0.0004,1
all participants,1985,7,left_hand,0.0051,1
all participants,1986,7,left_hand,0.0001,1
all participants,1987,7,left_hand,0.0035,1
all participants,1988,7,right_hand,1.0,1
all participants,1989,7,left_hand,0.0009,1
all participants,1990,7,right_hand,0.9678,1
all participants,1991,7,right_hand,0.9996,1
all participants,1992,7,left_hand,0.0002,1
all participants,1993,7,right_hand,1.0,1
all participants,1994,7,left_hand,0.0103,1
all participants,1995,7,left_hand,0.0112,1
all participants,1996,7,right_hand,0.9113,1
all participants,1997,7,right_hand,0.6631,1
all participants,1998,7,right_hand,0.9998,1
all participants,1999,7,left_hand,0.9811,1
all participants,2000,7,right_hand,1.0,1
all participants,2001,7,right_hand,0.9999,1
all participants,2002,7,right_hand,0.4056,1
all participants,2003,7,right_hand,0.9523,1
all participants,2004,7,right_hand,0.9871,1
all participants,2005,7,left_hand,0.0011,1
all participants,2006,7,right_hand,0.9989,1
all participants,2007,7,right_hand,1.0,1
all participants,2008,7,left_hand,0.0008,1
all participants,2009,7,left_hand,0.0,1
all participants,2010,7,left_hand,0.0047,1
all participants,2011,7,left_hand,0.0192,1
all participants,2012,7,left_hand,0.0007,1
all participants,2013,7,left_hand,0.7378,1
all participants,2014,7,right_hand,1.0,1
all participants,2015,7,left_hand,0.0001,1
all participants,2160,8,left_hand,0.0,1
all participants,2161,8,right_hand,0.9748,1
all participants,2162,8,right_hand,0.9908,1
all participants,2163,8,left_hand,0.0,1
all participants,2164,8,right_hand,0.9893,1
all participants,2165,8,left_hand,0.0005,1
all participants,2166,8,right_hand,0.9969,1
all participants,2167,8,right_hand,1.0,1
all participants,2168,8,left_hand,0.0,1
all participants,2169,8,right_hand,0.9976,1
all participants,2170,8,left_hand,0.8885,1
all participants,2171,8,left_hand,0.0013,1
all participants,2172,8,right_hand,0.9999,1
all participants,2173,8,left_hand,0.0,1
all participants,2174,8,left_hand,0.008,1
all participants,2175,8,left_hand,0.0,1
all participants,2176,8,left_hand,0.0,1
all participants,2177,8,right_hand,0.9967,1
all participants,2178,8,left_hand,0.0004,1
all participants,2179,8,right_hand,0.9982,1
all participants,2180,8,right_hand,0.5446,1
all participants,2181,8,left_hand,0.0,1
all participants,2182,8,right_hand,1.0,1
all participants,2183,8,right_hand,0.9813,1
all participants,2184,8,right_hand,1.0,1
all participants,2185,8,left_hand,0.0001,1
all participants,2186,8,left_hand,0.0008,1
all participants,2187,8,right_hand,1.0,1
all participants,2188,8,right_hand,0.5731,1
all participants,2189,8,left_hand,0.0003,1
all participants,2190,8,left_hand,0.6242,1
all participants,2191,8,left_hand,0.0749,1
all participants,2192,8,right_hand,0.9999,1
all participants,2193,8,right_hand,0.9998,1
all participants,2194,8,left_hand,0.121,1
all participants,2195,8,left_hand,0.0001,1
all participants,2196,8,left_hand,0.0005,1
all participants,2197,8,right_hand,1.0,1
all participants,2198,8,left_hand,0.0502,1
all participants,2199,8,right_hand,0.9998,1
all participants,2200,8,right_hand,0.9997,1
all participants,2201,8,left_hand,0.0275,1
all participants,2202,8,right_hand,1.0,1
all participants,2203,8,left_hand,0.6006,1
all participants,2204,8,right_hand,0.7604,1
all participants,2205,8,right_hand,0.9925,1
all participants,2206,8,right_hand,0.9866,1
all participants,2207,8,left_hand,0.044,1
all participants,2208,8,left_hand,0.0,1
all participants,2209,8,left_hand,0.0411,1
all participants,2210,8,right_hand,0.9997,1
all participants,2211,8,left_hand,0.0,1
all participants,2212,8,left_hand,0.0,1
all participants,2213,8,right_hand,0.9956,1
all participants,2214,8,left_hand,0.0,1
all participants,2215,8,left_hand,0.0,1
all participants,2216,8,right_hand,0.6738,1
all participants,2217,8,left_hand,0.0,1
all participants,2218,8,right_hand,1.0,1
all participants,2219,8,right_hand,1.0,1
all participants,2220,8,left_hand,0.0,1
all participants,2221,8,right_hand,1.0,1
all participants,2222,8,left_hand,0.0002,1
all participants,2223,8,left_hand,0.0001,1
all participants,2224,8,right_hand,0.0291,1
all participants,2225,8,left_hand,0.0006,1
all participants,2226,8,right_hand,0.974,1
all participants,2227,8,right_hand,0.9938,1
all participants,2228,8,right_hand,0.9996,1
all participants,2229,8,right_hand,0.9121,1
all participants,2230,8,right_hand,0.9952,1
all participants,2231,8,left_hand,0.5828,1
all participants,2232,8,right_hand,0.9971,1
all participants,2233,8,left_hand,0.0013,1
all participants,2234,8,left_hand,0.1733,1
all participants,2235,8,left_hand,0.0001,1
all participants,2236,8,right_hand,0.9842,1
all participants,2237,8,right_hand,1.0,1
all participants,2238,8,left_hand,0.0004,1
all participants,2239,8,right_hand,1.0,1
all participants,2240,8,left_hand,0.0,1
all participants,2241,8,right_hand,0.9999,1
all participants,2242,8,left_hand,0.0001,1
all participants,2243,8,right_hand,0.9994,1
all participants,2244,8,right_hand,1.0,1
all participants,2245,8,right_hand,0.9962,1
all participants,2246,8,left_hand,0.358,1
all participants,2247,8,left_hand,0.0,1
all participants,2248,8,right_hand,1.0,1
all participants,2249,8,left_hand,0.0,1
all participants,2250,8,right_hand,1.0,1
all participants,2251,8,right_hand,0.9999,1
all participants,2252,8,left_hand,0.1878,1
all participants,2253,8,left_hand,0.0004,1
all participants,2254,8,right_hand,0.9977,1
all participants,2255,8,left_hand,0.0012,1
all participants,2256,8,right_hand,1.0,1
all participants,2257,8,left_hand,0.0,1
all participants,2258,8,left_hand,0.2515,1
all participants,2259,8,right_hand,0.9977,1
all participants,2260,8,left_hand,0.0,1
all participants,2261,8,left_hand,0.004,1
all participants,2262,8,left_hand,0.0051,1
all participants,2263,8,right_hand,1.0,1
all participants,2264,8,right_hand,1.0,1
all participants,2265,8,right_hand,1.0,1
all participants,2266,8,right_hand,1.0,1
all participants,2267,8,left_hand,0.0022,1
all participants,2268,8,right_hand,1.0,1
all participants,2269,8,right_hand,1.0,1
all participants,2270,8,right_hand,0.998,1
all participants,2271,8,left_hand,0.0,1
all participants,2272,8,left_hand,0.0117,1
all participants,2273,8,left_hand,0.3161,1
all participants,2274,8,left_hand,0.0001,1
all participants,2275,8,left_hand,0.018,1
all participants,2276,8,right_hand,0.9993,1
all participants,2277,8,left_hand,0.0004,1
all participants,2278,8,right_hand,0.948,1
all participants,2279,8,right_hand,0.9523,1
all participants,2280,8,left_hand,0.075,1
all participants,2281,8,right_hand,0.9997,1
all participants,2282,8,left_hand,0.0001,1
all participants,2283,8,left_hand,0.0,1
all participants,2284,8,right_hand,1.0,1
all participants,2285,8,right_hand,0.9928,1
all participants,2286,8,right_hand,0.9995,1
all participants,2287,8,left_hand,0.0,1
all participants,2288,8,right_hand,0.7823,1
all participants,2289,8,right_hand,1.0,1
all participants,2290,8,right_hand,0.9998,1
all participants,2291,8,right_hand,0.9987,1
all participants,2292,8,right_hand,0.9969,1
all participants,2293,8,left_hand,0.0032,1
all participants,2294,8,right_hand,1.0,1
all participants,2295,8,right_hand,0.9896,1
all participants,2296,8,left_hand,0.0001,1
all participants,2297,8,left_hand,0.0234,1
all participants,2298,8,left_hand,0.0004,1
all participants,2299,8,left_hand,0.0002,1
all participants,2300,8,left_hand,0.0001,1
all participants,2301,8,left_hand,0.2396,1
all participants,2302,8,right_hand,1.0,1
all participants,2303,8,left_hand,0.0132,1
all participants,2448,9,left_hand,0.0086,1
all participants,2449,9,right_hand,1.0,1
all participants,2450,9,right_hand,1.0,1
all participants,2451,9,left_hand,0.0046,1
all participants,2452,9,right_hand,1.0,1
all participants,2453,9,left_hand,0.0017,1
all participants,2454,9,right_hand,1.0,1
all participants,2455,9,right_hand,1.0,1
all participants,2456,9,left_hand,0.641,1
all participants,2457,9,right_hand,1.0,1
all participants,2458,9,left_hand,0.0004,1
all participants,2459,9,left_hand,0.0341,1
all participants,2460,9,right_hand,0.9999,1
all participants,2461,9,left_hand,0.0012,1
all participants,2462,9,left_hand,0.0006,1
all participants,2463,9,left_hand,0.0007,1
all participants,2464,9,left_hand,0.9987,1
all participants,2465,9,right_hand,1.0,1
all participants,2466,9,left_hand,0.0086,1
all participants,2467,9,right_hand,1.0,1
all participants,2468,9,right_hand,1.0,1
all participants,2469,9,left_hand,0.0008,1
all participants,2470,9,right_hand,1.0,1
all participants,2471,9,right_hand,1.0,1
all participants,2472,9,right_hand,1.0,1
all participants,2473,9,left_hand,0.8966,1
all participants,2474,9,left_hand,0.9649,1
all participants,2475,9,right_hand,1.0,1
all participants,2476,9,right_hand,1.0,1
all participants,2477,9,left_hand,0.0636,1
all participants,2478,9,left_hand,0.5467,1
all participants,2479,9,left_hand,0.0047,1
all participants,2480,9,right_hand,0.9979,1
all participants,2481,9,right_hand,0.9996,1
all participants,2482,9,left_hand,0.9815,1
all participants,2483,9,left_hand,0.9628,1
all participants,2484,9,left_hand,0.0119,1
all participants,2485,9,right_hand,0.9999,1
all participants,2486,9,left_hand,0.0002,1
all participants,2487,9,right_hand,1.0,1
all participants,2488,9,right_hand,0.9998,1
all participants,2489,9,left_hand,0.6558,1
all participants,2490,9,right_hand,1.0,1
all participants,2491,9,left_hand,0.455,1
all participants,2492,9,right_hand,0.9998,1
all participants,2493,9,right_hand,1.0,1
all participants,2494,9,right_hand,0.9019,1
all participants,2495,9,left_hand,0.9976,1
all participants,2496,9,left_hand,0.4486,1
all participants,2497,9,left_hand,0.8448,1
all participants,2498,9,right_hand,1.0,1
all participants,2499,9,left_hand,0.033,1
all participants,2500,9,left_hand,0.0048,1
all participants,2501,9,right_hand,0.997,1
all participants,2502,9,left_hand,0.0,1
all participants,2503,9,left_hand,0.0213,1
all participants,2504,9,right_hand,1.0,1
all participants,2505,9,left_hand,0.0025,1
all participants,2506,9,right_hand,1.0,1
all participants,2507,9,right_hand,0.9958,1
all participants,2508,9,left_hand,0.0466,1
all participants,2509,9,right_hand,0.9998,1
all participants,2510,9,left_hand,0.014,1
all participants,2511,9,left_hand,0.0685,1
all participants,2512,9,right_hand,1.0,1
all participants,2513,9,left_hand,0.6735,1
all participants,2514,9,right_hand,0.9003,1
all participants,2515,9,right_hand,1.0,1
all participants,2516,9,right_hand,0.9995,1
all participants,2517,9,right_hand,0.7579,1
all participants,2518,9,right_hand,0.0185,1
all participants,2519,9,left_hand,0.0006,1
all participants,2520,9,right_hand,0.9993,1
all participants,2521,9,left_hand,0.0,1
all participants,2522,9,left_hand,0.0857,1
all participants,2523,9,left_hand,0.6524,1
all participants,2524,9,right_hand,0.9848,1
all participants,2525,9,right_hand,0.2894,1
all participants,2526,9,left_hand,0.7869,1
all participants,2527,9,right_hand,0.0003,1
all participants,2528,9,left_hand,0.9999,1
all participants,2529,9,right_hand,0.998,1
all participants,2530,9,left_hand,0.0,1
all participants,2531,9,right_hand,0.9928,1
all participants,2532,9,right_hand,0.9869,1
all participants,2533,9,right_hand,1.0,1
all participants,2534,9,left_hand,0.0028,1
all participants,2535,9,left_hand,0.0004,1
all participants,2536,9,right_hand,0.9991,1
all participants,2537,9,left_hand,0.9064,1
all participants,2538,9,right_hand,1.0,1
all participants,2539,9,right_hand,0.6574,1
all participants,2540,9,left_hand,0.1474,1
all participants,2541,9,left_hand,0.0021,1
all participants,2542,9,right_hand,1.0,1
all participants,2543,9,left_hand,0.3176,1
all participants,2544,9,right_hand,0.9998,1
all participants,2545,9,left_hand,0.9429,1
all participants,2546,9,left_hand,0.0841,1
all participants,2547,9,right_hand,0.0711,1
all participants,2548,9,left_hand,0.0508,1
all participants,2549,9,left_hand,0.0174,1
all participants,2550,9,left_hand,0.0014,1
all participants,2551,9,right_hand,0.9989,1
all participants,2552,9,right_hand,0.4375,1
all participants,2553,9,right_hand,0.2534,1
all participants,2554,9,right_hand,0.9998,1
all participants,2555,9,left_hand,0.0078,1
all participants,2556,9,right_hand,0.0167,1
all participants,2557,9,right_hand,0.9899,1
all participants,2558,9,right_hand,0.9864,1
all participants,2559,9,left_hand,0.1645,1
all participants,2560,9,left_hand,0.0,1
all participants,2561,9,left_hand,0.9925,1
all participants,2562,9,left_hand,0.0306,1
all participants,2563,9,left_hand,0.0265,1
all participants,2564,9,right_hand,0.8805,1
all participants,2565,9,left_hand,0.5976,1
all participants,2566,9,right_hand,0.9968,1
all participants,2567,9,right_hand,0.9998,1
all participants,2568,9,left_hand,0.0154,1
all participants,2569,9,right_hand,0.0003,1
all participants,2570,9,left_hand,0.0499,1
all participants,2571,9,left_hand,0.0004,1
all participants,2572,9,right_hand,0.9653,1
all participants,2573,9,right_hand,0.6891,1
all participants,2574,9,right_hand,0.9999,1
all participants,2575,9,left_hand,0.1458,1
all participants,2576,9,right_hand,0.9999,1
all participants,2577,9,right_hand,0.9991,1
all participants,2578,9,right_hand,1.0,1
all participants,2579,9,right_hand,0.9269,1
all participants,2580,9,right_hand,0.7524,1
all participants,2581,9,left_hand,0.9753,1
all participants,2582,9,right_hand,0.9995,1
all participants,2583,9,right_hand,0.9985,1
all participants,2584,9,left_hand,0.0007,1
all participants,2585,9,left_hand,0.9637,1
all participants,2586,9,left_hand,0.0001,1
all participants,2587,9,left_hand,0.296,1
all participants,2588,9,left_hand,0.0026,1
all participants,2589,9,left_hand,0.0009,1
all participants,2590,9,right_hand,0.999,1
all participants,2591,9,left_hand,0.0191,1
"all participants, one stage",144,1,left_hand,0.6722,1
"all participants, one stage",145,1,right_hand,1.0,1
"all participants, one stage",146,1,right_hand,0.917,1
"all participants, one stage",147,1,left_hand,0.0,1
"all participants, one stage",148,1,right_hand,0.9996,1
"all participants, one stage",149,1,left_hand,0.0,1
"all participants, one stage",150,1,right_hand,0.9997,1
"all participants, one stage",151,1,right_hand,1.0,1
"all participants, one stage",152,1,left_hand,0.0,1
"all participants, one stage",153,1,right_hand,1.0,1
"all participants, one stage",154,1,left_hand,0.0,1
"all participants, one stage",155,1,left_hand,0.0,1
"all participants, one stage",156,1,right_hand,1.0,1
"all participants, one stage",157,1,left_hand,0.0002,1
"all participants, one stage",158,1,left_hand,0.0,1
"all participants, one stage",159,1,left_hand,0.9906,1
"all participants, one stage",160,1,left_hand,0.46,1
"all participants, one stage",161,1,right_hand,0.9979,1
"all participants, one stage",162,1,left_hand,0.0,1
"all participants, one stage",163,1,right_hand,0.9922,1
"all participants, one stage",164,1,right_hand,1.0,1
"all participants, one stage",165,1,left_hand,0.0,1
"all participants, one stage",166,1,right_hand,1.0,1
"all participants, one stage",167,1,right_hand,0.9999,1
"all participants, one stage",168,1,right_hand,0.3792,1
"all participants, one stage",169,1,left_hand,0.0002,1
"all participants, one stage",170,1,left_hand,0.0,1
"all participants, one stage",171,1,right_hand,1.0,1
"all participants, one stage",172,1,right_hand,1.0,1
"all participants, one stage",173,1,left_hand,0.0057,1
"all participants, one stage",174,1,left_hand,0.0,1
"all participants, one stage",175,1,left_hand,0.0002,1
"all participants, one stage",176,1,right_hand,1.0,1
"all participants, one stage",177,1,right_hand,0.9968,1
"all participants, one stage",178,1,left_hand,0.0002,1
"all participants, one stage",179,1,left_hand,0.0,1
"all participants, one stage",180,1,left_hand,0.0,1
"all participants, one stage",181,1,right_hand,1.0,1
"all participants, one stage",182,1,left_hand,0.0003,1
"all participants, one stage",183,1,right_hand,0.9285,1
"all participants, one stage",184,1,right_hand,0.999,1
"all participants, one stage",185,1,left_hand,0.9997,1
"all participants, one stage",186,1,right_hand,1.0,1
"all participants, one stage",187,1,left_hand,0.0019,1
"all participants, one stage",188,1,right_hand,1.0,1
"all participants, one stage",189,1,right_hand,0.9997,1
"all participants, one stage",190,1,right_hand,0.0059,1
"all participants, one stage",191,1,left_hand,0.0,1
"all participants, one stage",192,1,left_hand,0.0,1
"all participants, one stage",193,1,left_hand,0.8268,1
"all participants, one stage",194,1,right_hand,0.9634,1
"all participants, one stage",195,1,left_hand,0.0,1
"all participants, one stage",196,1,left_hand,0.0,1
"all participants, one stage",197,1,right_hand,0.0022,1
"all participants, one stage",198,1,left_hand,0.0,1
"all participants, one stage",199,1,left_hand,0.0004,1
"all participants, one stage",200,1,right_hand,1.0,1
"all participants, one stage",201,1,left_hand,0.0001,1
"all participants, one stage",202,1,right_hand,1.0,1
"all participants, one stage",203,1,right_hand,1.0,1
"all participants, one stage",204,1,left_hand,0.9989,1
"all participants, one stage",205,1,right_hand,0.8625,1
"all participants, one stage",206,1,left_hand,0.0006,1
"all participants, one stage",207,1,left_hand,0.0,1
"all participants, one stage",208,1,right_hand,0.9991,1
"all participants, one stage",209,1,left_hand,0.0,1
"all participants, one stage",210,1,right_hand,0.9997,1
"all participants, one stage",211,1,right_hand,1.0,1
"all participants, one stage",212,1,right_hand,0.9999,1
"all participants, one stage",213,1,right_hand,1.0,1
"all participants, one stage",214,1,right_hand,1.0,1
"all participants, one stage",215,1,left_hand,0.0308,1
"all participants, one stage",216,1,right_hand,0.9467,1
"all participants, one stage",217,1,left_hand,0.9993,1
"all participants, one stage",218,1,left_hand,0.0001,1
"all participants, one stage",219,1,left_hand,0.0,1
"all participants, one stage",220,1,right_hand,1.0,1
"all participants, one stage",221,1,right_hand,0.3432,1
"all participants, one stage",222,1,left_hand,0.6534,1
"all participants, one stage",223,1,right_hand,0.9942,1
"all participants, one stage",224,1,left_hand,1.0,1
"all participants, one stage",225,1,right_hand,1.0,1
"all participants, one stage",226,1,left_hand,0.0196,1
"all participants, one stage",227,1,right_hand,0.7115,1
"all participants, one stage",228,1,right_hand,0.9324,1
"all participants, one stage",229,1,right_hand,0.9156,1
"all participants, one stage",230,1,left_hand,0.0,1
"all participants, one stage",231,1,left_hand,0.0,1
"all participants, one stage",232,1,right_hand,0.9969,1
"all participants, one stage",233,1,left_hand,0.0011,1
"all participants, one stage",234,1,right_hand,1.0,1
"all participants, one stage",235,1,right_hand,1.0,1
"all participants, one stage",236,1,left_hand,0.0,1
"all participants, one stage",237,1,left_hand,0.9774,1
"all participants, one stage",238,1,right_hand,1.0,1
"all participants, one stage",239,1,left_hand,0.0005,1
"all participants, one stage",240,1,right_hand,0.3288,1
"all participants, one stage",241,1,left_hand,0.0004,1
"all participants, one stage",242,1,left_hand,0.0012,1
"all participants, one stage",243,1,right_hand,0.9999,1
"all participants, one stage",244,1,left_hand,0.0131,1
"all participants, one stage",245,1,left_hand,0.0,1
"all participants, one stage",246,1,left_hand,0.0,1
"all participants, one stage",247,1,right_hand,0.999,1
"all participants, one stage",248,1,right_hand,0.0456,1
"all participants, one stage",249,1,right_hand,0.9029,1
"all participants, one stage",250,1,right_hand,1.0,1
"all participants, one stage",251,1,left_hand,0.0001,1
"all participants, one stage",252,1,right_hand,0.1217,1
"all participants, one stage",253,1,right_hand,0.8395,1
"all participants, one stage",254,1,right_hand,1.0,1
"all participants, one stage",255,1,left_hand,0.1517,1
"all participants, one stage",256,1,left_hand,0.1339,1
"all participants, one stage",257,1,left_hand,0.9988,1
"all participants, one stage",258,1,left_hand,0.001,1
"all participants, one stage",259,1,left_hand,0.0828,1
"all participants, one stage",260,1,right_hand,1.0,1
"all participants, one stage",261,1,left_hand,0.023,1
"all participants, one stage",262,1,right_hand,1.0,1
"all participants, one stage",263,1,right_hand,0.9689,1
"all participants, one stage",264,1,left_hand,0.481,1
"all participants, one stage",265,1,right_hand,1.0,1
"all participants, one stage",266,1,left_hand,0.0215,1
"all participants, one stage",267,1,left_hand,0.0001,1
"all participants, one stage",268,1,right_hand,0.9998,1
"all participants, one stage",269,1,right_hand,1.0,1
"all participants, one stage",270,1,right_hand,1.0,1
"all participants, one stage",271,1,left_hand,0.0074,1
"all participants, one stage",272,1,right_hand,1.0,1
"all participants, one stage",273,1,right_hand,1.0,1
"all participants, one stage",274,1,right_hand,1.0,1
"all participants, one stage",275,1,right_hand,0.0067,1
"all participants, one stage",276,1,right_hand,0.0919,1
"all participants, one stage",277,1,left_hand,0.584,1
"all participants, one stage",278,1,right_hand,1.0,1
"all participants, one stage",279,1,right_hand,0.3072,1
"all participants, one stage",280,1,left_hand,0.1858,1
"all participants, one stage",281,1,left_hand,0.178,1
"all participants, one stage",282,1,left_hand,0.9197,1
"all participants, one stage",283,1,left_hand,0.1424,1
"all participants, one stage",284,1,left_hand,0.9409,1
"all participants, one stage",285,1,left_hand,0.0032,1
"all participants, one stage",286,1,right_hand,1.0,1
"all participants, one stage",287,1,left_hand,0.0,1
"all participants, one stage",432,2,left_hand,0.0001,1
"all participants, one stage",433,2,right_hand,0.999,1
"all participants, one stage",434,2,right_hand,1.0,1
"all participants, one stage",435,2,left_hand,0.0061,1
"all participants, one stage",436,2,right_hand,0.9998,1
"all participants, one stage",437,2,left_hand,0.0038,1
"all participants, one stage",438,2,right_hand,1.0,1
"all participants, one stage",439,2,right_hand,0.998,1
"all participants, one stage",440,2,left_hand,0.9985,1
"all participants, one stage",441,2,right_hand,1.0,1
"all participants, one stage",442,2,left_hand,0.0778,1
"all participants, one stage",443,2,left_hand,0.992,1
"all participants, one stage",444,2,right_hand,0.9999,1
"all participants, one stage",445,2,left_hand,0.9948,1
"all participants, one stage",446,2,left_hand,0.0,1
"all participants, one stage",447,2,left_hand,0.9812,1
"all participants, one stage",448,2,left_hand,0.0014,1
"all participants, one stage",449,2,right_hand,1.0,1
"all participants, one stage",450,2,left_hand,0.5054,1
"all participants, one stage",451,2,right_hand,1.0,1
"all participants, one stage",452,2,right_hand,0.9932,1
"all participants, one stage",453,2,left_hand,0.0,1
"all participants, one stage",454,2,right_hand,0.9999,1
"all participants, one stage",455,2,right_hand,1.0,1
"all participants, one stage",456,2,right_hand,0.9489,1
"all participants, one stage",457,2,left_hand,0.1764,1
"all participants, one stage",458,2,left_hand,0.0001,1
"all participants, one stage",459,2,right_hand,0.9992,1
"all participants, one stage",460,2,right_hand,0.9952,1
"all participants, one stage",461,2,left_hand,0.0,1
"all participants, one stage",462,2,left_hand,0.0,1
"all participants, one stage",463,2,left_hand,0.0465,1
"all participants, one stage",464,2,right_hand,0.9805,1
"all participants, one stage",465,2,right_hand,0.9953,1
"all participants, one stage",466,2,left_hand,0.1092,1
"all participants, one stage",467,2,left_hand,0.0003,1
"all participants, one stage",468,2,left_hand,0.0595,1
"all participants, one stage",469,2,right_hand,0.999,1
"all participants, one stage",470,2,left_hand,0.0013,1
"all participants, one stage",471,2,right_hand,0.6821,1
"all participants, one stage",472,2,right_hand,0.8504,1
"all participants, one stage",473,2,left_hand,0.0,1
"all participants, one stage",474,2,right_hand,0.9995,1
"all participants, one stage",475,2,left_hand,0.0,1
"all participants, one stage",476,2,right_hand,0.9971,1
"all participants, one stage",477,2,right_hand,0.9995,1
"all participants, one stage",478,2,right_hand,1.0,1
"all participants, one stage",479,2,left_hand,0.0056,1
"all participants, one stage",480,2,left_hand,0.0015,1
"all participants, one stage",481,2,left_hand,0.0,1
"all participants, one stage",482,2,right_hand,0.0235,1
"all participants, one stage",483,2,left_hand,0.0,1
"all participants, one stage",484,2,left_hand,0.2019,1
"all participants, one stage",485,2,right_hand,0.9939,1
"all participants, one stage",486,2,left_hand,0.0001,1
"all participants, one stage",487,2,left_hand,0.007,1
"all participants, one stage",488,2,right_hand,0.0862,1
"all participants, one stage",489,2,left_hand,0.0369,1
"all participants, one stage",490,2,right_hand,0.9525,1
"all participants, one stage",491,2,right_hand,0.9999,1
"all participants, one stage",492,2,left_hand,0.017,1
"all participants, one stage",493,2,right_hand,0.6129,1
"all participants, one stage",494,2,left_hand,0.9912,1
"all participants, one stage",495,2,left_hand,0.0001,1
"all participants, one stage",496,2,right_hand,0.7895,1
"all participants, one stage",497,2,left_hand,0.0,1
"all participants, one stage",498,2,right_hand,0.9965,1
"all participants, one stage",499,2,right_hand,0.1596,1
"all participants, one stage",500,2,right_hand,1.0,1
"all participants, one stage",501,2,right_hand,0.7665,1
"all participants, one stage",502,2,right_hand,0.9765,1
"all participants, one stage",503,2,left_hand,0.9904,1
"all participants, one stage",504,2,right_hand,0.5226,1
"all participants, one stage",505,2,left_hand,0.0133,1
"all participants, one stage",506,2,left_hand,0.0544,1
"all participants, one stage",507,2,left_hand,0.0,1
"all participants, one stage",508,2,right_hand,0.5488,1
"all participants, one stage",509,2,right_hand,0.8938,1
"all participants, one stage",510,2,left_hand,0.6201,1
"all participants, one stage",511,2,right_hand,0.9834,1
"all participants, one stage",512,2,left_hand,0.0017,1
"all participants, one stage",513,2,right_hand,0.4957,1
"all participants, one stage",514,2,left_hand,0.0011,1
"all participants, one stage",515,2,right_hand,0.9845,1
"all participants, one stage",516,2,right_hand,0.9957,1
"all participants, one stage",517,2,right_hand,1.0,1
"all participants, one stage",518,2,left_hand,0.9388,1
"all participants, one stage",519,2,left_hand,0.0011,1
"all participants, one stage",520,2,right_hand,0.6719,1
"all participants, one stage",521,2,left_hand,0.0166,1
"all participants, one stage",522,2,right_hand,1.0,1
"all participants, one stage",523,2,right_hand,1.0,1
"all participants, one stage",524,2,left_hand,0.9967,1
"all participants, one stage",525,2,left_hand,0.0001,1
"all participants, one stage",526,2,right_hand,0.0055,1
"all participants, one stage",527,2,left_hand,0.0003,1
"all participants, one stage",528,2,right_hand,0.98,1
"all participants, one stage",529,2,left_hand,0.0004,1
"all participants, one stage",530,2,left_hand,0.0075,1
"all participants, one stage",531,2,right_hand,0.9258,1
"all participants, one stage",532,2,left_hand,0.0017,1
"all participants, one stage",533,2,left_hand,0.0522,1
"all participants, one stage",534,2,left_hand,0.0,1
"all participants, one stage",535,2,right_hand,0.049,1
"all participants, one stage",536,2,right_hand,0.0815,1
"all participants, one stage",537,2,right_hand,0.0936,1
"all participants, one stage",538,2,right_hand,1.0,1
"all participants, one stage",539,2,left_hand,0.0,1
"all participants, one stage",540,2,right_hand,0.8201,1
"all participants, one stage",541,2,right_hand,0.7365,1
"all participants, one stage",542,2,right_hand,0.0136,1
"all participants, one stage",543,2,left_hand,0.0199,1
"all participants, one stage",544,2,left_hand,0.0001,1
"all participants, one stage",545,2,left_hand,0.0,1
"all participants, one stage",546,2,left_hand,0.111,1
"all participants, one stage",547,2,left_hand,0.0,1
"all participants, one stage",548,2,right_hand,0.9987,1
"all participants, one stage",549,2,left_hand,0.0016,1
"all participants, one stage",550,2,right_hand,0.9971,1
"all participants, one stage",551,2,right_hand,0.9868,1
"all participants, one stage",552,2,left_hand,0.0,1
"all participants, one stage",553,2,right_hand,0.9904,1
"all participants, one stage",554,2,left_hand,0.0211,1
"all participants, one stage",555,2,left_hand,0.7543,1
"all participants, one stage",556,2,right_hand,1.0,1
"all participants, one stage",557,2,right_hand,0.9998,1
"all participants, one stage",558,2,right_hand,0.9952,1
"all participants, one stage",559,2,left_hand,0.0089,1
"all participants, one stage",560,2,right_hand,0.0018,1
"all participants, one stage",561,2,right_hand,0.0024,1
"all participants, one stage",562,2,right_hand,0.0,1
"all participants, one stage",563,2,right_hand,0.8466,1
"all participants, one stage",564,2,right_hand,0.9314,1
"all participants, one stage",565,2,left_hand,0.0,1
"all participants, one stage",566,2,right_hand,0.9997,1
"all participants, one stage",567,2,right_hand,0.0,1
"all participants, one stage",568,2,left_hand,0.0002,1
"all participants, one stage",569,2,left_hand,0.0017,1
"all participants, one stage",570,2,left_hand,0.781,1
"all participants, one stage",571,2,left_hand,0.0,1
"all participants, one stage",572,2,left_hand,0.0001,1
"all participants, one stage",573,2,left_hand,0.0001,1
"all participants, one stage",574,2,right_hand,0.0006,1
"all participants, one stage",575,2,left_hand,0.0108,1
"all participants, one stage",720,3,left_hand,0.3862,1
"all participants, one stage",721,3,right_hand,1.0,1
"all participants, one stage",722,3,right_hand,1.0,1
"all participants, one stage",723,3,left_hand,0.0005,1
"all participants, one stage",724,3,right_hand,0.9352,1
"all participants, one stage",725,3,left_hand,0.0004,1
"all participants, one stage",726,3,right_hand,0.8211,1
"all participants, one stage",727,3,right_hand,0.9993,1
"all participants, one stage",728,3,left_hand,0.0,1
"all participants, one stage",729,3,right_hand,0.9999,1
"all participants, one stage",730,3,left_hand,0.0,1
"all participants, one stage",731,3,left_hand,0.9416,1
"all participants, one stage",732,3,right_hand,1.0,1
"all participants, one stage",733,3,left_hand,0.0,1
"all participants, one stage",734,3,left_hand,0.0,1
"all participants, one stage",735,3,left_hand,0.0051,1
"all participants, one stage",736,3,left_hand,0.0,1
"all participants, one stage",737,3,right_hand,0.9993,1
"all participants, one stage",738,3,left_hand,0.0036,1
"all participants, one stage",739,3,right_hand,1.0,1
"all participants, one stage",740,3,right_hand,0.9975,1
"all participants, one stage",741,3,left_hand,0.0,1
"all participants, one stage",742,3,right_hand,0.9999,1
"all participants, one stage",743,3,right_hand,0.9997,1
"all participants, one stage",744,3,right_hand,0.9995,1
"all participants, one stage",745,3,left_hand,0.0,1
"all participants, one stage",746,3,left_hand,0.0,1
"all participants, one stage",747,3,right_hand,1.0,1
"all participants, one stage",748,3,right_hand,1.0,1
"all participants, one stage",749,3,left_hand,0.0053,1
"all participants, one stage",750,3,left_hand,0.017,1
"all participants, one stage",751,3,left_hand,0.0,1
"all participants, one stage",752,3,right_hand,1.0,1
"all participants, one stage",753,3,right_hand,1.0,1
"all participants, one stage",754,3,left_hand,0.0586,1
"all participants, one stage",755,3,left_hand,0.0599,1
"all participants, one stage",756,3,left_hand,0.0006,1
"all participants, one stage",757,3,right_hand,1.0,1
"all participants, one stage",758,3,left_hand,0.0,1
"all participants, one stage",759,3,right_hand,1.0,1
"all participants, one stage",760,3,right_hand,0.0124,1
"all participants, one stage",761,3,left_hand,0.0,1
"all participants, one stage",762,3,right_hand,1.0,1
"all participants, one stage",763,3,left_hand,0.0055,1
"all participants, one stage",764,3,right_hand,0.9625,1
"all participants, one stage",765,3,right_hand,1.0,1
"all participants, one stage",766,3,right_hand,0.9996,1
"all participants, one stage",767,3,left_hand,0.0,1
"all participants, one stage",768,3,left_hand,0.0009,1
"all participants, one stage",769,3,left_hand,0.0,1
"all participants, one stage",770,3,right_hand,0.9996,1
"all participants, one stage",771,3,left_hand,0.0,1
"all participants, one stage",772,3,left_hand,0.0,1
"all participants, one stage",773,3,right_hand,1.0,1
"all participants, one stage",774,3,left_hand,0.0,1
"all participants, one stage",775,3,left_hand,0.0,1
"all participants, one stage",776,3,right_hand,1.0,1
"all participants, one stage",777,3,left_hand,0.2476,1
"all participants, one stage",778,3,right_hand,1.0,1
"all participants, one stage",779,3,right_hand,1.0,1
"all participants, one stage",780,3,left_hand,0.0,1
"all participants, one stage",781,3,right_hand,1.0,1
"all participants, one stage",782,3,left_hand,0.0,1
"all participants, one stage",783,3,left_hand,0.0,1
"all participants, one stage",784,3,right_hand,1.0,1
"all participants, one stage",785,3,left_hand,0.0171,1
"all participants, one stage",786,3,right_hand,1.0,1
"all participants, one stage",787,3,right_hand,0.998,1
"all participants, one stage",788,3,right_hand,1.0,1
"all participants, one stage",789,3,right_hand,1.0,1
"all participants, one stage",790,3,right_hand,1.0,1
"all participants, one stage",791,3,left_hand,0.0058,1
"all participants, one stage",792,3,right_hand,0.9994,1
"all participants, one stage",793,3,left_hand,0.0005,1
"all participants, one stage",794,3,left_hand,0.9963,1
"all participants, one stage",795,3,left_hand,0.0008,1
"all participants, one stage",796,3,right_hand,1.0,1
"all participants, one stage",797,3,right_hand,1.0,1
"all participants, one stage",798,3,left_hand,0.0004,1
"all participants, one stage",799,3,right_hand,1.0,1
"all participants, one stage",800,3,left_hand,0.0026,1
"all participants, one stage",801,3,right_hand,1.0,1
"all participants, one stage",802,3,left_hand,0.9994,1
"all participants, one stage",803,3,right_hand,1.0,1
"all participants, one stage",804,3,right_hand,1.0,1
"all participants, one stage",805,3,right_hand,1.0,1
"all participants, one stage",806,3,left_hand,0.0,1
"all participants, one stage",807,3,left_hand,0.0867,1
"all participants, one stage",808,3,right_hand,1.0,1
"all participants, one stage",809,3,left_hand,0.0017,1
"all participants, one stage",810,3,right_hand,1.0,1
"all participants, one stage",811,3,right_hand,1.0,1
"all participants, one stage",812,3,left_hand,0.1194,1
"all participants, one stage",813,3,left_hand,0.9951,1
"all participants, one stage",814,3,right_hand,1.0,1
"all participants, one stage",815,3,left_hand,0.0,1
"all participants, one stage",816,3,right_hand,0.9957,1
"all participants, one stage",817,3,left_hand,0.0,1
"all participants, one stage",818,3,left_hand,0.0,1
"all participants, one stage",819,3,right_hand,1.0,1
"all participants, one stage",820,3,left_hand,0.0027,1
"all participants, one stage",821,3,left_hand,0.0,1
"all participants, one stage",822,3,left_hand,0.2874,1
"all participants, one stage",823,3,right_hand,0.9992,1
"all participants, one stage",824,3,right_hand,1.0,1
"all participants, one stage",825,3,right_hand,1.0,1
"all participants, one stage",826,3,right_hand,1.0,1
"all participants, one stage",827,3,left_hand,0.0124,1
"all participants, one stage",828,3,right_hand,0.9996,1
"all participants, one stage",829,3,right_hand,1.0,1
"all participants, one stage",830,3,right_hand,1.0,1
"all participants, one stage",831,3,left_hand,0.0023,1
"all participants, one stage",832,3,left_hand,0.0,1
"all participants, one stage",833,3,left_hand,0.0,1
"all participants, one stage",834,3,left_hand,0.0,1
"all participants, one stage",835,3,left_hand,0.0094,1
"all participants, one stage",836,3,right_hand,1.0,1
"all participants, one stage",837,3,left_hand,0.0,1
"all participants, one stage",838,3,right_hand,1.0,1
"all participants, one stage",839,3,right_hand,1.0,1
"all participants, one stage",840,3,left_hand,0.0,1
"all participants, one stage",841,3,right_hand,0.9998,1
"all participants, one stage",842,3,left_hand,0.0,1
"all participants, one stage",843,3,left_hand,0.0002,1
"all participants, one stage",844,3,right_hand,1.0,1
"all participants, one stage",845,3,right_hand,0.8573,1
"all participants, one stage",846,3,right_hand,1.0,1
"all participants, one stage",847,3,left_hand,0.0,1
"all participants, one stage",848,3,right_hand,1.0,1
"all participants, one stage",849,3,right_hand,1.0,1
"all participants, one stage",850,3,right_hand,0.9999,1
"all participants, one stage",851,3,right_hand,1.0,1
"all participants, one stage",852,3,right_hand,0.9851,1
"all participants, one stage",853,3,left_hand,0.982,1
"all participants, one stage",854,3,right_hand,1.0,1
"all participants, one stage",855,3,right_hand,0.9992,1
"all participants, one stage",856,3,left_hand,0.8795,1
"all participants, one stage",857,3,left_hand,0.0,1
"all participants, one stage",858,3,left_hand,0.0044,1
"all participants, one stage",859,3,left_hand,0.0,1
"all participants, one stage",860,3,left_hand,0.0,1
"all participants, one stage",861,3,left_hand,0.9999,1
"all participants, one stage",862,3,right_hand,1.0,1
"all participants, one stage",863,3,left_hand,0.0001,1
"all participants, one stage",1008,4,right_hand,0.9999,1
"all participants, one stage",1009,4,left_hand,0.972,1
"all participants, one stage",1010,4,left_hand,0.9975,1
"all participants, one stage",1011,4,right_hand,0.9978,1
"all participants, one stage",1012,4,right_hand,0.9647,1
"all participants, one stage",1013,4,left_hand,0.0001,1
"all participants, one stage",1014,4,left_hand,0.5337,1
"all participants, one stage",1015,4,left_hand,0.9375,1
"all participants, one stage",1016,4,right_hand,0.6397,1
"all participants, one stage",1017,4,right_hand,1.0,1
"all participants, one stage",1018,4,left_hand,0.0,1
"all participants, one stage",1019,4,left_hand,0.0198,1
"all participants, one stage",1020,4,left_hand,0.2876,1
"all participants, one stage",1021,4,right_hand,0.9927,1
"all participants, one stage",1022,4,left_hand,0.9902,1
"all participants, one stage",1023,4,right_hand,1.0,1
"all participants, one stage",1024,4,right_hand,0.9983,1
"all participants, one stage",1025,4,left_hand,0.0061,1
"all participants, one stage",1026,4,right_hand,0.9894,1
"all participants, one stage",1027,4,left_hand,0.1159,1
"all participants, one stage",1028,4,right_hand,0.953,1
"all participants, one stage",1029,4,right_hand,0.9985,1
"all participants, one stage",1030,4,right_hand,1.0,1
"all participants, one stage",1031,4,left_hand,0.0,1
"all participants, one stage",1032,4,left_hand,0.0031,1
"all participants, one stage",1033,4,left_hand,0.0,1
"all participants, one stage",1034,4,right_hand,0.9999,1
"all participants, one stage",1035,4,left_hand,0.0,1
"all participants, one stage",1036,4,left_hand,0.0013,1
"all participants, one stage",1037,4,right_hand,0.8536,1
"all participants, one stage",1038,4,left_hand,0.0014,1
"all participants, one stage",1039,4,left_hand,0.0,1
"all participants, one stage",1040,4,right_hand,1.0,1
"all participants, one stage",1041,4,left_hand,0.5653,1
"all participants, one stage",1042,4,right_hand,0.977,1
"all participants, one stage",1043,4,right_hand,0.9919,1
"all participants, one stage",1044,4,left_hand,0.0235,1
"all participants, one stage",1045,4,right_hand,0.6311,1
"all participants, one stage",1046,4,left_hand,0.0024,1
"all participants, one stage",1047,4,left_hand,0.0159,1
"all participants, one stage",1048,4,right_hand,1.0,1
"all participants, one stage",1049,4,left_hand,0.0211,1
"all participants, one stage",1050,4,right_hand,0.7152,1
"all participants, one stage",1051,4,right_hand,0.9919,1
"all participants, one stage",1052,4,right_hand,0.0629,1
"all participants, one stage",1053,4,right_hand,1.0,1
"all participants, one stage",1054,4,right_hand,0.9994,1
"all participants, one stage",1055,4,left_hand,0.0,1
"all participants, one stage",1056,4,right_hand,0.5353,1
"all participants, one stage",1057,4,left_hand,0.0,1
"all participants, one stage",1058,4,left_hand,0.9927,1
"all participants, one stage",1059,4,left_hand,0.0198,1
"all participants, one stage",1060,4,right_hand,1.0,1
"all participants, one stage",1061,4,right_hand,0.0018,1
"all participants, one stage",1062,4,left_hand,0.0,1
"all participants, one stage",1063,4,right_hand,0.9979,1
"all participants, one stage",1064,4,left_hand,0.0656,1
"all participants, one stage",1065,4,right_hand,0.9856,1
"all participants, one stage",1066,4,left_hand,0.1137,1
"all participants, one stage",1067,4,right_hand,1.0,1
"all participants, one stage",1068,4,right_hand,0.9965,1
"all participants, one stage",1069,4,right_hand,0.7176,1
"all participants, one stage",1070,4,left_hand,0.0274,1
"all participants, one stage",1071,4,left_hand,0.0009,1
"all participants, one stage",1072,4,right_hand,0.9981,1
"all participants, one stage",1073,4,left_hand,0.0014,1
"all participants, one stage",1074,4,right_hand,1.0,1
"all participants, one stage",1075,4,right_hand,0.8588,1
"all participants, one stage",1076,4,left_hand,0.621,1
"all participants, one stage",1077,4,left_hand,0.9667,1
"all participants, one stage",1078,4,right_hand,1.0,1
"all participants, one stage",1079,4,left_hand,0.0351,1
"all participants, one stage",1080,4,right_hand,0.9994,1
"all participants, one stage",1081,4,left_hand,0.4773,1
"all participants, one stage",1082,4,left_hand,0.0,1
"all participants, one stage",1083,4,right_hand,0.9999,1
"all participants, one stage",1084,4,left_hand,0.0275,1
"all participants, one stage",1085,4,left_hand,0.0,1
"all participants, one stage",1086,4,left_hand,0.0,1
"all participants, one stage",1087,4,right_hand,0.9955,1
"all participants, one stage",1088,4,right_hand,0.3,1
"all participants, one stage",1089,4,right_hand,1.0,1
"all participants, one stage",1090,4,right_hand,1.0,1
"all participants, one stage",1091,4,left_hand,0.0,1
"all participants, one stage",1092,4,right_hand,1.0,1
"all participants, one stage",1093,4,right_hand,1.0,1
"all participants, one stage",1094,4,right_hand,0.9286,1
"all participants, one stage",1095,4,left_hand,0.0,1
"all participants, one stage",1096,4,left_hand,0.7056,1
"all participants, one stage",1097,4,left_hand,0.0002,1
"all participants, one stage",1098,4,left_hand,0.0,1
"all participants, one stage",1099,4,left_hand,0.9984,1
"all participants, one stage",1100,4,right_hand,1.0,1
"all participants, one stage",1101,4,left_hand,0.0,1
"all participants, one stage",1102,4,right_hand,0.9707,1
"all participants, one stage",1103,4,right_hand,0.9928,1
"all participants, one stage",1104,4,left_hand,0.0,1
"all participants, one stage",1105,4,right_hand,0.9953,1
"all participants, one stage",1106,4,left_hand,0.0015,1
"all participants, one stage",1107,4,left_hand,0.0,1
"all participants, one stage",1108,4,right_hand,0.9999,1
"all participants, one stage",1109,4,right_hand,0.9951,1
"all participants, one stage",1110,4,right_hand,1.0,1
"all participants, one stage",1111,4,left_hand,0.0,1
"all participants, one stage",1112,4,right_hand,1.0,1
"all participants, one stage",1113,4,right_hand,1.0,1
"all participants, one stage",1114,4,right_hand,1.0,1
"all participants, one stage",1115,4,right_hand,1.0,1
"all participants, one stage",1116,4,right_hand,0.9997,1
"all participants, one stage",1117,4,left_hand,0.0015,1
"all participants, one stage",1118,4,right_hand,0.9965,1
"all participants, one stage",1119,4,right_hand,1.0,1
"all participants, one stage",1120,4,left_hand,0.9973,1
"all participants, one stage",1121,4,left_hand,0.0149,1
"all participants, one stage",1122,4,left_hand,0.9136,1
"all participants, one stage",1123,4,left_hand,0.0,1
"all participants, one stage",1124,4,left_hand,0.0034,1
"all participants, one stage",1125,4,left_hand,0.9766,1
"all participants, one stage",1126,4,right_hand,1.0,1
"all participants, one stage",1127,4,left_hand,0.9992,1
"all participants, one stage",1128,4,left_hand,0.0,1
"all participants, one stage",1129,4,right_hand,0.9999,1
"all participants, one stage",1130,4,right_hand,1.0,1
"all participants, one stage",1131,4,left_hand,0.0,1
"all participants, one stage",1132,4,right_hand,0.2954,1
"all participants, one stage",1133,4,right_hand,0.9995,1
"all participants, one stage",1134,4,right_hand,1.0,1
"all participants, one stage",1135,4,right_hand,1.0,1
"all participants, one stage",1136,4,right_hand,0.9693,1
"all participants, one stage",1137,4,left_hand,0.0,1
"all participants, one stage",1138,4,left_hand,0.0099,1
"all participants, one stage",1139,4,left_hand,0.9929,1
"all participants, one stage",1140,4,left_hand,0.0599,1
"all participants, one stage",1141,4,right_hand,1.0,1
"all participants, one stage",1142,4,right_hand,1.0,1
"all participants, one stage",1143,4,left_hand,0.1008,1
"all participants, one stage",1144,4,left_hand,1.0,1
"all participants, one stage",1145,4,left_hand,0.0,1
"all participants, one stage",1146,4,right_hand,0.9999,1
"all participants, one stage",1147,4,right_hand,0.9997,1
"all participants, one stage",1148,4,left_hand,0.0,1
"all participants, one stage",1149,4,left_hand,0.0724,1
"all participants, one stage",1150,4,right_hand,1.0,1
"all participants, one stage",1151,4,left_hand,0.0139,1
"all participants, one stage",1296,5,left_hand,0.8865,1
"all participants, one stage",1297,5,right_hand,0.9997,1
"all participants, one stage",1298,5,right_hand,0.9999,1
"all participants, one stage",1299,5,left_hand,0.0151,1
"all participants, one stage",1300,5,right_hand,0.9999,1
"all participants, one stage",1301,5,left_hand,0.0,1
"all participants, one stage",1302,5,right_hand,1.0,1
"all participants, one stage",1303,5,right_hand,0.994,1
"all participants, one stage",1304,5,left_hand,0.0144,1
"all participants, one stage",1305,5,right_hand,0.0861,1
"all participants, one stage",1306,5,left_hand,0.0,1
"all participants, one stage",1307,5,left_hand,0.0022,1
"all participants, one stage",1308,5,right_hand,1.0,1
"all participants, one stage",1309,5,left_hand,0.0,1
"all participants, one stage",1310,5,left_hand,0.0,1
"all participants, one stage",1311,5,left_hand,0.0001,1
"all participants, one stage",1312,5,left_hand,0.0001,1
"all participants, one stage",1313,5,right_hand,0.9939,1
"all participants, one stage",1314,5,left_hand,0.0,1
"all participants, one stage",1315,5,right_hand,0.9462,1
"all participants, one stage",1316,5,right_hand,0.9975,1
"all participants, one stage",1317,5,left_hand,0.0,1
"all participants, one stage",1318,5,right_hand,0.7537,1
"all participants, one stage",1319,5,right_hand,0.9999,1
"all participants, one stage",1320,5,right_hand,0.0104,1
"all participants, one stage",1321,5,left_hand,0.0,1
"all participants, one stage",1322,5,left_hand,0.0,1
"all participants, one stage",1323,5,right_hand,1.0,1
"all participants, one stage",1324,5,right_hand,1.0,1
"all participants, one stage",1325,5,left_hand,0.0011,1
"all participants, one stage",1326,5,left_hand,0.0002,1
"all participants, one stage",1327,5,left_hand,0.0,1
"all participants, one stage",1328,5,right_hand,1.0,1
"all participants, one stage",1329,5,right_hand,0.9999,1
"all participants, one stage",1330,5,left_hand,0.0,1
"all participants, one stage",1331,5,left_hand,0.0,1
"all participants, one stage",1332,5,left_hand,0.0,1
"all participants, one stage",1333,5,right_hand,0.0,1
"all participants, one stage",1334,5,left_hand,0.0034,1
"all participants, one stage",1335,5,right_hand,0.9958,1
"all participants, one stage",1336,5,right_hand,0.0954,1
"all participants, one stage",1337,5,left_hand,0.0,1
"all participants, one stage",1338,5,right_hand,1.0,1
"all participants, one stage",1339,5,left_hand,0.0473,1
"all participants, one stage",1340,5,right_hand,1.0,1
"all participants, one stage",1341,5,right_hand,1.0,1
"all participants, one stage",1342,5,right_hand,0.9997,1
"all participants, one stage",1343,5,left_hand,0.0,1
"all participants, one stage",1344,5,left_hand,0.0,1
"all participants, one stage",1345,5,left_hand,0.0,1
"all participants, one stage",1346,5,right_hand,0.9232,1
"all participants, one stage",1347,5,left_hand,0.0,1
"all participants, one stage",1348,5,left_hand,0.0,1
"all participants, one stage",1349,5,right_hand,0.9227,1
"all participants, one stage",1350,5,left_hand,0.0018,1
"all participants, one stage",1351,5,left_hand,0.0,1
"all participants, one stage",1352,5,right_hand,0.8071,1
"all participants, one stage",1353,5,left_hand,0.0,1
"all participants, one stage",1354,5,right_hand,0.0404,1
"all participants, one stage",1355,5,right_hand,0.8277,1
"all participants, one stage",1356,5,left_hand,0.0,1
"all participants, one stage",1357,5,right_hand,0.9738,1
"all participants, one stage",1358,5,left_hand,0.0,1
"all participants, one stage",1359,5,left_hand,0.0,1
"all participants, one stage",1360,5,right_hand,1.0,1
"all participants, one stage",1361,5,left_hand,0.0,1
"all participants, one stage",1362,5,right_hand,0.0021,1
"all participants, one stage",1363,5,right_hand,0.9999,1
"all participants, one stage",1364,5,right_hand,0.9995,1
"all participants, one stage",1365,5,right_hand,1.0,1
"all participants, one stage",1366,5,right_hand,0.1463,1
"all participants, one stage",1367,5,left_hand,0.0022,1
"all participants, one stage",1368,5,right_hand,0.9116,1
"all participants, one stage",1369,5,left_hand,0.7378,1
"all participants, one stage",1370,5,left_hand,0.0,1
"all participants, one stage",1371,5,left_hand,0.0,1
"all participants, one stage",1372,5,right_hand,0.9953,1
"all participants, one stage",1373,5,right_hand,0.9999,1
"all participants, one stage",1374,5,left_hand,0.0001,1
"all participants, one stage",1375,5,right_hand,1.0,1
"all participants, one stage",1376,5,left_hand,0.0,1
"all participants, one stage",1377,5,right_hand,0.9999,1
"all participants, one stage",1378,5,left_hand,0.0,1
"all participants, one stage",1379,5,right_hand,1.0,1
"all participants, one stage",1380,5,right_hand,0.9959,1
"all participants, one stage",1381,5,right_hand,1.0,1
"all participants, one stage",1382,5,left_hand,0.071,1
"all participants, one stage",1383,5,left_hand,0.0003,1
"all participants, one stage",1384,5,right_hand,0.0302,1
"all participants, one stage",1385,5,left_hand,0.0,1
"all participants, one stage",1386,5,right_hand,0.9708,1
"all participants, one stage",1387,5,right_hand,0.7568,1
"all participants, one stage",1388,5,left_hand,0.0,1
"all participants, one stage",1389,5,left_hand,0.0,1
"all participants, one stage",1390,5,right_hand,0.9999,1
"all participants, one stage",1391,5,left_hand,0.0001,1
"all participants, one stage",1392,5,right_hand,0.9904,1
"all participants, one stage",1393,5,left_hand,0.0103,1
"all participants, one stage",1394,5,left_hand,0.0,1
"all participants, one stage",1395,5,right_hand,0.9999,1
"all participants, one stage",1396,5,left_hand,0.9999,1
"all participants, one stage",1397,5,left_hand,0.0001,1
"all participants, one stage",1398,5,left_hand,0.0002,1
"all participants, one stage",1399,5,right_hand,0.0063,1
"all participants, one stage",1400,5,right_hand,0.9988,1
"all participants, one stage",1401,5,right_hand,0.9992,1
"all participants, one stage",1402,5,right_hand,1.0,1
"all participants, one stage",1403,5,left_hand,0.0,1
"all participants, one stage",1404,5,right_hand,0.1266,1
"all participants, one stage",1405,5,right_hand,1.0,1
"all participants, one stage",1406,5,right_hand,0.0917,1
"all participants, one stage",1407,5,left_hand,0.0002,1
"all participants, one stage",1408,5,left_hand,0.0063,1
"all participants, one stage",1409,5,left_hand,0.0,1
"all participants, one stage",1410,5,left_hand,0.0,1
"all participants, one stage",1411,5,left_hand,0.0,1
"all participants, one stage",1412,5,right_hand,0.9997,1
"all participants, one stage",1413,5,left_hand,0.0,1
"all participants, one stage",1414,5,right_hand,1.0,1
"all participants, one stage",1415,5,right_hand,0.5094,1
"all participants, one stage",1416,5,left_hand,0.0001,1
"all participants, one stage",1417,5,right_hand,0.999,1
"all participants, one stage",1418,5,left_hand,0.0,1
"all participants, one stage",1419,5,left_hand,0.0,1
"all participants, one stage",1420,5,right_hand,1.0,1
"all participants, one stage",1421,5,right_hand,1.0,1
"all participants, one stage",1422,5,right_hand,0.998,1
"all participants, one stage",1423,5,left_hand,0.0003,1
"all participants, one stage",1424,5,right_hand,0.9993,1
"all participants, one stage",1425,5,right_hand,1.0,1
"all participants, one stage",1426,5,right_hand,0.0,1
"all participants, one stage",1427,5,right_hand,0.9237,1
"all participants, one stage",1428,5,right_hand,0.9988,1
"all participants, one stage",1429,5,left_hand,0.0,1
"all participants, one stage",1430,5,right_hand,0.2245,1
"all participants, one stage",1431,5,right_hand,0.0026,1
"all participants, one stage",1432,5,left_hand,0.0001,1
"all participants, one stage",1433,5,left_hand,0.0002,1
"all participants, one stage",1434,5,left_hand,0.0,1
"all participants, one stage",1435,5,left_hand,0.0,1
"all participants, one stage",1436,5,left_hand,0.0001,1
"all participants, one stage",1437,5,left_hand,0.0,1
"all participants, one stage",1438,5,right_hand,0.9649,1
"all participants, one stage",1439,5,left_hand,0.0007,1
"all participants, one stage",1584,6,left_hand,0.0001,1
"all participants, one stage",1585,6,right_hand,1.0,1
"all participants, one stage",1586,6,right_hand,1.0,1
"all participants, one stage",1587,6,left_hand,0.0,1
"all participants, one stage",1588,6,right_hand,0.117,1
"all participants, one stage",1589,6,left_hand,0.0,1
"all participants, one stage",1590,6,right_hand,0.946,1
"all participants, one stage",1591,6,right_hand,0.2562,1
"all participants, one stage",1592,6,left_hand,0.0,1
"all participants, one stage",1593,6,right_hand,1.0,1
"all participants, one stage",1594,6,left_hand,0.9999,1
"all participants, one stage",1595,6,left_hand,0.0,1
"all participants, one stage",1596,6,right_hand,1.0,1
"all participants, one stage",1597,6,left_hand,0.0018,1
"all participants, one stage",1598,6,left_hand,0.0,1
"all participants, one stage",1599,6,left_hand,0.9691,1
"all participants, one stage",1600,6,left_hand,0.0618,1
"all participants, one stage",1601,6,right_hand,1.0,1
"all participants, one stage",1602,6,left_hand,0.0001,1
"all participants, one stage",1603,6,right_hand,0.9983,1
"all participants, one stage",1604,6,right_hand,0.9997,1
"all participants, one stage",1605,6,left_hand,0.3662,1
"all participants, one stage",1606,6,right_hand,0.9887,1
"all participants, one stage",1607,6,right_hand,1.0,1
"all participants, one stage",1608,6,right_hand,1.0,1
"all participants, one stage",1609,6,left_hand,0.0,1
"all participants, one stage",1610,6,left_hand,0.0001,1
"all participants, one stage",1611,6,right_hand,1.0,1
"all participants, one stage",1612,6,right_hand,0.7726,1
"all participants, one stage",1613,6,left_hand,0.0001,1
"all participants, one stage",1614,6,left_hand,0.0,1
"all participants, one stage",1615,6,left_hand,0.9764,1
"all participants, one stage",1616,6,right_hand,0.9411,1
"all participants, one stage",1617,6,right_hand,1.0,1
"all participants, one stage",1618,6,left_hand,0.0,1
"all participants, one stage",1619,6,left_hand,0.0,1
"all participants, one stage",1620,6,left_hand,0.0,1
"all participants, one stage",1621,6,right_hand,1.0,1
"all participants, one stage",1622,6,left_hand,0.6672,1
"all participants, one stage",1623,6,right_hand,0.0,1
"all participants, one stage",1624,6,right_hand,0.9999,1
"all participants, one stage",1625,6,left_hand,0.0,1
"all participants, one stage",1626,6,right_hand,0.9985,1
"all participants, one stage",1627,6,left_hand,0.5572,1
"all participants, one stage",1628,6,right_hand,1.0,1
"all participants, one stage",1629,6,right_hand,0.9998,1
"all participants, one stage",1630,6,right_hand,1.0,1
"all participants, one stage",1631,6,left_hand,0.0001,1
"all participants, one stage",1632,6,left_hand,0.5096,1
"all participants, one stage",1633,6,left_hand,0.0,1
"all participants, one stage",1634,6,right_hand,0.8463,1
"all participants, one stage",1635,6,left_hand,0.0,1
"all participants, one stage",1636,6,left_hand,0.0,1
"all participants, one stage",1637,6,right_hand,0.9999,1
"all participants, one stage",1638,6,left_hand,0.0,1
"all participants, one stage",1639,6,left_hand,0.0,1
"all participants, one stage",1640,6,right_hand,0.9979,1
"all participants, one stage",1641,6,left_hand,0.0,1
"all participants, one stage",1642,6,right_hand,0.2991,1
"all participants, one stage",1643,6,right_hand,1.0,1
"all participants, one stage",1644,6,left_hand,0.6984,1
"all participants, one stage",1645,6,right_hand,1.0,1
"all participants, one stage",1646,6,left_hand,0.0033,1
"all participants, one stage",1647,6,left_hand,0.4152,1
"all participants, one stage",1648,6,right_hand,0.9939,1
"all participants, one stage",1649,6,left_hand,0.0,1
"all participants, one stage",1650,6,right_hand,0.9993,1
"all participants, one stage",1651,6,right_hand,1.0,1
"all participants, one stage",1652,6,right_hand,0.9964,1
"all participants, one stage",1653,6,right_hand,0.96,1
"all participants, one stage",1654,6,right_hand,1.0,1
"all participants, one stage",1655,6,left_hand,0.0972,1
"all participants, one stage",1656,6,right_hand,0.9979,1
"all participants, one stage",1657,6,left_hand,0.0005,1
"all participants, one stage",1658,6,left_hand,0.9604,1
"all participants, one stage",1659,6,left_hand,0.0,1
"all participants, one stage",1660,6,right_hand,1.0,1
"all participants, one stage",1661,6,right_hand,1.0,1
"all participants, one stage",1662,6,left_hand,0.0003,1
"all participants, one stage",1663,6,right_hand,0.9921,1
"all participants, one stage",1664,6,left_hand,0.9998,1
"all participants, one stage",1665,6,right_hand,1.0,1
"all participants, one stage",1666,6,left_hand,0.0001,1
"all participants, one stage",1667,6,right_hand,0.9999,1
"all participants, one stage",1668,6,right_hand,0.9998,1
"all participants, one stage",1669,6,right_hand,0.9999,1
"all participants, one stage",1670,6,left_hand,0.0,1
"all participants, one stage",1671,6,left_hand,0.9968,1
"all participants, one stage",1672,6,right_hand,0.9696,1
"all participants, one stage",1673,6,left_hand,0.0,1
"all participants, one stage",1674,6,right_hand,0.1916,1
"all participants, one stage",1675,6,right_hand,1.0,1
"all participants, one stage",1676,6,left_hand,0.0123,1
"all participants, one stage",1677,6,left_hand,0.0003,1
"all participants, one stage",1678,6,right_hand,0.9884,1
"all participants, one stage",1679,6,left_hand,0.0001,1
"all participants, one stage",1680,6,right_hand,0.7523,1
"all participants, one stage",1681,6,left_hand,0.0025,1
"all participants, one stage",1682,6,left_hand,0.8087,1
"all participants, one stage",1683,6,right_hand,1.0,1
"all participants, one stage",1684,6,left_hand,0.0,1
"all participants, one stage",1685,6,left_hand,0.0008,1
"all participants, one stage",1686,6,left_hand,0.3247,1
"all participants, one stage",1687,6,right_hand,0.9338,1
"all participants, one stage",1688,6,right_hand,0.9497,1
"all participants, one stage",1689,6,right_hand,0.9986,1
"all participants, one stage",1690,6,right_hand,0.9459,1
"all participants, one stage",1691,6,left_hand,0.0001,1
"all participants, one stage",1692,6,right_hand,0.0547,1
"all participants, one stage",1693,6,right_hand,1.0,1
"all participants, one stage",1694,6,right_hand,1.0,1
"all participants, one stage",1695,6,left_hand,0.0,1
"all participants, one stage",1696,6,left_hand,0.0425,1
"all participants, one stage",1697,6,left_hand,0.0,1
"all participants, one stage",1698,6,left_hand,0.0003,1
"all participants, one stage",1699,6,left_hand,0.0061,1
"all participants, one stage",1700,6,right_hand,0.0022,1
"all participants, one stage",1701,6,left_hand,0.0,1
"all participants, one stage",1702,6,right_hand,1.0,1
"all participants, one stage",1703,6,right_hand,0.9986,1
"all participants, one stage",1704,6,left_hand,0.9327,1
"all participants, one stage",1705,6,right_hand,1.0,1
"all participants, one stage",1706,6,left_hand,0.8481,1
"all participants, one stage",1707,6,left_hand,0.7745,1
"all participants, one stage",1708,6,right_hand,1.0,1
"all participants, one stage",1709,6,right_hand,0.9583,1
"all participants, one stage",1710,6,right_hand,0.9998,1
"all participants, one stage",1711,6,left_hand,0.2339,1
"all participants, one stage",1712,6,right_hand,1.0,1
"all participants, one stage",1713,6,right_hand,0.9989,1
"all participants, one stage",1714,6,right_hand,0.7943,1
"all participants, one stage",1715,6,right_hand,1.0,1
"all participants, one stage",1716,6,right_hand,1.0,1
"all participants, one stage",1717,6,left_hand,0.0,1
"all participants, one stage",1718,6,right_hand,0.0106,1
"all participants, one stage",1719,6,right_hand,1.0,1
"all participants, one stage",1720,6,left_hand,0.0274,1
"all participants, one stage",1721,6,left_hand,0.1141,1
"all participants, one stage",1722,6,left_hand,0.9962,1
"all participants, one stage",1723,6,left_hand,0.001,1
"all participants, one stage",1724,6,left_hand,0.2813,1
"all participants, one stage",1725,6,left_hand,0.3656,1
"all participants, one stage",1726,6,right_hand,1.0,1
"all participants, one stage",1727,6,left_hand,0.0213,1
"all participants, one stage",1872,7,left_hand,1.0,1
"all participants, one stage",1873,7,right_hand,0.464,1
"all participants, one stage",1874,7,right_hand,1.0,1
"all participants, one stage",1875,7,left_hand,0.0,1
"all participants, one stage",1876,7,right_hand,0.9369,1
"all participants, one stage",1877,7,left_hand,0.0,1
"all participants, one stage",1878,7,right_hand,0.9986,1
"all participants, one stage",1879,7,right_hand,1.0,1
"all participants, one stage",1880,7,left_hand,0.9941,1
"all participants, one stage",1881,7,right_hand,0.8868,1
"all participants, one stage",1882,7,left_hand,0.3696,1
"all participants, one stage",1883,7,left_hand,0.0,1
"all participants, one stage",1884,7,right_hand,0.9904,1
"all participants, one stage",1885,7,left_hand,0.0354,1
"all participants, one stage",1886,7,left_hand,0.0001,1
"all participants, one stage",1887,7,left_hand,0.0002,1
"all participants, one stage",1888,7,left_hand,0.0,1
"all participants, one stage",1889,7,right_hand,0.6315,1
"all participants, one stage",1890,7,left_hand,0.0,1
"all participants, one stage",1891,7,right_hand,1.0,1
"all participants, one stage",1892,7,right_hand,1.0,1
"all participants, one stage",1893,7,left_hand,0.0,1
"all participants, one stage",1894,7,right_hand,1.0,1
"all participants, one stage",1895,7,right_hand,0.9999,1
"all participants, one stage",1896,7,right_hand,0.9999,1
"all participants, one stage",1897,7,left_hand,0.0001,1
"all participants, one stage",1898,7,left_hand,0.9999,1
"all participants, one stage",1899,7,right_hand,0.0015,1
"all participants, one stage",1900,7,right_hand,0.3039,1
"all participants, one stage",1901,7,left_hand,0.0,1
"all participants, one stage",1902,7,left_hand,0.0,1
"all participants, one stage",1903,7,left_hand,0.0,1
"all participants, one stage",1904,7,right_hand,0.6845,1
"all participants, one stage",1905,7,right_hand,0.46,1
"all participants, one stage",1906,7,left_hand,0.0,1
"all participants, one stage",1907,7,left_hand,0.0,1
"all participants, one stage",1908,7,left_hand,0.0,1
"all participants, one stage",1909,7,right_hand,0.8935,1
"all participants, one stage",1910,7,left_hand,0.0021,1
"all participants, one stage",1911,7,right_hand,1.0,1
"all participants, one stage",1912,7,right_hand,1.0,1
"all participants, one stage",1913,7,left_hand,0.0,1
"all participants, one stage",1914,7,right_hand,1.0,1
"all participants, one stage",1915,7,left_hand,0.0003,1
"all participants, one stage",1916,7,right_hand,0.1212,1
"all participants, one stage",1917,7,right_hand,0.9998,1
"all participants, one stage",1918,7,right_hand,0.9999,1
"all participants, one stage",1919,7,left_hand,0.0,1
"all participants, one stage",1920,7,left_hand,0.0002,1
"all participants, one stage",1921,7,left_hand,0.0,1
"all participants, one stage",1922,7,right_hand,0.9982,1
"all participants, one stage",1923,7,left_hand,0.9981,1
"all participants, one stage",1924,7,left_hand,0.0001,1
"all participants, one stage",1925,7,right_hand,1.0,1
"all participants, one stage",1926,7,left_hand,0.0,1
"all participants, one stage",1927,7,left_hand,0.0,1
"all participants, one stage",1928,7,right_hand,0.9521,1
"all participants, one stage",1929,7,left_hand,0.0579,1
"all participants, one stage",1930,7,right_hand,1.0,1
"all participants, one stage",1931,7,right_hand,1.0,1
"all participants, one stage",1932,7,left_hand,0.0,1
"all participants, one stage",1933,7,right_hand,1.0,1
"all participants, one stage",1934,7,left_hand,0.016,1
"all participants, one stage",1935,7,left_hand,0.0,1
"all participants, one stage",1936,7,right_hand,1.0,1
"all participants, one stage",1937,7,left_hand,0.0014,1
"all participants, one stage",1938,7,right_hand,0.9728,1
"all participants, one stage",1939,7,right_hand,1.0,1
"all participants, one stage",1940,7,right_hand,0.9411,1
"all participants, one stage",1941,7,right_hand,1.0,1
"all participants, one stage",1942,7,right_hand,1.0,1
"all participants, one stage",1943,7,left_hand,0.004,1
"all participants, one stage",1944,7,right_hand,0.9337,1
"all participants, one stage",1945,7,left_hand,0.0018,1
"all participants, one stage",1946,7,left_hand,0.0,1
"all participants, one stage",1947,7,left_hand,0.0002,1
"all participants, one stage",1948,7,right_hand,1.0,1
"all participants, one stage",1949,7,right_hand,1.0,1
"all participants, one stage",1950,7,left_hand,0.0017,1
"all participants, one stage",1951,7,right_hand,1.0,1
"all participants, one stage",1952,7,left_hand,0.0,1
"all participants, one stage",1953,7,right_hand,1.0,1
"all participants, one stage",1954,7,left_hand,0.0,1
"all participants, one stage",1955,7,right_hand,0.1286,1
"all participants, one stage",1956,7,right_hand,0.6978,1
"all participants, one stage",1957,7,right_hand,1.0,1
"all participants, one stage",1958,7,left_hand,0.0,1
"all participants, one stage",1959,7,left_hand,0.0,1
"all participants, one stage",1960,7,right_hand,0.0403,1
"all participants, one stage",1961,7,left_hand,0.0003,1
"all participants, one stage",1962,7,right_hand,1.0,1
"all participants, one stage",1963,7,right_hand,1.0,1
"all participants, one stage",1964,7,left_hand,0.0,1
"all participants, one stage",1965,7,left_hand,0.0006,1
"all participants, one stage",1966,7,right_hand,1.0,1
"all participants, one stage",1967,7,left_hand,0.6476,1
"all participants, one stage",1968,7,right_hand,0.3034,1
"all participants, one stage",1969,7,left_hand,0.9994,1
"all participants, one stage",1970,7,left_hand,0.0,1
"all participants, one stage",1971,7,right_hand,0.0645,1
"all participants, one stage",1972,7,left_hand,0.0,1
"all participants, one stage",1973,7,left_hand,0.0,1
"all participants, one stage",1974,7,left_hand,0.0,1
"all participants, one stage",1975,7,right_hand,1.0,1
"all participants, one stage",1976,7,right_hand,1.0,1
"all participants, one stage",1977,7,right_hand,1.0,1
"all participants, one stage",1978,7,right_hand,1.0,1
"all participants, one stage",1979,7,left_hand,0.0,1
"all participants, one stage",1980,7,right_hand,0.0234,1
"all participants, one stage",1981,7,right_hand,1.0,1
"all participants, one stage",1982,7,right_hand,1.0,1
"all participants, one stage",1983,7,left_hand,0.0,1
"all participants, one stage",1984,7,left_hand,0.0,1
"all participants, one stage",1985,7,left_hand,0.0,1
"all participants, one stage",1986,7,left_hand,0.0,1
"all participants, one stage",1987,7,left_hand,0.0,1
"all participants, one stage",1988,7,right_hand,0.9999,1
"all participants, one stage",1989,7,left_hand,0.0,1
"all participants, one stage",1990,7,right_hand,0.9964,1
"all participants, one stage",1991,7,right_hand,1.0,1
"all participants, one stage",1992,7,left_hand,0.0004,1
"all participants, one stage",1993,7,right_hand,1.0,1
"all participants, one stage",1994,7,left_hand,0.0,1
"all participants, one stage",1995,7,left_hand,0.3897,1
"all participants, one stage",1996,7,right_hand,0.9462,1
"all participants, one stage",1997,7,right_hand,1.0,1
"all participants, one stage",1998,7,right_hand,0.9999,1
"all participants, one stage",1999,7,left_hand,0.0053,1
"all participants, one stage",2000,7,right_hand,1.0,1
"all participants, one stage",2001,7,right_hand,1.0,1
"all participants, one stage",2002,7,right_hand,1.0,1
"all participants, one stage",2003,7,right_hand,0.2069,1
"all participants, one stage",2004,7,right_hand,0.9994,1
"all participants, one stage",2005,7,left_hand,0.0,1
"all participants, one stage",2006,7,right_hand,1.0,1
"all participants, one stage",2007,7,right_hand,1.0,1
"all participants, one stage",2008,7,left_hand,0.0,1
"all participants, one stage",2009,7,left_hand,0.0,1
"all participants, one stage",2010,7,left_hand,0.0,1
"all participants, one stage",2011,7,left_hand,0.0,1
"all participants, one stage",2012,7,left_hand,0.0,1
"all participants, one stage",2013,7,left_hand,0.9839,1
"all participants, one stage",2014,7,right_hand,1.0,1
"all participants, one stage",2015,7,left_hand,0.0,1
"all participants, one stage",2160,8,left_hand,0.0,1
"all participants, one stage",2161,8,right_hand,0.9984,1
"all participants, one stage",2162,8,right_hand,1.0,1
"all participants, one stage",2163,8,left_hand,0.0,1
"all participants, one stage",2164,8,right_hand,1.0,1
"all participants, one stage",2165,8,left_hand,0.0,1
"all participants, one stage",2166,8,right_hand,0.999,1
"all participants, one stage",2167,8,right_hand,1.0,1
"all participants, one stage",2168,8,left_hand,0.0,1
"all participants, one stage",2169,8,right_hand,0.9995,1
"all participants, one stage",2170,8,left_hand,0.1949,1
"all participants, one stage",2171,8,left_hand,0.0,1
"all participants, one stage",2172,8,right_hand,0.9993,1
"all participants, one stage",2173,8,left_hand,0.0,1
"all participants, one stage",2174,8,left_hand,0.0001,1
"all participants, one stage",2175,8,left_hand,0.0,1
"all participants, one stage",2176,8,left_hand,0.0,1
"all participants, one stage",2177,8,right_hand,1.0,1
"all participants, one stage",2178,8,left_hand,0.0,1
"all participants, one stage",2179,8,right_hand,0.9898,1
"all participants, one stage",2180,8,right_hand,0.8446,1
"all participants, one stage",2181,8,left_hand,0.0,1
"all participants, one stage",2182,8,right_hand,1.0,1
"all participants, one stage",2183,8,right_hand,0.0263,1
"all participants, one stage",2184,8,right_hand,1.0,1
"all participants, one stage",2185,8,left_hand,0.0,1
"all participants, one stage",2186,8,left_hand,0.0001,1
"all participants, one stage",2187,8,right_hand,1.0,1
"all participants, one stage",2188,8,right_hand,0.16,1
"all participants, one stage",2189,8,left_hand,0.0,1
"all participants, one stage",2190,8,left_hand,0.9156,1
"all participants, one stage",2191,8,left_hand,0.0006,1
"all participants, one stage",2192,8,right_hand,1.0,1
"all participants, one stage",2193,8,right_hand,1.0,1
"all participants, one stage",2194,8,left_hand,0.001,1
"all participants, one stage",2195,8,left_hand,0.0,1
"all participants, one stage",2196,8,left_hand,0.0,1
"all participants, one stage",2197,8,right_hand,1.0,1
"all participants, one stage",2198,8,left_hand,0.0022,1
"all participants, one stage",2199,8,right_hand,1.0,1
"all participants, one stage",2200,8,right_hand,1.0,1
"all participants, one stage",2201,8,left_hand,0.1011,1
"all participants, one stage",2202,8,right_hand,1.0,1
"all participants, one stage",2203,8,left_hand,0.0016,1
"all participants, one stage",2204,8,right_hand,0.9653,1
"all participants, one stage",2205,8,right_hand,0.9978,1
"all participants, one stage",2206,8,right_hand,0.9817,1
"all participants, one stage",2207,8,left_hand,0.0,1
"all participants, one stage",2208,8,left_hand,0.0003,1
"all participants, one stage",2209,8,left_hand,0.0012,1
"all participants, one stage",2210,8,right_hand,1.0,1
"all participants, one stage",2211,8,left_hand,0.0,1
"all participants, one stage",2212,8,left_hand,0.0,1
"all participants, one stage",2213,8,right_hand,1.0,1
"all participants, one stage",2214,8,left_hand,0.0,1
"all participants, one stage",2215,8,left_hand,0.0,1
"all participants, one stage",2216,8,right_hand,0.6805,1
"all participants, one stage",2217,8,left_hand,0.0,1
"all participants, one stage",2218,8,right_hand,0.9999,1
"all participants, one stage",2219,8,right_hand,1.0,1
"all participants, one stage",2220,8,left_hand,0.0,1
"all participants, one stage",2221,8,right_hand,1.0,1
"all participants, one stage",2222,8,left_hand,0.0,1
"all participants, one stage",2223,8,left_hand,0.0011,1
"all participants, one stage",2224,8,right_hand,0.0001,1
"all participants, one stage",2225,8,left_hand,0.0,1
"all participants, one stage",2226,8,right_hand,0.9804,1
"all participants, one stage",2227,8,right_hand,0.9998,1
"all participants, one stage",2228,8,right_hand,0.9978,1
"all participants, one stage",2229,8,right_hand,0.8622,1
"all participants, one stage",2230,8,right_hand,0.9998,1
"all participants, one stage",2231,8,left_hand,0.0418,1
"all participants, one stage",2232,8,right_hand,1.0,1
"all participants, one stage",2233,8,left_hand,0.0001,1
"all participants, one stage",2234,8,left_hand,0.0003,1
"all participants, one stage",2235,8,left_hand,0.0,1
"all participants, one stage",2236,8,right_hand,0.9964,1
"all participants, one stage",2237,8,right_hand,1.0,1
"all participants, one stage",2238,8,left_hand,0.0,1
"all participants, one stage",2239,8,right_hand,1.0,1
"all participants, one stage",2240,8,left_hand,0.0,1
"all participants, one stage",2241,8,right_hand,1.0,1
"all participants, one stage",2242,8,left_hand,0.0,1
"all participants, one stage",2243,8,right_hand,0.9997,1
"all participants, one stage",2244,8,right_hand,1.0,1
"all participants, one stage",2245,8,right_hand,1.0,1
"all participants, one stage",2246,8,left_hand,0.0011,1
"all participants, one stage",2247,8,left_hand,0.0,1
"all participants, one stage",2248,8,right_hand,1.0,1
"all participants, one stage",2249,8,left_hand,0.0,1
"all participants, one stage",2250,8,right_hand,1.0,1
"all participants, one stage",2251,8,right_hand,0.9921,1
"all participants, one stage",2252,8,left_hand,0.0,1
"all participants, one stage",2253,8,left_hand,0.0001,1
"all participants, one stage",2254,8,right_hand,0.9954,1
"all participants, one stage",2255,8,left_hand,0.0,1
"all participants, one stage",2256,8,right_hand,1.0,1
"all participants, one stage",2257,8,left_hand,0.0,1
"all participants, one stage",2258,8,left_hand,0.0009,1
"all participants, one stage",2259,8,right_hand,0.9995,1
"all participants, one stage",2260,8,left_hand,0.0,1
"all participants, one stage",2261,8,left_hand,0.0,1
"all participants, one stage",2262,8,left_hand,0.0,1
"all participants, one stage",2263,8,right_hand,1.0,1
"all participants, one stage",2264,8,right_hand,1.0,1
"all participants, one stage",2265,8,right_hand,1.0,1
"all participants, one stage",2266,8,right_hand,1.0,1
"all participants, one stage",2267,8,left_hand,0.0088,1
"all participants, one stage",2268,8,right_hand,1.0,1
"all participants, one stage",2269,8,right_hand,1.0,1
"all participants, one stage",2270,8,right_hand,1.0,1
"all participants, one stage",2271,8,left_hand,0.0,1
"all participants, one stage",2272,8,left_hand,0.0,1
"all participants, one stage",2273,8,left_hand,0.0738,1
"all participants, one stage",2274,8,left_hand,0.0,1
"all participants, one stage",2275,8,left_hand,0.0,1
"all participants, one stage",2276,8,right_hand,1.0,1
"all participants, one stage",2277,8,left_hand,0.0,1
"all participants, one stage",2278,8,right_hand,0.9999,1
"all participants, one stage",2279,8,right_hand,0.9856,1
"all participants, one stage",2280,8,left_hand,0.0,1
"all participants, one stage",2281,8,right_hand,1.0,1
"all participants, one stage",2282,8,left_hand,0.0,1
"all participants, one stage",2283,8,left_hand,0.0,1
"all participants, one stage",2284,8,right_hand,1.0,1
"all participants, one stage",2285,8,right_hand,1.0,1
"all participants, one stage",2286,8,right_hand,0.9983,1
"all participants, one stage",2287,8,left_hand,0.0,1
"all participants, one stage",2288,8,right_hand,0.052,1
"all participants, one stage",2289,8,right_hand,1.0,1
"all participants, one stage",2290,8,right_hand,0.9998,1
"all participants, one stage",2291,8,right_hand,0.8437,1
"all participants, one stage",2292,8,right_hand,0.9996,1
"all participants, one stage",2293,8,left_hand,0.0,1
"all participants, one stage",2294,8,right_hand,1.0,1
"all participants, one stage",2295,8,right_hand,1.0,1
"all participants, one stage",2296,8,left_hand,0.0,1
"all participants, one stage",2297,8,left_hand,0.0,1
"all participants, one stage",2298,8,left_hand,0.0,1
"all participants, one stage",2299,8,left_hand,0.0,1
"all participants, one stage",2300,8,left_hand,0.0,1
"all participants, one stage",2301,8,left_hand,0.9917,1
"all participants, one stage",2302,8,right_hand,1.0,1
"all participants, one stage",2303,8,left_hand,0.001,1
"all participants, one stage",2448,9,left_hand,0.0001,1
"all participants, one stage",2449,9,right_hand,1.0,1
"all participants, one stage",2450,9,right_hand,1.0,1
"all participants, one stage",2451,9,left_hand,0.0,1
"all participants, one stage",2452,9,right_hand,1.0,1
"all participants, one stage",2453,9,left_hand,0.0,1
"all participants, one stage",2454,9,right_hand,1.0,1
"all participants, one stage",2455,9,right_hand,1.0,1
"all participants, one stage",2456,9,left_hand,0.001,1
"all participants, one stage",2457,9,right_hand,1.0,1
"all participants, one stage",2458,9,left_hand,0.2244,1
"all participants, one stage",2459,9,left_hand,0.0002,1
"all participants, one stage",2460,9,right_hand,0.9999,1
"all participants, one stage",2461,9,left_hand,0.0,1
"all participants, one stage",2462,9,left_hand,0.0001,1
"all participants, one stage",2463,9,left_hand,0.0,1
"all participants, one stage",2464,9,left_hand,0.999,1
"all participants, one stage",2465,9,right_hand,1.0,1
"all participants, one stage",2466,9,left_hand,0.0,1
"all participants, one stage",2467,9,right_hand,1.0,1
"all participants, one stage",2468,9,right_hand,1.0,1
"all participants, one stage",2469,9,left_hand,0.0003,1
"all participants, one stage",2470,9,right_hand,1.0,1
"all participants, one stage",2471,9,right_hand,1.0,1
"all participants, one stage",2472,9,right_hand,1.0,1
"all participants, one stage",2473,9,left_hand,0.2207,1
"all participants, one stage",2474,9,left_hand,0.9993,1
"all participants, one stage",2475,9,right_hand,1.0,1
"all participants, one stage",2476,9,right_hand,1.0,1
"all participants, one stage",2477,9,left_hand,0.0387,1
"all participants, one stage",2478,9,left_hand,0.9684,1
"all participants, one stage",2479,9,left_hand,0.9618,1
"all participants, one stage",2480,9,right_hand,0.9848,1
"all participants, one stage",2481,9,right_hand,1.0,1
"all participants, one stage",2482,9,left_hand,1.0,1
"all participants, one stage",2483,9,left_hand,1.0,1
"all participants, one stage",2484,9,left_hand,0.1942,1
"all participants, one stage",2485,9,right_hand,1.0,1
"all participants, one stage",2486,9,left_hand,0.0,1
"all participants, one stage",2487,9,right_hand,1.0,1
"all participants, one stage",2488,9,right_hand,1.0,1
"all participants, one stage",2489,9,left_hand,0.9902,1
"all participants, one stage",2490,9,right_hand,1.0,1
"all participants, one stage",2491,9,left_hand,0.0015,1
"all participants, one stage",2492,9,right_hand,1.0,1
"all participants, one stage",2493,9,right_hand,1.0,1
"all participants, one stage",2494,9,right_hand,0.9963,1
"all participants, one stage",2495,9,left_hand,0.9649,1
"all participants, one stage",2496,9,left_hand,0.933,1
"all participants, one stage",2497,9,left_hand,0.4173,1
"all participants, one stage",2498,9,right_hand,1.0,1
"all participants, one stage",2499,9,left_hand,0.0,1
"all participants, one stage",2500,9,left_hand,0.0,1
"all participants, one stage",2501,9,right_hand,0.9964,1
"all participants, one stage",2502,9,left_hand,0.0,1
"all participants, one stage",2503,9,left_hand,0.9933,1
"all participants, one stage",2504,9,right_hand,1.0,1
"all participants, one stage",2505,9,left_hand,0.0001,1
"all participants, one stage",2506,9,right_hand,1.0,1
"all participants, one stage",2507,9,right_hand,0.9934,1
"all participants, one stage",2508,9,left_hand,0.7719,1
"all participants, one stage",2509,9,right_hand,1.0,1
"all participants, one stage",2510,9,left_hand,0.0014,1
"all participants, one stage",2511,9,left_hand,0.0027,1
"all participants, one stage",2512,9,right_hand,1.0,1
"all participants, one stage",2513,9,left_hand,0.0011,1
"all participants, one stage",2514,9,right_hand,1.0,1
"all participants, one stage",2515,9,right_hand,1.0,1
"all participants, one stage",2516,9,right_hand,1.0,1
"all participants, one stage",2517,9,right_hand,0.5848,1
"all participants, one stage",2518,9,right_hand,0.0076,1
"all participants, one stage",2519,9,left_hand,0.5016,1
"all participants, one stage",2520,9,right_hand,1.0,1
"all participants, one stage",2521,9,left_hand,0.001,1
"all participants, one stage",2522,9,left_hand,0.001,1
"all participants, one stage",2523,9,left_hand,0.0047,1
"all participants, one stage",2524,9,right_hand,1.0,1
"all participants, one stage",2525,9,right_hand,0.1987,1
"all participants, one stage",2526,9,left_hand,1.0,1
"all participants, one stage",2527,9,right_hand,0.0046,1
"all participants, one stage",2528,9,left_hand,1.0,1
"all participants, one stage",2529,9,right_hand,0.9999,1
"all participants, one stage",2530,9,left_hand,0.0,1
"all participants, one stage",2531,9,right_hand,1.0,1
"all participants, one stage",2532,9,right_hand,0.735,1
"all participants, one stage",2533,9,right_hand,1.0,1
"all participants, one stage",2534,9,left_hand,0.0,1
"all participants, one stage",2535,9,left_hand,0.0,1
"all participants, one stage",2536,9,right_hand,1.0,1
"all participants, one stage",2537,9,left_hand,0.9506,1
"all participants, one stage",2538,9,right_hand,1.0,1
"all participants, one stage",2539,9,right_hand,0.9981,1
"all participants, one stage",2540,9,left_hand,0.986,1
"all participants, one stage",2541,9,left_hand,0.24,1
"all participants, one stage",2542,9,right_hand,1.0,1
"all participants, one stage",2543,9,left_hand,0.9409,1
"all participants, one stage",2544,9,right_hand,0.9999,1
"all participants, one stage",2545,9,left_hand,0.0,1
"all participants, one stage",2546,9,left_hand,0.0369,1
"all participants, one stage",2547,9,right_hand,0.9237,1
"all participants, one stage",2548,9,left_hand,0.2141,1
"all participants, one stage",2549,9,left_hand,0.0007,1
"all participants, one stage",2550,9,left_hand,0.0091,1
"all participants, one stage",2551,9,right_hand,1.0,1
"all participants, one stage",2552,9,right_hand,0.9353,1
"all participants, one stage",2553,9,right_hand,0.8593,1
"all participants, one stage",2554,9,right_hand,1.0,1
"all participants, one stage",2555,9,left_hand,0.2461,1
"all participants, one stage",2556,9,right_hand,0.0022,1
"all participants, one stage",2557,9,right_hand,0.5058,1
"all participants, one stage",2558,9,right_hand,0.9949,1
"all participants, one stage",2559,9,left_hand,0.0602,1
"all participants, one stage",2560,9,left_hand,0.0,1
"all participants, one stage",2561,9,left_hand,0.0436,1
"all participants, one stage",2562,9,left_hand,0.9072,1
"all participants, one stage",2563,9,left_hand,0.0261,1
"all participants, one stage",2564,9,right_hand,0.0759,1
"all participants, one stage",2565,9,left_hand,0.3512,1
"all participants, one stage",2566,9,right_hand,0.9764,1
"all participants, one stage",2567,9,right_hand,0.9999,1
"all participants, one stage",2568,9,left_hand,0.9999,1
"all participants, one stage",2569,9,right_hand,0.0019,1
"all participants, one stage",2570,9,left_hand,0.0625,1
"all participants, one stage",2571,9,left_hand,0.0023,1
"all participants, one stage",2572,9,right_hand,0.9685,1
"all participants, one stage",2573,9,right_hand,0.9999,1
"all participants, one stage",2574,9,right_hand,0.9995,1
"all participants, one stage",2575,9,left_hand,0.0001,1
"all participants, one stage",2576,9,right_hand,1.0,1
"all participants, one stage",2577,9,right_hand,0.998,1
"all participants, one stage",2578,9,right_hand,1.0,1
"all participants, one stage",2579,9,right_hand,0.9991,1
"all participants, one stage",2580,9,right_hand,0.9977,1
"all participants, one stage",2581,9,left_hand,0.9984,1
"all participants, one stage",2582,9,right_hand,0.9993,1
"all participants, one stage",2583,9,right_hand,0.9898,1
"all participants, one stage",2584,9,left_hand,0.0,1
"all participants, one stage",2585,9,left_hand,0.0247,1
"all participants, one stage",2586,9,left_hand,0.0,1
"all participants, one stage",2587,9,left_hand,0.2347,1
"all participants, one stage",2588,9,left_hand,0.0001,1
"all participants, one stage",2589,9,left_hand,0.0,1
"all participants, one stage",2590,9,right_hand,1.0,1
"all participants, one stage",2591,9,left_hand,0.0095,1
all participants,144,1,left_hand,0.0335,2
all participants,145,1,right_hand,1.0,2
all participants,146,1,right_hand,0.5743,2
all participants,147,1,left_hand,0.0,2
all participants,148,1,right_hand,0.9954,2
all participants,149,1,left_hand,0.0,2
all participants,150,1,right_hand,0.9999,2
all participants,151,1,right_hand,1.0,2
all participants,152,1,left_hand,0.0007,2
all participants,153,1,right_hand,0.9996,2
all participants,154,1,left_hand,0.0,2
all participants,155,1,left_hand,0.0,2
all participants,156,1,right_hand,1.0,2
all participants,157,1,left_hand,0.0039,2
all participants,158,1,left_hand,0.0001,2
all participants,159,1,left_hand,0.073,2
all participants,160,1,left_hand,0.0437,2
all participants,161,1,right_hand,1.0,2
all participants,162,1,left_hand,0.0,2
all participants,163,1,right_hand,1.0,2
all participants,164,1,right_hand,0.9984,2
all participants,165,1,left_hand,0.0,2
all participants,166,1,right_hand,1.0,2
all participants,167,1,right_hand,0.9943,2
all participants,168,1,right_hand,0.9961,2
all participants,169,1,left_hand,0.0001,2
all participants,170,1,left_hand,0.0001,2
all participants,171,1,right_hand,0.9997,2
all participants,172,1,right_hand,1.0,2
all participants,173,1,left_hand,0.0729,2
all participants,174,1,left_hand,0.0001,2
all participants,175,1,left_hand,0.1591,2
all participants,176,1,right_hand,0.9995,2
all participants,177,1,right_hand,0.9999,2
all participants,178,1,left_hand,0.0016,2
all participants,179,1,left_hand,0.0004,2
all participants,180,1,left_hand,0.0,2
all participants,181,1,right_hand,1.0,2
all participants,182,1,left_hand,0.0002,2
all participants,183,1,right_hand,0.9916,2
all participants,184,1,right_hand,0.9991,2
all participants,185,1,left_hand,0.9968,2
all participants,186,1,right_hand,1.0,2
all participants,187,1,left_hand,0.1749,2
all participants,188,1,right_hand,0.9996,2
all participants,189,1,right_hand,0.9999,2
all participants,190,1,right_hand,0.949,2
all participants,191,1,left_hand,0.001,2
all participants,192,1,left_hand,0.0,2
all participants,193,1,left_hand,0.6708,2
all participants,194,1,right_hand,0.9493,2
all participants,195,1,left_hand,0.0,2
all participants,196,1,left_hand,0.0,2
all participants,197,1,right_hand,1.0,2
all participants,198,1,left_hand,0.0,2
all participants,199,1,left_hand,0.0,2
all participants,200,1,right_hand,0.9994,2
all participants,201,1,left_hand,0.0179,2
all participants,202,1,right_hand,1.0,2
all participants,203,1,right_hand,1.0,2
all participants,204,1,left_hand,0.8499,2
all participants,205,1,right_hand,0.3309,2
all participants,206,1,left_hand,0.164,2
all participants,207,1,left_hand,0.0,2
all participants,208,1,right_hand,0.8274,2
all participants,209,1,left_hand,0.0,2
all participants,210,1,right_hand,0.9992,2
all participants,211,1,right_hand,0.9998,2
all participants,212,1,right_hand,0.9978,2
all participants,213,1,right_hand,0.9152,2
all participants,214,1,right_hand,0.9999,2
all participants,215,1,left_hand,0.963,2
all participants,216,1,right_hand,0.9774,2
all participants,217,1,left_hand,0.9695,2
all participants,218,1,left_hand,0.0299,2
all participants,219,1,left_hand,0.0,2
all participants,220,1,right_hand,1.0,2
all participants,221,1,right_hand,0.4097,2
all participants,222,1,left_hand,0.9991,2
all participants,223,1,right_hand,0.969,2
all participants,224,1,left_hand,0.9883,2
all participants,225,1,right_hand,0.9803,2
all participants,226,1,left_hand,0.0519,2
all participants,227,1,right_hand,0.9967,2
all participants,228,1,right_hand,0.916,2
all participants,229,1,right_hand,0.9997,2
all participants,230,1,left_hand,0.0,2
all participants,231,1,left_hand,0.0,2
all participants,232,1,right_hand,0.9966,2
all participants,233,1,left_hand,0.0,2
all participants,234,1,right_hand,0.9693,2
all participants,235,1,right_hand,0.9979,2
all participants,236,1,left_hand,0.0001,2
all participants,237,1,left_hand,0.9638,2
all participants,238,1,right_hand,1.0,2
all participants,239,1,left_hand,0.0004,2
all participants,240,1,right_hand,0.9818,2
all participants,241,1,left_hand,0.4131,2
all participants,242,1,left_hand,0.8471,2
all participants,243,1,right_hand,0.9716,2
all participants,244,1,left_hand,0.5477,2
all participants,245,1,left_hand,0.0058,2
all participants,246,1,left_hand,0.0007,2
all participants,247,1,right_hand,0.9814,2
all participants,248,1,right_hand,0.9931,2
all participants,249,1,right_hand,0.9921,2
all participants,250,1,right_hand,0.9998,2
all participants,251,1,left_hand,0.0178,2
all participants,252,1,right_hand,0.9573,2
all participants,253,1,right_hand,0.0107,2
all participants,254,1,right_hand,1.0,2
all participants,255,1,left_hand,0.0484,2
all participants,256,1,left_hand,0.9439,2
all participants,257,1,left_hand,0.8963,2
all participants,258,1,left_hand,0.019,2
all participants,259,1,left_hand,0.3222,2
all participants,260,1,right_hand,1.0,2
all participants,261,1,left_hand,0.164,2
all participants,262,1,right_hand,1.0,2
all participants,263,1,right_hand,0.9972,2
all participants,264,1,left_hand,0.0019,2
all participants,265,1,right_hand,0.9991,2
all participants,266,1,left_hand,0.7596,2
all participants,267,1,left_hand,0.1438,2
all participants,268,1,right_hand,0.9998,2
all participants,269,1,right_hand,0.9998,2
all participants,270,1,right_hand,0.9318,2
all participants,271,1,left_hand,0.9916,2
all participants,272,1,right_hand,0.9999,2
all participants,273,1,right_hand,1.0,2
all participants,274,1,right_hand,0.9986,2
all participants,275,1,right_hand,0.4426,2
all participants,276,1,right_hand,0.0313,2
all participants,277,1,left_hand,0.0132,2
all participants,278,1,right_hand,1.0,2
all participants,279,1,right_hand,0.9643,2
all participants,280,1,left_hand,0.0182,2
all participants,281,1,left_hand,0.0147,2
all participants,282,1,left_hand,0.9521,2
all participants,283,1,left_hand,0.6753,2
all participants,284,1,left_hand,0.9876,2
all participants,285,1,left_hand,0.0043,2
all participants,286,1,right_hand,0.9982,2
all participants,287,1,left_hand,0.0057,2
all participants,432,2,left_hand,0.1457,2
all participants,433,2,right_hand,0.9886,2
all participants,434,2,right_hand,0.9999,2
all participants,435,2,left_hand,0.0693,2
all participants,436,2,right_hand,0.997,2
all participants,437,2,left_hand,0.0945,2
all participants,438,2,right_hand,0.8267,2
all participants,439,2,right_hand,0.7997,2
all participants,440,2,left_hand,0.513,2
all participants,441,2,right_hand,0.9578,2
all participants,442,2,left_hand,0.9005,2
all participants,443,2,left_hand,0.4017,2
all participants,444,2,right_hand,0.9999,2
all participants,445,2,left_hand,0.5757,2
all participants,446,2,left_hand,0.0,2
all participants,447,2,left_hand,0.843,2
all participants,448,2,left_hand,0.1058,2
all participants,449,2,right_hand,0.9966,2
all participants,450,2,left_hand,0.9975,2
all participants,451,2,right_hand,0.9995,2
all participants,452,2,right_hand,1.0,2
all participants,453,2,left_hand,0.0,2
all participants,454,2,right_hand,0.995,2
all participants,455,2,right_hand,0.9981,2
all participants,456,2,right_hand,0.9577,2
all participants,457,2,left_hand,0.0323,2
all participants,458,2,left_hand,0.0204,2
all participants,459,2,right_hand,0.9953,2
all participants,460,2,right_hand,0.994,2
all participants,461,2,left_hand,0.0175,2
all participants,462,2,left_hand,0.0,2
all participants,463,2,left_hand,0.5186,2
all participants,464,2,right_hand,0.9982,2
all participants,465,2,right_hand,0.8537,2
all participants,466,2,left_hand,0.2369,2
all participants,467,2,left_hand,0.008,2
all participants,468,2,left_hand,0.1054,2
all participants,469,2,right_hand,0.9929,2
all participants,470,2,left_hand,0.0187,2
all participants,471,2,right_hand,0.9848,2
all participants,472,2,right_hand,0.8069,2
all participants,473,2,left_hand,0.0314,2
all participants,474,2,right_hand,0.9914,2
all participants,475,2,left_hand,0.1017,2
all participants,476,2,right_hand,0.7557,2
all participants,477,2,right_hand,0.9863,2
all participants,478,2,right_hand,0.9976,2
all participants,479,2,left_hand,0.3154,2
all participants,480,2,left_hand,0.5028,2
all participants,481,2,left_hand,0.0429,2
all participants,482,2,right_hand,0.3966,2
all participants,483,2,left_hand,0.0578,2
all participants,484,2,left_hand,0.8373,2
all participants,485,2,right_hand,0.9543,2
all participants,486,2,left_hand,0.0031,2
all participants,487,2,left_hand,0.2434,2
all participants,488,2,right_hand,0.6594,2
all participants,489,2,left_hand,0.0665,2
all participants,490,2,right_hand,0.9773,2
all participants,491,2,right_hand,0.7004,2
all participants,492,2,left_hand,0.7154,2
all participants,493,2,right_hand,0.3003,2
all participants,494,2,left_hand,0.897,2
all participants,495,2,left_hand,0.0173,2
all participants,496,2,right_hand,0.9763,2
all participants,497,2,left_hand,0.0133,2
all participants,498,2,right_hand,0.9568,2
all participants,499,2,right_hand,0.1228,2
all participants,500,2,right_hand,0.9999,2
all participants,501,2,right_hand,0.996,2
all participants,502,2,right_hand,0.805,2
all participants,503,2,left_hand,0.419,2
all participants,504,2,right_hand,0.9169,2
all participants,505,2,left_hand,0.222,2
all participants,506,2,left_hand,0.1613,2
all participants,507,2,left_hand,0.0044,2
all participants,508,2,right_hand,0.3378,2
all participants,509,2,right_hand,0.5039,2
all participants,510,2,left_hand,0.6586,2
all participants,511,2,right_hand,0.8317,2
all participants,512,2,left_hand,0.0387,2
all participants,513,2,right_hand,0.4499,2
all participants,514,2,left_hand,0.0255,2
all participants,515,2,right_hand,0.9261,2
all participants,516,2,right_hand,0.9993,2
all participants,517,2,right_hand,0.99,2
all participants,518,2,left_hand,0.985,2
all participants,519,2,left_hand,0.0875,2
all participants,520,2,right_hand,0.2731,2
all participants,521,2,left_hand,0.7233,2
all participants,522,2,right_hand,0.9909,2
all participants,523,2,right_hand,0.9801,2
all participants,524,2,left_hand,0.8434,2
all participants,525,2,left_hand,0.0027,2
all participants,526,2,right_hand,0.445,2
all participants,527,2,left_hand,0.0004,2
all participants,528,2,right_hand,0.9877,2
all participants,529,2,left_hand,0.0418,2
all participants,530,2,left_hand,0.0339,2
all participants,531,2,right_hand,0.4953,2
all participants,532,2,left_hand,0.3484,2
all participants,533,2,left_hand,0.0715,2
all participants,534,2,left_hand,0.0,2
all participants,535,2,right_hand,0.8537,2
all participants,536,2,right_hand,0.1303,2
all participants,537,2,right_hand,0.2701,2
all participants,538,2,right_hand,0.9778,2
all participants,539,2,left_hand,0.0001,2
all participants,540,2,right_hand,0.9998,2
all participants,541,2,right_hand,0.5749,2
all participants,542,2,right_hand,0.0863,2
all participants,543,2,left_hand,0.1738,2
all participants,544,2,left_hand,0.1509,2
all participants,545,2,left_hand,0.6718,2
all participants,546,2,left_hand,0.9855,2
all participants,547,2,left_hand,0.1376,2
all participants,548,2,right_hand,0.8985,2
all participants,549,2,left_hand,0.6434,2
all participants,550,2,right_hand,0.9958,2
all participants,551,2,right_hand,0.9861,2
all participants,552,2,left_hand,0.0015,2
all participants,553,2,right_hand,0.961,2
all participants,554,2,left_hand,0.0204,2
all participants,555,2,left_hand,0.7803,2
all participants,556,2,right_hand,0.9997,2
all participants,557,2,right_hand,0.9633,2
all participants,558,2,right_hand,0.9897,2
all participants,559,2,left_hand,0.1785,2
all participants,560,2,right_hand,0.9926,2
all participants,561,2,right_hand,0.7028,2
all participants,562,2,right_hand,0.0015,2
all participants,563,2,right_hand,0.1322,2
all participants,564,2,right_hand,0.0697,2
all participants,565,2,left_hand,0.0126,2
all participants,566,2,right_hand,1.0,2
all participants,567,2,right_hand,0.0003,2
all participants,568,2,left_hand,0.2871,2
all participants,569,2,left_hand,0.1434,2
all participants,570,2,left_hand,0.9823,2
all participants,571,2,left_hand,0.0047,2
all participants,572,2,left_hand,0.0078,2
all participants,573,2,left_hand,0.0002,2
all participants,574,2,right_hand,0.2012,2
all participants,575,2,left_hand,0.8966,2
all participants,720,3,left_hand,0.8471,2
all participants,721,3,right_hand,1.0,2
all participants,722,3,right_hand,0.9999,2
all participants,723,3,left_hand,0.012,2
all participants,724,3,right_hand,0.991,2
all participants,725,3,left_hand,0.0009,2
all participants,726,3,right_hand,0.8395,2
all participants,727,3,right_hand,0.9974,2
all participants,728,3,left_hand,0.0,2
all participants,729,3,right_hand,0.9841,2
all participants,730,3,left_hand,0.0005,2
all participants,731,3,left_hand,0.2451,2
all participants,732,3,right_hand,0.9998,2
all participants,733,3,left_hand,0.0,2
all participants,734,3,left_hand,0.0,2
all participants,735,3,left_hand,0.1225,2
all participants,736,3,left_hand,0.0,2
all participants,737,3,right_hand,0.5293,2
all participants,738,3,left_hand,0.0,2
all participants,739,3,right_hand,0.9998,2
all participants,740,3,right_hand,0.9708,2
all participants,741,3,left_hand,0.0,2
all participants,742,3,right_hand,0.9976,2
all participants,743,3,right_hand,0.4921,2
all participants,744,3,right_hand,0.9861,2
all participants,745,3,left_hand,0.0,2
all participants,746,3,left_hand,0.0001,2
all participants,747,3,right_hand,1.0,2
all participants,748,3,right_hand,1.0,2
all participants,749,3,left_hand,0.0266,2
all participants,750,3,left_hand,0.002,2
all participants,751,3,left_hand,0.0003,2
all participants,752,3,right_hand,0.9953,2
all participants,753,3,right_hand,1.0,2
all participants,754,3,left_hand,0.0416,2
all participants,755,3,left_hand,0.0001,2
all participants,756,3,left_hand,0.0048,2
all participants,757,3,right_hand,1.0,2
all participants,758,3,left_hand,0.0001,2
all participants,759,3,right_hand,0.9999,2
all participants,760,3,right_hand,0.9574,2
all participants,761,3,left_hand,0.0,2
all participants,762,3,right_hand,0.9985,2
all participants,763,3,left_hand,0.0102,2
all participants,764,3,right_hand,0.1401,2
all participants,765,3,right_hand,0.9804,2
all participants,766,3,right_hand,0.9757,2
all participants,767,3,left_hand,0.0001,2
all participants,768,3,left_hand,0.0001,2
all participants,769,3,left_hand,0.0,2
all participants,770,3,right_hand,0.9934,2
all participants,771,3,left_hand,0.0,2
all participants,772,3,left_hand,0.0,2
all participants,773,3,right_hand,0.9921,2
all participants,774,3,left_hand,0.0144,2
all participants,775,3,left_hand,0.0,2
all participants,776,3,right_hand,0.9993,2
all participants,777,3,left_hand,0.135,2
all participants,778,3,right_hand,1.0,2
all participants,779,3,right_hand,1.0,2
all participants,780,3,left_hand,0.0002,2
all participants,781,3,right_hand,0.9999,2
all participants,782,3,left_hand,0.0,2
all participants,783,3,left_hand,0.0004,2
all participants,784,3,right_hand,1.0,2
all participants,785,3,left_hand,0.0021,2
all participants,786,3,right_hand,1.0,2
all participants,787,3,right_hand,0.7553,2
all participants,788,3,right_hand,0.8971,2
all participants,789,3,right_hand,0.9999,2
all participants,790,3,right_hand,1.0,2
all participants,791,3,left_hand,0.1907,2
all participants,792,3,right_hand,0.9452,2
all participants,793,3,left_hand,0.0001,2
all participants,794,3,left_hand,0.5749,2
all participants,795,3,left_hand,0.0016,2
all participants,796,3,right_hand,1.0,2
all participants,797,3,right_hand,1.0,2
all participants,798,3,left_hand,0.0029,2
all participants,799,3,right_hand,0.9955,2
all participants,800,3,left_hand,0.0363,2
all participants,801,3,right_hand,1.0,2
all participants,802,3,left_hand,0.399,2
all participants,803,3,right_hand,0.9995,2
all participants,804,3,right_hand,1.0,2
all participants,805,3,right_hand,1.0,2
all participants,806,3,left_hand,0.0004,2
all participants,807,3,left_hand,0.0005,2
all participants,808,3,right_hand,1.0,2
all participants,809,3,left_hand,0.0618,2
all participants,810,3,right_hand,0.9542,2
all participants,811,3,right_hand,0.9927,2
all participants,812,3,left_hand,0.0596,2
all participants,813,3,left_hand,0.0953,2
all participants,814,3,right_hand,1.0,2
all participants,815,3,left_hand,0.0,2
all participants,816,3,right_hand,0.6653,2
all participants,817,3,left_hand,0.0003,2
all participants,818,3,left_hand,0.0,2
all participants,819,3,right_hand,1.0,2
all participants,820,3,left_hand,0.0603,2
all participants,821,3,left_hand,0.0,2
all participants,822,3,left_hand,0.1081,2
all participants,823,3,right_hand,0.9888,2
all participants,824,3,right_hand,1.0,2
all participants,825,3,right_hand,1.0,2
all participants,826,3,right_hand,1.0,2
all participants,827,3,left_hand,0.0004,2
all participants,828,3,right_hand,0.9999,2
all participants,829,3,right_hand,0.9999,2
all participants,830,3,right_hand,0.9999,2
all participants,831,3,left_hand,0.0092,2
all participants,832,3,left_hand,0.0096,2
all participants,833,3,left_hand,0.002,2
all participants,834,3,left_hand,0.0,2
all participants,835,3,left_hand,0.028,2
all participants,836,3,right_hand,0.9066,2
all participants,837,3,left_hand,0.0,2
all participants,838,3,right_hand,0.9786,2
all participants,839,3,right_hand,0.9996,2
all participants,840,3,left_hand,0.0,2
all participants,841,3,right_hand,0.9953,2
all participants,842,3,left_hand,0.0131,2
all participants,843,3,left_hand,0.0002,2
all participants,844,3,right_hand,0.9983,2
all participants,845,3,right_hand,0.5221,2
all participants,846,3,right_hand,0.9898,2
all participants,847,3,left_hand,0.0,2
all participants,848,3,right_hand,0.946,2
all participants,849,3,right_hand,0.9998,2
all participants,850,3,right_hand,0.9974,2
all participants,851,3,right_hand,1.0,2
all participants,852,3,right_hand,0.9874,2
all participants,853,3,left_hand,0.0031,2
all participants,854,3,right_hand,0.9999,2
all participants,855,3,right_hand,0.1464,2
all participants,856,3,left_hand,0.1016,2
all participants,857,3,left_hand,0.0,2
all participants,858,3,left_hand,0.0414,2
all participants,859,3,left_hand,0.0002,2
all participants,860,3,left_hand,0.0,2
all participants,861,3,left_hand,0.0622,2
all participants,862,3,right_hand,0.9988,2
all participants,863,3,left_hand,0.0045,2
all participants,1008,4,right_hand,0.9996,2
all participants,1009,4,left_hand,0.9553,2
all participants,1010,4,left_hand,0.7685,2
all participants,1011,4,right_hand,0.8126,2
all participants,1012,4,right_hand,0.9238,2
all participants,1013,4,left_hand,0.0251,2
all participants,1014,4,left_hand,0.4761,2
all participants,1015,4,left_hand,0.1575,2
all participants,1016,4,right_hand,0.1475,2
all participants,1017,4,right_hand,0.9969,2
all participants,1018,4,left_hand,0.0052,2
all participants,1019,4,left_hand,0.0145,2
all participants,1020,4,left_hand,0.6715,2
all participants,1021,4,right_hand,0.3483,2
all participants,1022,4,left_hand,0.0488,2
all participants,1023,4,right_hand,0.6783,2
all participants,1024,4,right_hand,0.9866,2
all participants,1025,4,left_hand,0.0059,2
all participants,1026,4,right_hand,0.2827,2
all participants,1027,4,left_hand,0.9967,2
all participants,1028,4,right_hand,0.3729,2
all participants,1029,4,right_hand,0.9917,2
all participants,1030,4,right_hand,0.9992,2
all participants,1031,4,left_hand,0.0245,2
all participants,1032,4,left_hand,0.0011,2
all participants,1033,4,left_hand,0.0217,2
all participants,1034,4,right_hand,0.999,2
all participants,1035,4,left_hand,0.0003,2
all participants,1036,4,left_hand,0.0218,2
all participants,1037,4,right_hand,0.3094,2
all participants,1038,4,left_hand,0.2296,2
all participants,1039,4,left_hand,0.0183,2
all participants,1040,4,right_hand,0.9959,2
all participants,1041,4,left_hand,0.0343,2
all participants,1042,4,right_hand,0.1575,2
all participants,1043,4,right_hand,0.9446,2
all participants,1044,4,left_hand,0.1569,2
all participants,1045,4,right_hand,0.7367,2
all participants,1046,4,left_hand,0.0184,2
all participants,1047,4,left_hand,0.3968,2
all participants,1048,4,right_hand,0.9999,2
all participants,1049,4,left_hand,0.2342,2
all participants,1050,4,right_hand,0.989,2
all participants,1051,4,right_hand,0.8691,2
all participants,1052,4,right_hand,0.449,2
all participants,1053,4,right_hand,0.9927,2
all participants,1054,4,right_hand,0.1739,2
all participants,1055,4,left_hand,0.0014,2
all participants,1056,4,right_hand,0.7291,2
all participants,1057,4,left_hand,0.2807,2
all participants,1058,4,left_hand,0.4466,2
all participants,1059,4,left_hand,0.8506,2
all participants,1060,4,right_hand,0.9998,2
all participants,1061,4,right_hand,0.0057,2
all participants,1062,4,left_hand,0.0683,2
all participants,1063,4,right_hand,0.9988,2
all participants,1064,4,left_hand,0.1189,2
all participants,1065,4,right_hand,0.1,2
all participants,1066,4,left_hand,0.9993,2
all participants,1067,4,right_hand,0.9879,2
all participants,1068,4,right_hand,0.9521,2
all participants,1069,4,right_hand,0.4395,2
all participants,1070,4,left_hand,0.4198,2
all participants,1071,4,left_hand,0.9665,2
all participants,1072,4,right_hand,0.9997,2
all participants,1073,4,left_hand,0.83,2
all participants,1074,4,right_hand,1.0,2
all participants,1075,4,right_hand,0.8464,2
all participants,1076,4,left_hand,0.0264,2
all participants,1077,4,left_hand,0.5955,2
all participants,1078,4,right_hand,0.9999,2
all participants,1079,4,left_hand,0.09,2
all participants,1080,4,right_hand,0.9999,2
all participants,1081,4,left_hand,0.0892,2
all participants,1082,4,left_hand,0.0013,2
all participants,1083,4,right_hand,0.8882,2
all participants,1084,4,left_hand,0.9789,2
all participants,1085,4,left_hand,0.0,2
all participants,1086,4,left_hand,0.0332,2
all participants,1087,4,right_hand,0.8167,2
all participants,1088,4,right_hand,0.3669,2
all participants,1089,4,right_hand,1.0,2
all participants,1090,4,right_hand,0.7357,2
all participants,1091,4,left_hand,0.3762,2
all participants,1092,4,right_hand,0.008,2
all participants,1093,4,right_hand,0.7954,2
all participants,1094,4,right_hand,0.9473,2
all participants,1095,4,left_hand,0.018,2
all participants,1096,4,left_hand,0.0198,2
all participants,1097,4,left_hand,0.0166,2
all participants,1098,4,left_hand,0.0006,2
all participants,1099,4,left_hand,0.7311,2
all participants,1100,4,right_hand,1.0,2
all participants,1101,4,left_hand,0.0063,2
all participants,1102,4,right_hand,0.9996,2
all participants,1103,4,right_hand,0.9663,2
all participants,1104,4,left_hand,0.0015,2
all participants,1105,4,right_hand,0.9617,2
all participants,1106,4,left_hand,0.004,2
all participants,1107,4,left_hand,0.0119,2
all participants,1108,4,right_hand,0.9811,2
all participants,1109,4,right_hand,0.7458,2
all participants,1110,4,right_hand,0.825,2
all participants,1111,4,left_hand,0.0011,2
all participants,1112,4,right_hand,1.0,2
all participants,1113,4,right_hand,0.0945,2
all participants,1114,4,right_hand,0.9999,2
all participants,1115,4,right_hand,1.0,2
all participants,1116,4,right_hand,0.982,2
all participants,1117,4,left_hand,0.0016,2
all participants,1118,4,right_hand,0.7929,2
all participants,1119,4,right_hand,0.9977,2
all participants,1120,4,left_hand,0.1056,2
all participants,1121,4,left_hand,0.799,2
all participants,1122,4,left_hand,0.9933,2
all participants,1123,4,left_hand,0.1161,2
all participants,1124,4,left_hand,0.1575,2
all participants,1125,4,left_hand,0.5892,2
all participants,1126,4,right_hand,0.9986,2
all participants,1127,4,left_hand,0.5139,2
all participants,1128,4,left_hand,0.5678,2
all participants,1129,4,right_hand,0.8508,2
all participants,1130,4,right_hand,0.9982,2
all participants,1131,4,left_hand,0.0001,2
all participants,1132,4,right_hand,0.3294,2
all participants,1133,4,right_hand,0.999,2
all participants,1134,4,right_hand,1.0,2
all participants,1135,4,right_hand,0.9993,2
all participants,1136,4,right_hand,0.9864,2
all participants,1137,4,left_hand,0.0002,2
all participants,1138,4,left_hand,0.1865,2
all participants,1139,4,left_hand,0.9841,2
all participants,1140,4,left_hand,0.576,2
all participants,1141,4,right_hand,0.9998,2
all participants,1142,4,right_hand,1.0,2
all participants,1143,4,left_hand,0.9182,2
all participants,1144,4,left_hand,0.9912,2
all participants,1145,4,left_hand,0.0,2
all participants,1146,4,right_hand,0.871,2
all participants,1147,4,right_hand,0.9995,2
all participants,1148,4,left_hand,0.0,2
all participants,1149,4,left_hand,0.1257,2
all participants,1150,4,right_hand,0.9986,2
all participants,1151,4,left_hand,0.0037,2
all participants,1296,5,left_hand,0.0199,2
all participants,1297,5,right_hand,0.9575,2
all participants,1298,5,right_hand,0.9624,2
all participants,1299,5,left_hand,0.0994,2
all participants,1300,5,right_hand,0.7556,2
all participants,1301,5,left_hand,0.0005,2
all participants,1302,5,right_hand,0.9962,2
all participants,1303,5,right_hand,0.8366,2
all participants,1304,5,left_hand,0.0524,2
all participants,1305,5,right_hand,0.2159,2
all participants,1306,5,left_hand,0.0,2
all participants,1307,5,left_hand,0.1341,2
all participants,1308,5,right_hand,0.8779,2
all participants,1309,5,left_hand,0.1407,2
all participants,1310,5,left_hand,0.0002,2
all participants,1311,5,left_hand,0.022,2
all participants,1312,5,left_hand,0.0056,2
all participants,1313,5,right_hand,0.9713,2
all participants,1314,5,left_hand,0.0028,2
all participants,1315,5,right_hand,0.8542,2
all participants,1316,5,right_hand,0.9869,2
all participants,1317,5,left_hand,0.0025,2
all participants,1318,5,right_hand,0.9897,2
all participants,1319,5,right_hand,0.9997,2
all participants,1320,5,right_hand,0.5558,2
all participants,1321,5,left_hand,0.0002,2
all participants,1322,5,left_hand,0.0073,2
all participants,1323,5,right_hand,0.9986,2
all participants,1324,5,right_hand,0.9979,2
all participants,1325,5,left_hand,0.1907,2
all participants,1326,5,left_hand,0.0113,2
all participants,1327,5,left_hand,0.0027,2
all participants,1328,5,right_hand,0.9895,2
all participants,1329,5,right_hand,0.9765,2
all participants,1330,5,left_hand,0.0027,2
all participants,1331,5,left_hand,0.0012,2
all participants,1332,5,left_hand,0.0002,2
all participants,1333,5,right_hand,0.1588,2
all participants,1334,5,left_hand,0.0001,2
all participants,1335,5,right_hand,0.9894,2
all participants,1336,5,right_hand,0.5559,2
all participants,1337,5,left_hand,0.0001,2
all participants,1338,5,right_hand,0.9481,2
all participants,1339,5,left_hand,0.0657,2
all participants,1340,5,right_hand,0.9815,2
all participants,1341,5,right_hand,0.999,2
all participants,1342,5,right_hand,0.8774,2
all participants,1343,5,left_hand,0.008,2
all participants,1344,5,left_hand,0.0001,2
all participants,1345,5,left_hand,0.1128,2
all participants,1346,5,right_hand,0.8799,2
all participants,1347,5,left_hand,0.0,2
all participants,1348,5,left_hand,0.0001,2
all participants,1349,5,right_hand,0.0214,2
all participants,1350,5,left_hand,0.0055,2
all participants,1351,5,left_hand,0.0,2
all participants,1352,5,right_hand,0.9658,2
all participants,1353,5,left_hand,0.0,2
all participants,1354,5,right_hand,0.1044,2
all participants,1355,5,right_hand,0.0937,2
all participants,1356,5,left_hand,0.0,2
all participants,1357,5,right_hand,0.9602,2
all participants,1358,5,left_hand,0.0002,2
all participants,1359,5,left_hand,0.0001,2
all participants,1360,5,right_hand,0.9912,2
all participants,1361,5,left_hand,0.0001,2
all participants,1362,5,right_hand,0.2467,2
all participants,1363,5,right_hand,0.9527,2
all participants,1364,5,right_hand,0.8547,2
all participants,1365,5,right_hand,0.9983,2
all participants,1366,5,right_hand,0.6832,2
all participants,1367,5,left_hand,0.0036,2
all participants,1368,5,right_hand,0.6722,2
all participants,1369,5,left_hand,0.2097,2
all participants,1370,5,left_hand,0.0006,2
all participants,1371,5,left_hand,0.0001,2
all participants,1372,5,right_hand,0.7775,2
all participants,1373,5,right_hand,0.5869,2
all participants,1374,5,left_hand,0.0319,2
all participants,1375,5,right_hand,0.9918,2
all participants,1376,5,left_hand,0.0018,2
all participants,1377,5,right_hand,0.9879,2
all participants,1378,5,left_hand,0.0,2
all participants,1379,5,right_hand,0.9802,2
all participants,1380,5,right_hand,0.9989,2
all participants,1381,5,right_hand,0.9998,2
all participants,1382,5,left_hand,0.3301,2
all participants,1383,5,left_hand,0.0001,2
all participants,1384,5,right_hand,0.0386,2
all participants,1385,5,left_hand,0.0001,2
all participants,1386,5,right_hand,0.8649,2
all participants,1387,5,right_hand,0.5437,2
all participants,1388,5,left_hand,0.0013,2
all participants,1389,5,left_hand,0.0016,2
all participants,1390,5,right_hand,0.9637,2
all participants,1391,5,left_hand,0.0061,2
all participants,1392,5,right_hand,0.9342,2
all participants,1393,5,left_hand,0.0145,2
all participants,1394,5,left_hand,0.0046,2
all participants,1395,5,right_hand,0.9798,2
all participants,1396,5,left_hand,0.8281,2
all participants,1397,5,left_hand,0.0002,2
all participants,1398,5,left_hand,0.0112,2
all participants,1399,5,right_hand,0.455,2
all participants,1400,5,right_hand,0.609,2
all participants,1401,5,right_hand,0.9601,2
all participants,1402,5,right_hand,0.9672,2
all participants,1403,5,left_hand,0.0008,2
all participants,1404,5,right_hand,0.3618,2
all participants,1405,5,right_hand,0.9982,2
all participants,1406,5,right_hand,0.1351,2
all participants,1407,5,left_hand,0.0015,2
all participants,1408,5,left_hand,0.0036,2
all participants,1409,5,left_hand,0.0019,2
all participants,1410,5,left_hand,0.0005,2
all participants,1411,5,left_hand,0.0031,2
all participants,1412,5,right_hand,0.9882,2
all participants,1413,5,left_hand,0.0047,2
all participants,1414,5,right_hand,0.9842,2
all participants,1415,5,right_hand,0.605,2
all participants,1416,5,left_hand,0.0005,2
all participants,1417,5,right_hand,0.7604,2
all participants,1418,5,left_hand,0.0001,2
all participants,1419,5,left_hand,0.0001,2
all participants,1420,5,right_hand,0.998,2
all participants,1421,5,right_hand,0.9999,2
all participants,1422,5,right_hand,0.0907,2
all participants,1423,5,left_hand,0.0063,2
all participants,1424,5,right_hand,0.993,2
all participants,1425,5,right_hand,0.9835,2
all participants,1426,5,right_hand,0.0194,2
all participants,1427,5,right_hand,0.8973,2
all participants,1428,5,right_hand,0.591,2
all participants,1429,5,left_hand,0.0049,2
all participants,1430,5,right_hand,0.0306,2
all participants,1431,5,right_hand,0.4456,2
all participants,1432,5,left_hand,0.021,2
all participants,1433,5,left_hand,0.0121,2
all participants,1434,5,left_hand,0.0003,2
all participants,1435,5,left_hand,0.0056,2
all participants,1436,5,left_hand,0.0007,2
all participants,1437,5,left_hand,0.0002,2
all participants,1438,5,right_hand,0.7996,2
all participants,1439,5,left_hand,0.0346,2
all participants,1584,6,left_hand,0.0721,2
all participants,1585,6,right_hand,0.9981,2
all participants,1586,6,right_hand,0.9803,2
all participants,1587,6,left_hand,0.0023,2
all participants,1588,6,right_hand,0.1926,2
all participants,1589,6,left_hand,0.003,2
all participants,1590,6,right_hand,0.9959,2
all participants,1591,6,right_hand,0.8305,2
all participants,1592,6,left_hand,0.001,2
all participants,1593,6,right_hand,0.9986,2
all participants,1594,6,left_hand,0.709,2
all participants,1595,6,left_hand,0.0008,2
all participants,1596,6,right_hand,1.0,2
all participants,1597,6,left_hand,0.095,2
all participants,1598,6,left_hand,0.0014,2
all participants,1599,6,left_hand,0.9405,2
all participants,1600,6,left_hand,0.5542,2
all participants,1601,6,right_hand,0.9992,2
all participants,1602,6,left_hand,0.0166,2
all participants,1603,6,right_hand,0.9858,2
all participants,1604,6,right_hand,0.9997,2
all participants,1605,6,left_hand,0.688,2
all participants,1606,6,right_hand,0.9988,2
all participants,1607,6,right_hand,1.0,2
all participants,1608,6,right_hand,0.9951,2
all participants,1609,6,left_hand,0.003,2
all participants,1610,6,left_hand,0.0667,2
all participants,1611,6,right_hand,0.9997,2
all participants,1612,6,right_hand,0.9961,2
all participants,1613,6,left_hand,0.0103,2
all participants,1614,6,left_hand,0.0016,2
all participants,1615,6,left_hand,0.912,2
all participants,1616,6,right_hand,0.4183,2
all participants,1617,6,right_hand,0.8559,2
all participants,1618,6,left_hand,0.0,2
all participants,1619,6,left_hand,0.0655,2
all participants,1620,6,left_hand,0.0003,2
all participants,1621,6,right_hand,0.758,2
all participants,1622,6,left_hand,0.5911,2
all participants,1623,6,right_hand,0.2462,2
all participants,1624,6,right_hand,0.9946,2
all participants,1625,6,left_hand,0.0161,2
all participants,1626,6,right_hand,0.9244,2
all participants,1627,6,left_hand,0.9219,2
all participants,1628,6,right_hand,0.9984,2
all participants,1629,6,right_hand,0.8497,2
all participants,1630,6,right_hand,1.0,2
all participants,1631,6,left_hand,0.12,2
all participants,1632,6,left_hand,0.9984,2
all participants,1633,6,left_hand,0.0092,2
all participants,1634,6,right_hand,0.9983,2
all participants,1635,6,left_hand,0.0002,2
all participants,1636,6,left_hand,0.0003,2
all participants,1637,6,right_hand,0.9934,2
all participants,1638,6,left_hand,0.0,2
all participants,1639,6,left_hand,0.001,2
all participants,1640,6,right_hand,0.9986,2
all participants,1641,6,left_hand,0.0047,2
all participants,1642,6,right_hand,0.0062,2
all participants,1643,6,right_hand,1.0,2
all participants,1644,6,left_hand,0.9383,2
all participants,1645,6,right_hand,1.0,2
all participants,1646,6,left_hand,0.8032,2
all participants,1647,6,left_hand,0.4508,2
all participants,1648,6,right_hand,0.9943,2
all participants,1649,6,left_hand,0.0118,2
all participants,1650,6,right_hand,0.9998,2
all participants,1651,6,right_hand,0.9997,2
all participants,1652,6,right_hand,0.9922,2
all participants,1653,6,right_hand,0.9932,2
all participants,1654,6,right_hand,0.9984,2
all participants,1655,6,left_hand,0.6685,2
all participants,1656,6,right_hand,0.9208,2
all participants,1657,6,left_hand,0.0182,2
all participants,1658,6,left_hand,0.9999,2
all participants,1659,6,left_hand,0.0004,2
all participants,1660,6,right_hand,0.9996,2
all participants,1661,6,right_hand,0.9966,2
all participants,1662,6,left_hand,0.145,2
all participants,1663,6,right_hand,0.9994,2
all participants,1664,6,left_hand,0.8642,2
all participants,1665,6,right_hand,0.9978,2
all participants,1666,6,left_hand,0.0008,2
all participants,1667,6,right_hand,0.9146,2
all participants,1668,6,right_hand,0.9988,2
all participants,1669,6,right_hand,1.0,2
all participants,1670,6,left_hand,0.0026,2
all participants,1671,6,left_hand,0.4507,2
all participants,1672,6,right_hand,0.9969,2
all participants,1673,6,left_hand,0.2331,2
all participants,1674,6,right_hand,0.5232,2
all participants,1675,6,right_hand,0.9996,2
all participants,1676,6,left_hand,0.9795,2
all participants,1677,6,left_hand,0.1671,2
all participants,1678,6,right_hand,0.999,2
all participants,1679,6,left_hand,0.0055,2
all participants,1680,6,right_hand,0.9969,2
all participants,1681,6,left_hand,0.0032,2
all participants,1682,6,left_hand,0.914,2
all participants,1683,6,right_hand,0.9999,2
all participants,1684,6,left_hand,0.1407,2
all participants,1685,6,left_hand,0.3474,2
all participants,1686,6,left_hand,0.5654,2
all participants,1687,6,right_hand,0.327,2
all participants,1688,6,right_hand,0.9927,2
all participants,1689,6,right_hand,0.9999,2
all participants,1690,6,right_hand,0.8625,2
all participants,1691,6,left_hand,0.9875,2
all participants,1692,6,right_hand,0.0262,2
all participants,1693,6,right_hand,0.9985,2
all participants,1694,6,right_hand,0.9999,2
all participants,1695,6,left_hand,0.0022,2
all participants,1696,6,left_hand,0.9564,2
all participants,1697,6,left_hand,0.0229,2
all participants,1698,6,left_hand,0.1875,2
all participants,1699,6,left_hand,0.4532,2
all participants,1700,6,right_hand,0.0291,2
all participants,1701,6,left_hand,0.0001,2
all participants,1702,6,right_hand,0.9825,2
all participants,1703,6,right_hand,0.9827,2
all participants,1704,6,left_hand,0.9792,2
all participants,1705,6,right_hand,1.0,2
all participants,1706,6,left_hand,0.9706,2
all participants,1707,6,left_hand,0.9928,2
all participants,1708,6,right_hand,0.9996,2
all participants,1709,6,right_hand,0.7966,2
all participants,1710,6,right_hand,0.6795,2
all participants,1711,6,left_hand,0.9558,2
all participants,1712,6,right_hand,0.9971,2
all participants,1713,6,right_hand,0.9985,2
all participants,1714,6,right_hand,0.1856,2
all participants,1715,6,right_hand,0.9842,2
all participants,1716,6,right_hand,0.7828,2
all participants,1717,6,left_hand,0.0003,2
all participants,1718,6,right_hand,0.5497,2
all participants,1719,6,right_hand,0.9999,2
all participants,1720,6,left_hand,0.4205,2
all participants,1721,6,left_hand,0.9715,2
all participants,1722,6,left_hand,0.9999,2
all participants,1723,6,left_hand,0.0034,2
all participants,1724,6,left_hand,0.9974,2
all participants,1725,6,left_hand,0.0306,2
all participants,1726,6,right_hand,0.1561,2
all participants,1727,6,left_hand,0.9866,2
all participants,1872,7,left_hand,0.9778,2
all participants,1873,7,right_hand,0.9939,2
all participants,1874,7,right_hand,1.0,2
all participants,1875,7,left_hand,0.0001,2
all participants,1876,7,right_hand,0.9618,2
all participants,1877,7,left_hand,0.0001,2
all participants,1878,7,right_hand,0.9971,2
all participants,1879,7,right_hand,1.0,2
all participants,1880,7,left_hand,0.9542,2
all participants,1881,7,right_hand,0.4747,2
all participants,1882,7,left_hand,0.0082,2
all participants,1883,7,left_hand,0.0809,2
all participants,1884,7,right_hand,0.1346,2
all participants,1885,7,left_hand,0.9253,2
all participants,1886,7,left_hand,0.6589,2
all participants,1887,7,left_hand,0.5978,2
all participants,1888,7,left_hand,0.0,2
all participants,1889,7,right_hand,0.0881,2
all participants,1890,7,left_hand,0.0,2
all participants,1891,7,right_hand,1.0,2
all participants,1892,7,right_hand,1.0,2
all participants,1893,7,left_hand,0.0001,2
all participants,1894,7,right_hand,0.9961,2
all participants,1895,7,right_hand,0.9915,2
all participants,1896,7,right_hand,0.9987,2
all participants,1897,7,left_hand,0.0008,2
all participants,1898,7,left_hand,0.9679,2
all participants,1899,7,right_hand,0.0367,2
all participants,1900,7,right_hand,0.0606,2
all participants,1901,7,left_hand,0.016,2
all participants,1902,7,left_hand,0.0791,2
all participants,1903,7,left_hand,0.0001,2
all participants,1904,7,right_hand,0.7903,2
all participants,1905,7,right_hand,0.8106,2
all participants,1906,7,left_hand,0.0029,2
all participants,1907,7,left_hand,0.0001,2
all participants,1908,7,left_hand,0.0576,2
all participants,1909,7,right_hand,0.9969,2
all participants,1910,7,left_hand,0.0309,2
all participants,1911,7,right_hand,1.0,2
all participants,1912,7,right_hand,0.9913,2
all participants,1913,7,left_hand,0.0002,2
all participants,1914,7,right_hand,0.9854,2
all participants,1915,7,left_hand,0.0058,2
all participants,1916,7,right_hand,0.8772,2
all participants,1917,7,right_hand,0.9995,2
all participants,1918,7,right_hand,0.9611,2
all participants,1919,7,left_hand,0.0091,2
all participants,1920,7,left_hand,0.3945,2
all participants,1921,7,left_hand,0.0001,2
all participants,1922,7,right_hand,0.9998,2
all participants,1923,7,left_hand,0.3481,2
all participants,1924,7,left_hand,0.0515,2
all participants,1925,7,right_hand,0.9998,2
all participants,1926,7,left_hand,0.0018,2
all participants,1927,7,left_hand,0.0103,2
all participants,1928,7,right_hand,0.9992,2
all participants,1929,7,left_hand,0.0107,2
all participants,1930,7,right_hand,1.0,2
all participants,1931,7,right_hand,0.9996,2
all participants,1932,7,left_hand,0.012,2
all participants,1933,7,right_hand,1.0,2
all participants,1934,7,left_hand,0.1231,2
all participants,1935,7,left_hand,0.0006,2
all participants,1936,7,right_hand,0.9999,2
all participants,1937,7,left_hand,0.0108,2
all participants,1938,7,right_hand,0.9519,2
all participants,1939,7,right_hand,1.0,2
all participants,1940,7,right_hand,0.9145,2
all participants,1941,7,right_hand,1.0,2
all participants,1942,7,right_hand,0.9998,2
all participants,1943,7,left_hand,0.4967,2
all participants,1944,7,right_hand,0.1449,2
all participants,1945,7,left_hand,0.6894,2
all participants,1946,7,left_hand,0.0,2
all participants,1947,7,left_hand,0.0001,2
all participants,1948,7,right_hand,0.9988,2
all participants,1949,7,right_hand,0.9847,2
all participants,1950,7,left_hand,0.0,2
all participants,1951,7,right_hand,0.9999,2
all participants,1952,7,left_hand,0.0016,2
all participants,1953,7,right_hand,1.0,2
all participants,1954,7,left_hand,0.8401,2
all participants,1955,7,right_hand,0.9878,2
all participants,1956,7,right_hand,0.1648,2
all participants,1957,7,right_hand,1.0,2
all participants,1958,7,left_hand,0.0001,2
all participants,1959,7,left_hand,0.0156,2
all participants,1960,7,right_hand,0.9812,2
all participants,1961,7,left_hand,0.0067,2
all participants,1962,7,right_hand,0.9987,2
all participants,1963,7,right_hand,1.0,2
all participants,1964,7,left_hand,0.0,2
all participants,1965,7,left_hand,0.0003,2
all participants,1966,7,right_hand,1.0,2
all participants,1967,7,left_hand,0.0999,2
all participants,1968,7,right_hand,0.053,2
all participants,1969,7,left_hand,0.0296,2
all participants,1970,7,left_hand,0.0,2
all participants,1971,7,right_hand,0.7638,2
all participants,1972,7,left_hand,0.0173,2
all participants,1973,7,left_hand,0.2605,2
all participants,1974,7,left_hand,0.0001,2
all participants,1975,7,right_hand,0.9987,2
all participants,1976,7,right_hand,0.9523,2
all participants,1977,7,right_hand,0.9965,2
all participants,1978,7,right_hand,0.9999,2
all participants,1979,7,left_hand,0.004,2
all participants,1980,7,right_hand,0.4953,2
all participants,1981,7,right_hand,0.9999,2
all participants,1982,7,right_hand,1.0,2
all participants,1983,7,left_hand,0.0001,2
all participants,1984,7,left_hand,0.023,2
all participants,1985,7,left_hand,0.0206,2
all participants,1986,7,left_hand,0.0007,2
all participants,1987,7,left_hand,0.0045,2
all participants,1988,7,right_hand,1.0,2
all participants,1989,7,left_hand,0.0009,2
all participants,1990,7,right_hand,0.9946,2
all participants,1991,7,right_hand,1.0,2
all participants,1992,7,left_hand,0.0004,2
all participants,1993,7,right_hand,1.0,2
all participants,1994,7,left_hand,0.0726,2
all participants,1995,7,left_hand,0.074,2
all participants,1996,7,right_hand,0.9325,2
all participants,1997,7,right_hand,0.6731,2
all participants,1998,7,right_hand,0.9999,2
all participants,1999,7,left_hand,0.9933,2
all participants,2000,7,right_hand,1.0,2
all participants,2001,7,right_hand,0.9998,2
all participants,2002,7,right_hand,0.6188,2
all participants,2003,7,right_hand,0.975,2
all participants,2004,7,right_hand,0.9849,2
all participants,2005,7,left_hand,0.0113,2
all participants,2006,7,right_hand,0.9999,2
all participants,2007,7,right_hand,1.0,2
all participants,2008,7,left_hand,0.0024,2
all participants,2009,7,left_hand,0.0,2
all participants,2010,7,left_hand,0.0073,2
all participants,2011,7,left_hand,0.071,2
all participants,2012,7,left_hand,0.0009,2
all participants,2013,7,left_hand,0.9173,2
all participants,2014,7,right_hand,1.0,2
all participants,2015,7,left_hand,0.0003,2
all participants,2160,8,left_hand,0.0,2
all participants,2161,8,right_hand,0.9778,2
all participants,2162,8,right_hand,0.9777,2
all participants,2163,8,left_hand,0.0,2
all participants,2164,8,right_hand,0.9944,2
all participants,2165,8,left_hand,0.0009,2
all participants,2166,8,right_hand,0.9973,2
all participants,2167,8,right_hand,1.0,2
all participants,2168,8,left_hand,0.0,2
all participants,2169,8,right_hand,0.9805,2
all participants,2170,8,left_hand,0.967,2
all participants,2171,8,left_hand,0.0006,2
all participants,2172,8,right_hand,1.0,2
all participants,2173,8,left_hand,0.0,2
all participants,2174,8,left_hand,0.0042,2
all participants,2175,8,left_hand,0.0,2
all participants,2176,8,left_hand,0.0,2
all participants,2177,8,right_hand,0.9994,2
all participants,2178,8,left_hand,0.0005,2
all participants,2179,8,right_hand,0.9972,2
all participants,2180,8,right_hand,0.4065,2
all participants,2181,8,left_hand,0.0,2
all participants,2182,8,right_hand,0.9999,2
all participants,2183,8,right_hand,0.9911,2
all participants,2184,8,right_hand,1.0,2
all participants,2185,8,left_hand,0.0006,2
all participants,2186,8,left_hand,0.0041,2
all participants,2187,8,right_hand,1.0,2
all participants,2188,8,right_hand,0.9054,2
all participants,2189,8,left_hand,0.0,2
all participants,2190,8,left_hand,0.314,2
all participants,2191,8,left_hand,0.0084,2
all participants,2192,8,right_hand,0.9999,2
all participants,2193,8,right_hand,0.9998,2
all participants,2194,8,left_hand,0.0115,2
all participants,2195,8,left_hand,0.0,2
all participants,2196,8,left_hand,0.0002,2
all participants,2197,8,right_hand,1.0,2
all participants,2198,8,left_hand,0.0069,2
all participants,2199,8,right_hand,0.9995,2
all participants,2200,8,right_hand,0.9999,2
all participants,2201,8,left_hand,0.0446,2
all participants,2202,8,right_hand,1.0,2
all participants,2203,8,left_hand,0.4419,2
all participants,2204,8,right_hand,0.4749,2
all participants,2205,8,right_hand,0.9968,2
all participants,2206,8,right_hand,0.997,2
all participants,2207,8,left_hand,0.0182,2
all participants,2208,8,left_hand,0.0001,2
all participants,2209,8,left_hand,0.062,2
all participants,2210,8,right_hand,0.9995,2
all participants,2211,8,left_hand,0.0,2
all participants,2212,8,left_hand,0.0,2
all participants,2213,8,right_hand,0.9984,2
all participants,2214,8,left_hand,0.0,2
all participants,2215,8,left_hand,0.0,2
all participants,2216,8,right_hand,0.5039,2
all participants,2217,8,left_hand,0.0,2
all participants,2218,8,right_hand,1.0,2
all participants,2219,8,right_hand,0.9999,2
all participants,2220,8,left_hand,0.0,2
all participants,2221,8,right_hand,1.0,2
all participants,2222,8,left_hand,0.0002,2
all participants,2223,8,left_hand,0.002,2
all participants,2224,8,right_hand,0.0201,2
all participants,2225,8,left_hand,0.0016,2
all participants,2226,8,right_hand,0.8533,2
all participants,2227,8,right_hand,0.9785,2
all participants,2228,8,right_hand,0.9998,2
all participants,2229,8,right_hand,0.9357,2
all participants,2230,8,right_hand,0.9881,2
all participants,2231,8,left_hand,0.5257,2
all participants,2232,8,right_hand,0.9972,2
all participants,2233,8,left_hand,0.0004,2
all participants,2234,8,left_hand,0.105,2
all participants,2235,8,left_hand,0.0,2
all participants,2236,8,right_hand,0.9861,2
all participants,2237,8,right_hand,1.0,2
all participants,2238,8,left_hand,0.0001,2
all participants,2239,8,right_hand,1.0,2
all participants,2240,8,left_hand,0.0,2
all participants,2241,8,right_hand,0.9999,2
all participants,2242,8,left_hand,0.0,2
all participants,2243,8,right_hand,0.9983,2
all participants,2244,8,right_hand,1.0,2
all participants,2245,8,right_hand,0.9948,2
all participants,2246,8,left_hand,0.096,2
all participants,2247,8,left_hand,0.0,2
all participants,2248,8,right_hand,1.0,2
all participants,2249,8,left_hand,0.0,2
all participants,2250,8,right_hand,1.0,2
all participants,2251,8,right_hand,0.9996,2
all participants,2252,8,left_hand,0.1286,2
all participants,2253,8,left_hand,0.001,2
all participants,2254,8,right_hand,0.9996,2
all participants,2255,8,left_hand,0.0009,2
all participants,2256,8,right_hand,1.0,2
all participants,2257,8,left_hand,0.0,2
all participants,2258,8,left_hand,0.2369,2
all participants,2259,8,right_hand,0.9958,2
all participants,2260,8,left_hand,0.0,2
all participants,2261,8,left_hand,0.0004,2
all participants,2262,8,left_hand,0.0016,2
all participants,2263,8,right_hand,1.0,2
all participants,2264,8,right_hand,0.9999,2
all participants,2265,8,right_hand,0.9999,2
all participants,2266,8,right_hand,1.0,2
all participants,2267,8,left_hand,0.0036,2
all participants,2268,8,right_hand,1.0,2
all participants,2269,8,right_hand,1.0,2
all participants,2270,8,right_hand,0.9958,2
all participants,2271,8,left_hand,0.0,2
all participants,2272,8,left_hand,0.0053,2
all participants,2273,8,left_hand,0.3588,2
all participants,2274,8,left_hand,0.0002,2
all participants,2275,8,left_hand,0.0076,2
all participants,2276,8,right_hand,0.9996,2
all participants,2277,8,left_hand,0.0003,2
all participants,2278,8,right_hand,0.9848,2
all participants,2279,8,right_hand,0.9563,2
all participants,2280,8,left_hand,0.0335,2
all participants,2281,8,right_hand,0.9997,2
all participants,2282,8,left_hand,0.0,2
all participants,2283,8,left_hand,0.0,2
all participants,2284,8,right_hand,0.9999,2
all participants,2285,8,right_hand,0.9982,2
all participants,2286,8,right_hand,0.9994,2
all participants,2287,8,left_hand,0.0,2
all participants,2288,8,right_hand,0.5399,2
all participants,2289,8,right_hand,1.0,2
all participants,2290,8,right_hand,0.9999,2
all participants,2291,8,right_hand,0.9989,2
all participants,2292,8,right_hand,0.9961,2
all participants,2293,8,left_hand,0.0005,2
all participants,2294,8,right_hand,1.0,2
all participants,2295,8,right_hand,0.8786,2
all participants,2296,8,left_hand,0.0,2
all participants,2297,8,left_hand,0.0084,2
all participants,2298,8,left_hand,0.0004,2
all participants,2299,8,left_hand,0.0002,2
all participants,2300,8,left_hand,0.0,2
all participants,2301,8,left_hand,0.3849,2
all participants,2302,8,right_hand,0.9999,2
all participants,2303,8,left_hand,0.0131,2
all participants,2448,9,left_hand,0.0141,2
all participants,2449,9,right_hand,1.0,2
all participants,2450,9,right_hand,1.0,2
all participants,2451,9,left_hand,0.003,2
all participants,2452,9,right_hand,1.0,2
all participants,2453,9,left_hand,0.0011,2
all participants,2454,9,right_hand,1.0,2
all participants,2455,9,right_hand,1.0,2
all participants,2456,9,left_hand,0.3131,2
all participants,2457,9,right_hand,1.0,2
all participants,2458,9,left_hand,0.002,2
all participants,2459,9,left_hand,0.0235,2
all participants,2460,9,right_hand,0.9999,2
all participants,2461,9,left_hand,0.0007,2
all participants,2462,9,left_hand,0.0002,2
all participants,2463,9,left_hand,0.0003,2
all participants,2464,9,left_hand,0.9996,2
all participants,2465,9,right_hand,1.0,2
all participants,2466,9,left_hand,0.0035,2
all participants,2467,9,right_hand,0.9999,2
all participants,2468,9,right_hand,1.0,2
all participants,2469,9,left_hand,0.0025,2
all participants,2470,9,right_hand,1.0,2
all participants,2471,9,right_hand,1.0,2
all participants,2472,9,right_hand,1.0,2
all participants,2473,9,left_hand,0.8358,2
all participants,2474,9,left_hand,0.9478,2
all participants,2475,9,right_hand,1.0,2
all participants,2476,9,right_hand,1.0,2
all participants,2477,9,left_hand,0.0606,2
all participants,2478,9,left_hand,0.456,2
all participants,2479,9,left_hand,0.0044,2
all participants,2480,9,right_hand,0.9994,2
all participants,2481,9,right_hand,0.9999,2
all participants,2482,9,left_hand,0.9988,2
all participants,2483,9,left_hand,0.9974,2
all participants,2484,9,left_hand,0.08,2
all participants,2485,9,right_hand,1.0,2
all participants,2486,9,left_hand,0.0001,2
all participants,2487,9,right_hand,1.0,2
all participants,2488,9,right_hand,0.9993,2
all participants,2489,9,left_hand,0.6511,2
all participants,2490,9,right_hand,1.0,2
all participants,2491,9,left_hand,0.7677,2
all participants,2492,9,right_hand,0.9996,2
all participants,2493,9,right_hand,1.0,2
all participants,2494,9,right_hand,0.8947,2
all participants,2495,9,left_hand,0.9818,2
all participants,2496,9,left_hand,0.8492,2
all participants,2497,9,left_hand,0.4404,2
all participants,2498,9,right_hand,1.0,2
all participants,2499,9,left_hand,0.1914,2
all participants,2500,9,left_hand,0.0035,2
all participants,2501,9,right_hand,0.9972,2
all participants,2502,9,left_hand,0.0,2
all participants,2503,9,left_hand,0.5607,2
all participants,2504,9,right_hand,1.0,2
all participants,2505,9,left_hand,0.0007,2
all participants,2506,9,right_hand,1.0,2
all participants,2507,9,right_hand,0.9934,2
all participants,2508,9,left_hand,0.0336,2
all participants,2509,9,right_hand,0.9999,2
all participants,2510,9,left_hand,0.0149,2
all participants,2511,9,left_hand,0.0188,2
all participants,2512,9,right_hand,1.0,2
all participants,2513,9,left_hand,0.9312,2
all participants,2514,9,right_hand,0.9637,2
all participants,2515,9,right_hand,1.0,2
all participants,2516,9,right_hand,0.9999,2
all participants,2517,9,right_hand,0.655,2
all participants,2518,9,right_hand,0.0536,2
all participants,2519,9,left_hand,0.0002,2
all participants,2520,9,right_hand,0.9996,2
all participants,2521,9,left_hand,0.0,2
all participants,2522,9,left_hand,0.0189,2
all participants,2523,9,left_hand,0.327,2
all participants,2524,9,right_hand,0.9818,2
all participants,2525,9,right_hand,0.2873,2
all participants,2526,9,left_hand,0.9355,2
all participants,2527,9,right_hand,0.0001,2
all participants,2528,9,left_hand,1.0,2
all participants,2529,9,right_hand,0.9961,2
all participants,2530,9,left_hand,0.0,2
all participants,2531,9,right_hand,0.9958,2
all participants,2532,9,right_hand,0.9828,2
all participants,2533,9,right_hand,1.0,2
all participants,2534,9,left_hand,0.0014,2
all participants,2535,9,left_hand,0.0001,2
all participants,2536,9,right_hand,0.9996,2
all participants,2537,9,left_hand,0.9104,2
all participants,2538,9,right_hand,0.9999,2
all participants,2539,9,right_hand,0.8722,2
all participants,2540,9,left_hand,0.8183,2
all participants,2541,9,left_hand,0.0144,2
all participants,2542,9,right_hand,1.0,2
all participants,2543,9,left_hand,0.5303,2
all participants,2544,9,right_hand,0.999,2
all participants,2545,9,left_hand,0.9588,2
all participants,2546,9,left_hand,0.1063,2
all participants,2547,9,right_hand,0.915,2
all participants,2548,9,left_hand,0.0274,2
all participants,2549,9,left_hand,0.0069,2
all participants,2550,9,left_hand,0.0181,2
all participants,2551,9,right_hand,0.9985,2
all participants,2552,9,right_hand,0.187,2
all participants,2553,9,right_hand,0.7485,2
all participants,2554,9,right_hand,0.9993,2
all participants,2555,9,left_hand,0.0008,2
all participants,2556,9,right_hand,0.0318,2
all participants,2557,9,right_hand,0.9966,2
all participants,2558,9,right_hand,0.9626,2
all participants,2559,9,left_hand,0.1113,2
all participants,2560,9,left_hand,0.0,2
all participants,2561,9,left_hand,0.9996,2
all participants,2562,9,left_hand,0.0779,2
all participants,2563,9,left_hand,0.0248,2
all participants,2564,9,right_hand,0.7846,2
all participants,2565,9,left_hand,0.7979,2
all participants,2566,9,right_hand,0.9921,2
all participants,2567,9,right_hand,0.9993,2
all participants,2568,9,left_hand,0.0295,2
all participants,2569,9,right_hand,0.0023,2
all participants,2570,9,left_hand,0.1811,2
all participants,2571,9,left_hand,0.0005,2
all participants,2572,9,right_hand,0.9948,2
all participants,2573,9,right_hand,0.5519,2
all participants,2574,9,right_hand,0.9997,2
all participants,2575,9,left_hand,0.0544,2
all participants,2576,9,right_hand,1.0,2
all participants,2577,9,right_hand,0.9817,2
all participants,2578,9,right_hand,1.0,2
all participants,2579,9,right_hand,0.941,2
all participants,2580,9,right_hand,0.5662,2
all participants,2581,9,left_hand,0.9485,2
all participants,2582,9,right_hand,0.9996,2
all participants,2583,9,right_hand,0.9983,2
all participants,2584,9,left_hand,0.0001,2
all participants,2585,9,left_hand,0.914,2
all participants,2586,9,left_hand,0.0001,2
all participants,2587,9,left_hand,0.2745,2
all participants,2588,9,left_hand,0.0301,2
all participants,2589,9,left_hand,0.0011,2
all participants,2590,9,right_hand,0.9995,2
all participants,2591,9,left_hand,0.0194,2
"all participants, one stage",144,1,left_hand,1.0,2
"all participants, one stage",145,1,right_hand,0.9984,2
"all participants, one stage",146,1,right_hand,0.4111,2
"all participants, one stage",147,1,left_hand,0.0149,2
"all participants, one stage",148,1,right_hand,0.9672,2
"all participants, one stage",149,1,left_hand,0.0004,2
"all participants, one stage",150,1,right_hand,0.012,2
"all participants, one stage",151,1,right_hand,0.9972,2
"all participants, one stage",152,1,left_hand,0.0003,2
"all participants, one stage",153,1,right_hand,0.5203,2
"all participants, one stage",154,1,left_hand,0.0055,2
"all participants, one stage",155,1,left_hand,0.0063,2
"all participants, one stage",156,1,right_hand,0.988,2
"all participants, one stage",157,1,left_hand,0.9663,2
"all participants, one stage",158,1,left_hand,0.9627,2
"all participants, one stage",159,1,left_hand,0.5643,2
"all participants, one stage",160,1,left_hand,0.9711,2
"all participants, one stage",161,1,right_hand,0.9999,2
"all participants, one stage",162,1,left_hand,0.0,2
"all participants, one stage",163,1,right_hand,0.9693,2
"all participants, one stage",164,1,right_hand,0.9963,2
"all participants, one stage",165,1,left_hand,0.0,2
"all participants, one stage",166,1,right_hand,0.9988,2
"all participants, one stage",167,1,right_hand,0.0375,2
"all participants, one stage",168,1,right_hand,0.2562,2
"all participants, one stage",169,1,left_hand,0.9955,2
"all participants, one stage",170,1,left_hand,0.201,2
"all participants, one stage",171,1,right_hand,0.3042,2
"all participants, one stage",172,1,right_hand,0.2302,2
"all participants, one stage",173,1,left_hand,0.0001,2
"all participants, one stage",174,1,left_hand,0.0184,2
"all participants, one stage",175,1,left_hand,0.5245,2
"all participants, one stage",176,1,right_hand,0.9998,2
"all participants, one stage",177,1,right_hand,0.7862,2
"all participants, one stage",178,1,left_hand,0.9854,2
"all participants, one stage",179,1,left_hand,0.0133,2
"all participants, one stage",180,1,left_hand,0.061,2
"all participants, one stage",181,1,right_hand,0.9998,2
"all participants, one stage",182,1,left_hand,0.0455,2
"all participants, one stage",183,1,right_hand,0.3162,2
"all participants, one stage",184,1,right_hand,0.9999,2
"all participants, one stage",185,1,left_hand,1.0,2
"all participants, one stage",186,1,right_hand,0.9997,2
"all participants, one stage",187,1,left_hand,0.8372,2
"all participants, one stage",188,1,right_hand,0.7512,2
"all participants, one stage",189,1,right_hand,0.0144,2
"all participants, one stage",190,1,right_hand,0.9998,2
"all participants, one stage",191,1,left_hand,0.0,2
"all participants, one stage",192,1,left_hand,0.0,2
"all participants, one stage",193,1,left_hand,0.0467,2
"all participants, one stage",194,1,right_hand,0.9695,2
"all participants, one stage",195,1,left_hand,0.9776,2
"all participants, one stage",196,1,left_hand,0.0007,2
"all participants, one stage",197,1,right_hand,0.9873,2
"all participants, one stage",198,1,left_hand,0.0014,2
"all participants, one stage",199,1,left_hand,0.9665,2
"all participants, one stage",200,1,right_hand,0.9999,2
"all participants, one stage",201,1,left_hand,0.0076,2
"all participants, one stage",202,1,right_hand,0.0026,2
"all participants, one stage",203,1,right_hand,0.002,2
"all participants, one stage",204,1,left_hand,0.7357,2
"all participants, one stage",205,1,right_hand,0.0008,2
"all participants, one stage",206,1,left_hand,0.0233,2
"all participants, one stage",207,1,left_hand,0.0,2
"all participants, one stage",208,1,right_hand,1.0,2
"all participants, one stage",209,1,left_hand,0.0,2
"all participants, one stage",210,1,right_hand,0.0001,2
"all participants, one stage",211,1,right_hand,0.0664,2
"all participants, one stage",212,1,right_hand,0.7665,2
"all participants, one stage",213,1,right_hand,0.7529,2
"all participants, one stage",214,1,right_hand,0.883,2
"all participants, one stage",215,1,left_hand,0.9789,2
"all participants, one stage",216,1,right_hand,0.0036,2
"all participants, one stage",217,1,left_hand,0.9203,2
"all participants, one stage",218,1,left_hand,0.0008,2
"all participants, one stage",219,1,left_hand,0.0003,2
"all participants, one stage",220,1,right_hand,0.9997,2
"all participants, one stage",221,1,right_hand,0.0519,2
"all participants, one stage",222,1,left_hand,0.3025,2
"all participants, one stage",223,1,right_hand,0.0023,2
"all participants, one stage",224,1,left_hand,0.7847,2
"all participants, one stage",225,1,right_hand,0.0271,2
"all participants, one stage",226,1,left_hand,0.8437,2
"all participants, one stage",227,1,right_hand,0.9714,2
"all participants, one stage",228,1,right_hand,0.003,2
"all participants, one stage",229,1,right_hand,0.4226,2
"all participants, one stage",230,1,left_hand,0.9978,2
"all participants, one stage",231,1,left_hand,0.0006,2
"all participants, one stage",232,1,right_hand,0.9949,2
"all participants, one stage",233,1,left_hand,0.1579,2
"all participants, one stage",234,1,right_hand,0.2788,2
"all participants, one stage",235,1,right_hand,0.9904,2
"all participants, one stage",236,1,left_hand,0.0003,2
"all participants, one stage",237,1,left_hand,0.9976,2
"all participants, one stage",238,1,right_hand,0.8771,2
"all participants, one stage",239,1,left_hand,0.003,2
"all participants, one stage",240,1,right_hand,0.9997,2
"all participants, one stage",241,1,left_hand,0.987,2
"all participants, one stage",242,1,left_hand,0.0037,2
"all participants, one stage",243,1,right_hand,0.0572,2
"all participants, one stage",244,1,left_hand,0.9947,2
"all participants, one stage",245,1,left_hand,0.3099,2
"all participants, one stage",246,1,left_hand,0.9222,2
"all participants, one stage",247,1,right_hand,0.2306,2
"all participants, one stage",248,1,right_hand,0.0002,2
"all participants, one stage",249,1,right_hand,0.8383,2
"all participants, one stage",250,1,right_hand,0.9977,2
"all participants, one stage",251,1,left_hand,0.0,2
"all participants, one stage",252,1,right_hand,0.9982,2
"all participants, one stage",253,1,right_hand,0.0001,2
"all participants, one stage",254,1,right_hand,0.0003,2
"all participants, one stage",255,1,left_hand,0.1459,2
"all participants, one stage",256,1,left_hand,0.9516,2
"all participants, one stage",257,1,left_hand,0.2052,2
"all participants, one stage",258,1,left_hand,0.0005,2
"all participants, one stage",259,1,left_hand,0.0217,2
"all participants, one stage",260,1,right_hand,0.6057,2
"all participants, one stage",261,1,left_hand,0.0054,2
"all participants, one stage",262,1,right_hand,1.0,2
"all participants, one stage",263,1,right_hand,0.453,2
"all participants, one stage",264,1,left_hand,0.7896,2
"all participants, one stage",265,1,right_hand,0.9997,2
"all participants, one stage",266,1,left_hand,0.993,2
"all participants, one stage",267,1,left_hand,0.0066,2
"all participants, one stage",268,1,right_hand,0.1137,2
"all participants, one stage",269,1,right_hand,0.9159,2
"all participants, one stage",270,1,right_hand,0.9754,2
"all participants, one stage",271,1,left_hand,0.0481,2
"all participants, one stage",272,1,right_hand,0.7323,2
"all participants, one stage",273,1,right_hand,0.9318,2
"all participants, one stage",274,1,right_hand,0.9669,2
"all participants, one stage",275,1,right_hand,0.995,2
"all participants, one stage",276,1,right_hand,0.0111,2
"all participants, one stage",277,1,left_hand,0.0004,2
"all participants, one stage",278,1,right_hand,0.0151,2
"all participants, one stage",279,1,right_hand,0.0004,2
"all participants, one stage",280,1,left_hand,0.0005,2
"all participants, one stage",281,1,left_hand,0.8308,2
"all participants, one stage",282,1,left_hand,0.8847,2
"all participants, one stage",283,1,left_hand,0.0689,2
"all participants, one stage",284,1,left_hand,0.8879,2
"all participants, one stage",285,1,left_hand,0.0002,2
"all participants, one stage",286,1,right_hand,0.9931,2
"all participants, one stage",287,1,left_hand,0.0,2
"all participants, one stage",432,2,left_hand,0.7369,2
"all participants, one stage",433,2,right_hand,0.8663,2
"all participants, one stage",434,2,right_hand,0.1471,2
"all participants, one stage",435,2,left_hand,0.8245,2
"all participants, one stage",436,2,right_hand,0.0041,2
"all participants, one stage",437,2,left_hand,0.0007,2
"all participants, one stage",438,2,right_hand,0.86,2
"all participants, one stage",439,2,right_hand,0.0152,2
"all participants, one stage",440,2,left_hand,0.3641,2
"all participants, one stage",441,2,right_hand,0.9985,2
"all participants, one stage",442,2,left_hand,0.8747,2
"all participants, one stage",443,2,left_hand,0.7273,2
"all participants, one stage",444,2,right_hand,0.0074,2
"all participants, one stage",445,2,left_hand,0.9785,2
"all participants, one stage",446,2,left_hand,0.0007,2
"all participants, one stage",447,2,left_hand,0.9392,2
"all participants, one stage",448,2,left_hand,0.9995,2
"all participants, one stage",449,2,right_hand,0.0705,2
"all participants, one stage",450,2,left_hand,0.9461,2
"all participants, one stage",451,2,right_hand,0.027,2
"all participants, one stage",452,2,right_hand,0.9153,2
"all participants, one stage",453,2,left_hand,0.0,2
"all participants, one stage",454,2,right_hand,0.9685,2
"all participants, one stage",455,2,right_hand,0.4365,2
"all participants, one stage",456,2,right_hand,0.0002,2
"all participants, one stage",457,2,left_hand,0.0007,2
"all participants, one stage",458,2,left_hand,0.0047,2
"all participants, one stage",459,2,right_hand,0.815,2
"all participants, one stage",460,2,right_hand,0.988,2
"all participants, one stage",461,2,left_hand,0.0478,2
"all participants, one stage",462,2,left_hand,0.1088,2
"all participants, one stage",463,2,left_hand,0.0,2
"all participants, one stage",464,2,right_hand,0.8582,2
"all participants, one stage",465,2,right_hand,0.0,2
"all participants, one stage",466,2,left_hand,0.0001,2
"all participants, one stage",467,2,left_hand,0.0084,2
"all participants, one stage",468,2,left_hand,0.7084,2
"all participants, one stage",469,2,right_hand,0.9998,2
"all participants, one stage",470,2,left_hand,0.0,2
"all participants, one stage",471,2,right_hand,0.9592,2
"all participants, one stage",472,2,right_hand,0.0005,2
"all participants, one stage",473,2,left_hand,0.3121,2
"all participants, one stage",474,2,right_hand,0.9898,2
"all participants, one stage",475,2,left_hand,0.7596,2
"all participants, one stage",476,2,right_hand,1.0,2
"all participants, one stage",477,2,right_hand,0.0484,2
"all participants, one stage",478,2,right_hand,0.0873,2
"all participants, one stage",479,2,left_hand,0.0544,2
"all participants, one stage",480,2,left_hand,0.0018,2
"all participants, one stage",481,2,left_hand,0.0007,2
"all participants, one stage",482,2,right_hand,0.842,2
"all participants, one stage",483,2,left_hand,0.0033,2
"all participants, one stage",484,2,left_hand,0.9234,2
"all participants, one stage",485,2,right_hand,0.0074,2
"all participants, one stage",486,2,left_hand,0.0,2
"all participants, one stage",487,2,left_hand,0.0002,2
"all participants, one stage",488,2,right_hand,0.0015,2
"all participants, one stage",489,2,left_hand,0.0,2
"all participants, one stage",490,2,right_hand,0.9601,2
"all participants, one stage",491,2,right_hand,0.0202,2
"all participants, one stage",492,2,left_hand,0.0082,2
"all participants, one stage",493,2,right_hand,0.001,2
"all participants, one stage",494,2,left_hand,0.0026,2
"all participants, one stage",495,2,left_hand,0.3699,2
"all participants, one stage",496,2,right_hand,0.3037,2
"all participants, one stage",497,2,left_hand,0.0,2
"all participants, one stage",498,2,right_hand,0.8977,2
"all participants, one stage",499,2,right_hand,0.0027,2
"all participants, one stage",500,2,right_hand,0.9918,2
"all participants, one stage",501,2,right_hand,0.0103,2
"all participants, one stage",502,2,right_hand,0.9163,2
"all participants, one stage",503,2,left_hand,0.0057,2
"all participants, one stage",504,2,right_hand,0.9988,2
"all participants, one stage",505,2,left_hand,0.0064,2
"all participants, one stage",506,2,left_hand,0.0,2
"all participants, one stage",507,2,left_hand,0.0061,2
"all participants, one stage",508,2,right_hand,0.7321,2
"all participants, one stage",509,2,right_hand,0.187,2
"all participants, one stage",510,2,left_hand,0.0003,2
"all participants, one stage",511,2,right_hand,0.0001,2
"all participants, one stage",512,2,left_hand,0.0029,2
"all participants, one stage",513,2,right_hand,0.8063,2
"all participants, one stage",514,2,left_hand,0.0019,2
"all participants, one stage",515,2,right_hand,0.0545,2
"all participants, one stage",516,2,right_hand,0.6405,2
"all participants, one stage",517,2,right_hand,0.0639,2
"all participants, one stage",518,2,left_hand,0.0072,2
"all participants, one stage",519,2,left_hand,0.9632,2
"all participants, one stage",520,2,right_hand,0.3301,2
"all participants, one stage",521,2,left_hand,0.5907,2
"all participants, one stage",522,2,right_hand,0.9365,2
"all participants, one stage",523,2,right_hand,0.9991,2
"all participants, one stage",524,2,left_hand,0.0659,2
"all participants, one stage",525,2,left_hand,0.0013,2
"all participants, one stage",526,2,right_hand,0.999,2
"all participants, one stage",527,2,left_hand,0.001,2
"all participants, one stage",528,2,right_hand,0.0003,2
"all participants, one stage",529,2,left_hand,0.0061,2
"all participants, one stage",530,2,left_hand,0.0,2
"all participants, one stage",531,2,right_hand,0.982,2
"all participants, one stage",532,2,left_hand,0.0068,2
"all participants, one stage",533,2,left_hand,0.0,2
"all participants, one stage",534,2,left_hand,0.0,2
"all participants, one stage",535,2,right_hand,0.0211,2
"all participants, one stage",536,2,right_hand,0.0239,2
"all participants, one stage",537,2,right_hand,0.9996,2
"all participants, one stage",538,2,right_hand,0.4968,2
"all participants, one stage",539,2,left_hand,0.0,2
"all participants, one stage",540,2,right_hand,0.0063,2
"all participants, one stage",541,2,right_hand,0.3899,2
"all participants, one stage",542,2,right_hand,0.4497,2
"all participants, one stage",543,2,left_hand,0.001,2
"all participants, one stage",544,2,left_hand,0.001,2
"all participants, one stage",545,2,left_hand,0.6916,2
"all participants, one stage",546,2,left_hand,0.5074,2
"all participants, one stage",547,2,left_hand,0.0,2
"all participants, one stage",548,2,right_hand,0.0478,2
"all participants, one stage",549,2,left_hand,0.4813,2
"all participants, one stage",550,2,right_hand,0.9832,2
"all participants, one stage",551,2,right_hand,0.9888,2
"all participants, one stage",552,2,left_hand,0.0,2
"all participants, one stage",553,2,right_hand,0.9969,2
"all participants, one stage",554,2,left_hand,0.0535,2
"all participants, one stage",555,2,left_hand,0.0001,2
"all participants, one stage",556,2,right_hand,0.9997,2
"all participants, one stage",557,2,right_hand,1.0,2
"all participants, one stage",558,2,right_hand,0.9988,2
"all participants, one stage",559,2,left_hand,0.6023,2
"all participants, one stage",560,2,right_hand,0.0007,2
"all participants, one stage",561,2,right_hand,0.9999,2
"all participants, one stage",562,2,right_hand,0.0003,2
"all participants, one stage",563,2,right_hand,0.0413,2
"all participants, one stage",564,2,right_hand,0.0031,2
"all participants, one stage",565,2,left_hand,0.0004,2
"all participants, one stage",566,2,right_hand,0.9917,2
"all participants, one stage",567,2,right_hand,0.0,2
"all participants, one stage",568,2,left_hand,0.0024,2
"all participants, one stage",569,2,left_hand,0.2426,2
"all participants, one stage",570,2,left_hand,0.9921,2
"all participants, one stage",571,2,left_hand,0.9236,2
"all participants, one stage",572,2,left_hand,0.0032,2
"all participants, one stage",573,2,left_hand,0.0083,2
"all participants, one stage",574,2,right_hand,0.0019,2
"all participants, one stage",575,2,left_hand,0.0002,2
"all participants, one stage",720,3,left_hand,0.5401,2
"all participants, one stage",721,3,right_hand,0.9942,2
"all participants, one stage",722,3,right_hand,1.0,2
"all participants, one stage",723,3,left_hand,0.0042,2
"all participants, one stage",724,3,right_hand,0.0077,2
"all participants, one stage",725,3,left_hand,0.0027,2
"all participants, one stage",726,3,right_hand,0.8952,2
"all participants, one stage",727,3,right_hand,0.9628,2
"all participants, one stage",728,3,left_hand,0.0095,2
"all participants, one stage",729,3,right_hand,0.9955,2
"all participants, one stage",730,3,left_hand,0.8677,2
"all participants, one stage",731,3,left_hand,0.6271,2
"all participants, one stage",732,3,right_hand,0.0008,2
"all participants, one stage",733,3,left_hand,0.0675,2
"all participants, one stage",734,3,left_hand,0.001,2
"all participants, one stage",735,3,left_hand,0.9804,2
"all participants, one stage",736,3,left_hand,0.0001,2
"all participants, one stage",737,3,right_hand,0.385,2
"all participants, one stage",738,3,left_hand,0.0064,2
"all participants, one stage",739,3,right_hand,0.9692,2
"all participants, one stage",740,3,right_hand,0.9166,2
"all participants, one stage",741,3,left_hand,0.0001,2
"all participants, one stage",742,3,right_hand,0.0087,2
"all participants, one stage",743,3,right_hand,0.9661,2
"all participants, one stage",744,3,right_hand,0.0117,2
"all participants, one stage",745,3,left_hand,0.0024,2
"all participants, one stage",746,3,left_hand,0.3267,2
"all participants, one stage",747,3,right_hand,0.2179,2
"all participants, one stage",748,3,right_hand,0.9999,2
"all participants, one stage",749,3,left_hand,0.9984,2
"all participants, one stage",750,3,left_hand,1.0,2
"all participants, one stage",751,3,left_hand,0.0,2
"all participants, one stage",752,3,right_hand,0.9968,2
"all participants, one stage",753,3,right_hand,0.9652,2
"all participants, one stage",754,3,left_hand,0.1307,2
"all participants, one stage",755,3,left_hand,0.0003,2
"all participants, one stage",756,3,left_hand,0.0,2
"all participants, one stage",757,3,right_hand,0.0192,2
"all participants, one stage",758,3,left_hand,0.0008,2
"all participants, one stage",759,3,right_hand,0.9995,2
"all participants, one stage",760,3,right_hand,0.002,2
"all participants, one stage",761,3,left_hand,0.029,2
"all participants, one stage",762,3,right_hand,0.8926,2
"all participants, one stage",763,3,left_hand,0.9742,2
"all participants, one stage",764,3,right_hand,0.0016,2
"all participants, one stage",765,3,right_hand,0.9709,2
"all participants, one stage",766,3,right_hand,0.9999,2
"all participants, one stage",767,3,left_hand,0.001,2
"all participants, one stage",768,3,left_hand,0.0001,2
"all participants, one stage",769,3,left_hand,0.0309,2
"all participants, one stage",770,3,right_hand,0.9995,2
"all participants, one stage",771,3,left_hand,0.0,2
"all participants, one stage",772,3,left_hand,0.0,2
"all participants, one stage",773,3,right_hand,0.1323,2
"all participants, one stage",774,3,left_hand,0.9911,2
"all participants, one stage",775,3,left_hand,0.0878,2
"all participants, one stage",776,3,right_hand,0.4346,2
"all participants, one stage",777,3,left_hand,0.9576,2
"all participants, one stage",778,3,right_hand,0.997,2
"all participants, one stage",779,3,right_hand,0.0303,2
"all participants, one stage",780,3,left_hand,0.5972,2
"all participants, one stage",781,3,right_hand,0.9936,2
"all participants, one stage",782,3,left_hand,0.0089,2
"all participants, one stage",783,3,left_hand,0.9998,2
"all participants, one stage",784,3,right_hand,0.9997,2
"all participants, one stage",785,3,left_hand,0.5755,2
"all participants, one stage",786,3,right_hand,0.9999,2
"all participants, one stage",787,3,right_hand,0.9716,2
"all participants, one stage",788,3,right_hand,1.0,2
"all participants, one stage",789,3,right_hand,0.8772,2
"all participants, one stage",790,3,right_hand,0.9999,2
"all participants, one stage",791,3,left_hand,0.007,2
"all participants, one stage",792,3,right_hand,0.9998,2
"all participants, one stage",793,3,left_hand,0.0009,2
"all participants, one stage",794,3,left_hand,0.9995,2
"all participants, one stage",795,3,left_hand,0.9895,2
"all participants, one stage",796,3,right_hand,0.9994,2
"all participants, one stage",797,3,right_hand,1.0,2
"all participants, one stage",798,3,left_hand,0.6286,2
"all participants, one stage",799,3,right_hand,0.9997,2
"all participants, one stage",800,3,left_hand,0.0422,2
"all participants, one stage",801,3,right_hand,0.0631,2
"all participants, one stage",802,3,left_hand,0.6926,2
"all participants, one stage",803,3,right_hand,0.945,2
"all participants, one stage",804,3,right_hand,0.9949,2
"all participants, one stage",805,3,right_hand,1.0,2
"all participants, one stage",806,3,left_hand,0.197,2
"all participants, one stage",807,3,left_hand,0.9684,2
"all participants, one stage",808,3,right_hand,0.8676,2
"all participants, one stage",809,3,left_hand,0.0017,2
"all participants, one stage",810,3,right_hand,0.9756,2
"all participants, one stage",811,3,right_hand,0.0002,2
"all participants, one stage",812,3,left_hand,0.9976,2
"all participants, one stage",813,3,left_hand,0.9987,2
"all participants, one stage",814,3,right_hand,1.0,2
"all participants, one stage",815,3,left_hand,0.0,2
"all participants, one stage",816,3,right_hand,1.0,2
"all participants, one stage",817,3,left_hand,0.0124,2
"all participants, one stage",818,3,left_hand,0.0,2
"all participants, one stage",819,3,right_hand,0.9763,2
"all participants, one stage",820,3,left_hand,0.1496,2
"all participants, one stage",821,3,left_hand,0.0106,2
"all participants, one stage",822,3,left_hand,0.2335,2
"all participants, one stage",823,3,right_hand,0.8934,2
"all participants, one stage",824,3,right_hand,0.7329,2
"all participants, one stage",825,3,right_hand,0.9996,2
"all participants, one stage",826,3,right_hand,0.092,2
"all participants, one stage",827,3,left_hand,0.9324,2
"all participants, one stage",828,3,right_hand,0.0829,2
"all participants, one stage",829,3,right_hand,1.0,2
"all participants, one stage",830,3,right_hand,0.9981,2
"all participants, one stage",831,3,left_hand,0.9993,2
"all participants, one stage",832,3,left_hand,0.001,2
"all participants, one stage",833,3,left_hand,0.9907,2
"all participants, one stage",834,3,left_hand,0.0012,2
"all participants, one stage",835,3,left_hand,0.0514,2
"all participants, one stage",836,3,right_hand,0.0268,2
"all participants, one stage",837,3,left_hand,0.0,2
"all participants, one stage",838,3,right_hand,0.9998,2
"all participants, one stage",839,3,right_hand,0.9941,2
"all participants, one stage",840,3,left_hand,0.0,2
"all participants, one stage",841,3,right_hand,0.7844,2
"all participants, one stage",842,3,left_hand,0.0415,2
"all participants, one stage",843,3,left_hand,0.2903,2
"all participants, one stage",844,3,right_hand,0.9978,2
"all participants, one stage",845,3,right_hand,0.9843,2
"all participants, one stage",846,3,right_hand,0.0001,2
"all participants, one stage",847,3,left_hand,0.6561,2
"all participants, one stage",848,3,right_hand,0.0127,2
"all participants, one stage",849,3,right_hand,1.0,2
"all participants, one stage",850,3,right_hand,0.0039,2
"all participants, one stage",851,3,right_hand,1.0,2
"all participants, one stage",852,3,right_hand,0.9554,2
"all participants, one stage",853,3,left_hand,0.9987,2
"all participants, one stage",854,3,right_hand,0.7499,2
"all participants, one stage",855,3,right_hand,0.1296,2
"all participants, one stage",856,3,left_hand,1.0,2
"all participants, one stage",857,3,left_hand,0.0,2
"all participants, one stage",858,3,left_hand,0.0533,2
"all participants, one stage",859,3,left_hand,0.8753,2
"all participants, one stage",860,3,left_hand,0.0,2
"all participants, one stage",861,3,left_hand,1.0,2
"all participants, one stage",862,3,right_hand,0.9933,2
"all participants, one stage",863,3,left_hand,0.0047,2
"all participants, one stage",1008,4,right_hand,0.9994,2
"all participants, one stage",1009,4,left_hand,0.0302,2
"all participants, one stage",1010,4,left_hand,0.0367,2
"all participants, one stage",1011,4,right_hand,0.8807,2
"all participants, one stage",1012,4,right_hand,0.998,2
"all participants, one stage",1013,4,left_hand,0.0307,2
"all participants, one stage",1014,4,left_hand,0.5321,2
"all participants, one stage",1015,4,left_hand,0.011,2
"all participants, one stage",1016,4,right_hand,0.051,2
"all participants, one stage",1017,4,right_hand,1.0,2
"all participants, one stage",1018,4,left_hand,0.9999,2
"all participants, one stage",1019,4,left_hand,0.4412,2
"all participants, one stage",1020,4,left_hand,0.9986,2
"all participants, one stage",1021,4,right_hand,0.9978,2
"all participants, one stage",1022,4,left_hand,0.5648,2
"all participants, one stage",1023,4,right_hand,0.8866,2
"all participants, one stage",1024,4,right_hand,0.9728,2
"all participants, one stage",1025,4,left_hand,0.0,2
"all participants, one stage",1026,4,right_hand,0.0117,2
"all participants, one stage",1027,4,left_hand,0.0249,2
"all participants, one stage",1028,4,right_hand,0.0,2
"all participants, one stage",1029,4,right_hand,0.2926,2
"all participants, one stage",1030,4,right_hand,0.9978,2
"all participants, one stage",1031,4,left_hand,0.588,2
"all participants, one stage",1032,4,left_hand,0.0439,2
"all participants, one stage",1033,4,left_hand,0.9491,2
"all participants, one stage",1034,4,right_hand,0.9703,2
"all participants, one stage",1035,4,left_hand,0.0291,2
"all participants, one stage",1036,4,left_hand,0.0299,2
"all participants, one stage",1037,4,right_hand,0.0119,2
"all participants, one stage",1038,4,left_hand,0.1342,2
"all participants, one stage",1039,4,left_hand,0.5618,2
"all participants, one stage",1040,4,right_hand,1.0,2
"all participants, one stage",1041,4,left_hand,0.7382,2
"all participants, one stage",1042,4,right_hand,0.9965,2
"all participants, one stage",1043,4,right_hand,0.9999,2
"all participants, one stage",1044,4,left_hand,0.9965,2
"all participants, one stage",1045,4,right_hand,0.9893,2
"all participants, one stage",1046,4,left_hand,0.2077,2
"all participants, one stage",1047,4,left_hand,0.6773,2
"all participants, one stage",1048,4,right_hand,0.0122,2
"all participants, one stage",1049,4,left_hand,0.0136,2
"all participants, one stage",1050,4,right_hand,0.9996,2
"all participants, one stage",1051,4,right_hand,0.9621,2
"all participants, one stage",1052,4,right_hand,0.0068,2
"all participants, one stage",1053,4,right_hand,0.9786,2
"all participants, one stage",1054,4,right_hand,0.999,2
"all participants, one stage",1055,4,left_hand,0.0,2
"all participants, one stage",1056,4,right_hand,0.0405,2
"all participants, one stage",1057,4,left_hand,0.0012,2
"all participants, one stage",1058,4,left_hand,1.0,2
"all participants, one stage",1059,4,left_hand,0.704,2
"all participants, one stage",1060,4,right_hand,1.0,2
"all participants, one stage",1061,4,right_hand,0.9846,2
"all participants, one stage",1062,4,left_hand,0.9592,2
"all participants, one stage",1063,4,right_hand,0.9999,2
"all participants, one stage",1064,4,left_hand,0.0002,2
"all participants, one stage",1065,4,right_hand,0.0056,2
"all participants, one stage",1066,4,left_hand,0.9974,2
"all participants, one stage",1067,4,right_hand,1.0,2
"all participants, one stage",1068,4,right_hand,0.2994,2
"all participants, one stage",1069,4,right_hand,0.1624,2
"all participants, one stage",1070,4,left_hand,0.9712,2
"all participants, one stage",1071,4,left_hand,0.0107,2
"all participants, one stage",1072,4,right_hand,0.9989,2
"all participants, one stage",1073,4,left_hand,0.0013,2
"all participants, one stage",1074,4,right_hand,0.9699,2
"all participants, one stage",1075,4,right_hand,0.0005,2
"all participants, one stage",1076,4,left_hand,0.0089,2
"all participants, one stage",1077,4,left_hand,0.0,2
"all participants, one stage",1078,4,right_hand,0.9993,2
"all participants, one stage",1079,4,left_hand,0.9702,2
"all participants, one stage",1080,4,right_hand,0.9994,2
"all participants, one stage",1081,4,left_hand,0.0076,2
"all participants, one stage",1082,4,left_hand,0.0012,2
"all participants, one stage",1083,4,right_hand,0.0001,2
"all participants, one stage",1084,4,left_hand,0.969,2
"all participants, one stage",1085,4,left_hand,0.4409,2
"all participants, one stage",1086,4,left_hand,0.0478,2
"all participants, one stage",1087,4,right_hand,0.9999,2
"all participants, one stage",1088,4,right_hand,0.0617,2
"all participants, one stage",1089,4,right_hand,1.0,2
"all participants, one stage",1090,4,right_hand,0.9917,2
"all participants, one stage",1091,4,left_hand,0.4677,2
"all participants, one stage",1092,4,right_hand,0.5687,2
"all participants, one stage",1093,4,right_hand,0.9965,2
"all participants, one stage",1094,4,right_hand,0.9997,2
"all participants, one stage",1095,4,left_hand,0.0183,2
"all participants, one stage",1096,4,left_hand,0.9968,2
"all participants, one stage",1097,4,left_hand,0.0177,2
"all participants, one stage",1098,4,left_hand,0.0774,2
"all participants, one stage",1099,4,left_hand,0.9917,2
"all participants, one stage",1100,4,right_hand,0.9832,2
"all participants, one stage",1101,4,left_hand,0.0017,2
"all participants, one stage",1102,4,right_hand,0.96,2
"all participants, one stage",1103,4,right_hand,0.0475,2
"all participants, one stage",1104,4,left_hand,0.996,2
"all participants, one stage",1105,4,right_hand,0.9999,2
"all participants, one stage",1106,4,left_hand,0.9788,2
"all participants, one stage",1107,4,left_hand,0.2659,2
"all participants, one stage",1108,4,right_hand,0.0831,2
"all participants, one stage",1109,4,right_hand,0.0537,2
"all participants, one stage",1110,4,right_hand,0.9999,2
"all participants, one stage",1111,4,left_hand,0.1086,2
"all participants, one stage",1112,4,right_hand,0.2838,2
"all participants, one stage",1113,4,right_hand,0.0,2
"all participants, one stage",1114,4,right_hand,1.0,2
"all participants, one stage",1115,4,right_hand,0.9755,2
"all participants, one stage",1116,4,right_hand,0.9971,2
"all participants, one stage",1117,4,left_hand,0.9273,2
"all participants, one stage",1118,4,right_hand,0.0365,2
"all participants, one stage",1119,4,right_hand,0.9997,2
"all participants, one stage",1120,4,left_hand,0.028,2
"all participants, one stage",1121,4,left_hand,0.0044,2
"all participants, one stage",1122,4,left_hand,0.9999,2
"all participants, one stage",1123,4,left_hand,0.999,2
"all participants, one stage",1124,4,left_hand,0.1347,2
"all participants, one stage",1125,4,left_hand,0.0481,2
"all participants, one stage",1126,4,right_hand,0.9997,2
"all participants, one stage",1127,4,left_hand,0.1298,2
"all participants, one stage",1128,4,left_hand,0.0006,2
"all participants, one stage",1129,4,right_hand,0.9616,2
"all participants, one stage",1130,4,right_hand,0.811,2
"all participants, one stage",1131,4,left_hand,0.2072,2
"all participants, one stage",1132,4,right_hand,0.9994,2
"all participants, one stage",1133,4,right_hand,0.9878,2
"all participants, one stage",1134,4,right_hand,0.9933,2
"all participants, one stage",1135,4,right_hand,0.9998,2
"all participants, one stage",1136,4,right_hand,0.2433,2
"all participants, one stage",1137,4,left_hand,0.4856,2
"all participants, one stage",1138,4,left_hand,0.0002,2
"all participants, one stage",1139,4,left_hand,0.9995,2
"all participants, one stage",1140,4,left_hand,0.044,2
"all participants, one stage",1141,4,right_hand,0.9939,2
"all participants, one stage",1142,4,right_hand,0.9999,2
"all participants, one stage",1143,4,left_hand,0.5134,2
"all participants, one stage",1144,4,left_hand,1.0,2
"all participants, one stage",1145,4,left_hand,0.0,2
"all participants, one stage",1146,4,right_hand,0.0985,2
"all participants, one stage",1147,4,right_hand,0.4939,2
"all participants, one stage",1148,4,left_hand,0.0,2
"all participants, one stage",1149,4,left_hand,0.0216,2
"all participants, one stage",1150,4,right_hand,0.9999,2
"all participants, one stage",1151,4,left_hand,0.998,2
"all participants, one stage",1296,5,left_hand,0.0004,2
"all participants, one stage",1297,5,right_hand,0.9843,2
"all participants, one stage",1298,5,right_hand,0.1303,2
"all participants, one stage",1299,5,left_hand,0.0083,2
"all participants, one stage",1300,5,right_hand,0.0025,2
"all participants, one stage",1301,5,left_hand,0.0001,2
"all participants, one stage",1302,5,right_hand,0.799,2
"all participants, one stage",1303,5,right_hand,0.7886,2
"all participants, one stage",1304,5,left_hand,0.4796,2
"all participants, one stage",1305,5,right_hand,0.0006,2
"all participants, one stage",1306,5,left_hand,0.0,2
"all participants, one stage",1307,5,left_hand,0.0006,2
"all participants, one stage",1308,5,right_hand,0.0497,2
"all participants, one stage",1309,5,left_hand,0.9993,2
"all participants, one stage",1310,5,left_hand,0.0004,2
"all participants, one stage",1311,5,left_hand,0.0186,2
"all participants, one stage",1312,5,left_hand,0.0,2
"all participants, one stage",1313,5,right_hand,0.9929,2
"all participants, one stage",1314,5,left_hand,0.0,2
"all participants, one stage",1315,5,right_hand,0.0005,2
"all participants, one stage",1316,5,right_hand,0.9986,2
"all participants, one stage",1317,5,left_hand,0.0036,2
"all participants, one stage",1318,5,right_hand,0.0198,2
"all participants, one stage",1319,5,right_hand,0.0025,2
"all participants, one stage",1320,5,right_hand,0.8372,2
"all participants, one stage",1321,5,left_hand,0.9989,2
"all participants, one stage",1322,5,left_hand,0.0,2
"all participants, one stage",1323,5,right_hand,0.9908,2
"all participants, one stage",1324,5,right_hand,0.6135,2
"all participants, one stage",1325,5,left_hand,0.0084,2
"all participants, one stage",1326,5,left_hand,0.0007,2
"all participants, one stage",1327,5,left_hand,0.0,2
"all participants, one stage",1328,5,right_hand,0.1981,2
"all participants, one stage",1329,5,right_hand,0.9917,2
"all participants, one stage",1330,5,left_hand,0.0001,2
"all participants, one stage",1331,5,left_hand,0.092,2
"all participants, one stage",1332,5,left_hand,0.0,2
"all participants, one stage",1333,5,right_hand,0.0013,2
"all participants, one stage",1334,5,left_hand,0.0,2
"all participants, one stage",1335,5,right_hand,0.7073,2
"all participants, one stage",1336,5,right_hand,0.9857,2
"all participants, one stage",1337,5,left_hand,0.0001,2
"all participants, one stage",1338,5,right_hand,0.9902,2
"all participants, one stage",1339,5,left_hand,0.0018,2
"all participants, one stage",1340,5,right_hand,0.8101,2
"all participants, one stage",1341,5,right_hand,0.0143,2
"all participants, one stage",1342,5,right_hand,0.0193,2
"all participants, one stage",1343,5,left_hand,0.9842,2
"all participants, one stage",1344,5,left_hand,0.0819,2
"all participants, one stage",1345,5,left_hand,0.0003,2
"all participants, one stage",1346,5,right_hand,0.0051,2
"all participants, one stage",1347,5,left_hand,0.0,2
"all participants, one stage",1348,5,left_hand,0.0,2
"all participants, one stage",1349,5,right_hand,0.0,2
"all participants, one stage",1350,5,left_hand,0.0,2
"all participants, one stage",1351,5,left_hand,0.0,2
"all participants, one stage",1352,5,right_hand,0.0002,2
"all participants, one stage",1353,5,left_hand,0.0,2
"all participants, one stage",1354,5,right_hand,0.992,2
"all participants, one stage",1355,5,right_hand,0.0009,2
"all participants, one stage",1356,5,left_hand,0.0,2
"all participants, one stage",1357,5,right_hand,0.0109,2
"all participants, one stage",1358,5,left_hand,0.0005,2
"all participants, one stage",1359,5,left_hand,0.0023,2
"all participants, one stage",1360,5,right_hand,0.0321,2
"all participants, one stage",1361,5,left_hand,0.0022,2
"all participants, one stage",1362,5,right_hand,0.0008,2
"all participants, one stage",1363,5,right_hand,0.9992,2
"all participants, one stage",1364,5,right_hand,0.0314,2
"all participants, one stage",1365,5,right_hand,0.2994,2
"all participants, one stage",1366,5,right_hand,0.29,2
"all participants, one stage",1367,5,left_hand,0.0002,2
"all participants, one stage",1368,5,right_hand,0.0228,2
"all participants, one stage",1369,5,left_hand,0.1923,2
"all participants, one stage",1370,5,left_hand,0.0075,2
"all participants, one stage",1371,5,left_hand,0.0,2
"all participants, one stage",1372,5,right_hand,0.6596,2
"all participants, one stage",1373,5,right_hand,0.0015,2
"all participants, one stage",1374,5,left_hand,0.0527,2
"all participants, one stage",1375,5,right_hand,0.1778,2
"all participants, one stage",1376,5,left_hand,0.0007,2
"all participants, one stage",1377,5,right_hand,0.0661,2
"all participants, one stage",1378,5,left_hand,0.0,2
"all participants, one stage",1379,5,right_hand,0.0116,2
"all participants, one stage",1380,5,right_hand,0.9985,2
"all participants, one stage",1381,5,right_hand,0.4569,2
"all participants, one stage",1382,5,left_hand,0.0398,2
"all participants, one stage",1383,5,left_hand,0.0001,2
"all participants, one stage",1384,5,right_hand,0.0,2
"all participants, one stage",1385,5,left_hand,0.0,2
"all participants, one stage",1386,5,right_hand,0.9844,2
"all participants, one stage",1387,5,right_hand,0.9976,2
"all participants, one stage",1388,5,left_hand,0.0001,2
"all participants, one stage",1389,5,left_hand,0.0,2
"all participants, one stage",1390,5,right_hand,0.1323,2
"all participants, one stage",1391,5,left_hand,0.1298,2
"all participants, one stage",1392,5,right_hand,0.0118,2
"all participants, one stage",1393,5,left_hand,0.0001,2
"all participants, one stage",1394,5,left_hand,0.071,2
"all participants, one stage",1395,5,right_hand,0.7949,2
"all participants, one stage",1396,5,left_hand,0.9987,2
"all participants, one stage",1397,5,left_hand,0.0004,2
"all participants, one stage",1398,5,left_hand,0.0258,2
"all participants, one stage",1399,5,right_hand,0.0001,2
"all participants, one stage",1400,5,right_hand,0.0003,2
"all participants, one stage",1401,5,right_hand,0.8303,2
"all participants, one stage",1402,5,right_hand,0.9997,2
"all participants, one stage",1403,5,left_hand,0.5034,2
"all participants, one stage",1404,5,right_hand,0.2062,2
"all participants, one stage",1405,5,right_hand,0.9426,2
"all participants, one stage",1406,5,right_hand,0.0201,2
"all participants, one stage",1407,5,left_hand,0.0032,2
"all participants, one stage",1408,5,left_hand,0.0011,2
"all participants, one stage",1409,5,left_hand,0.0,2
"all participants, one stage",1410,5,left_hand,0.0165,2
"all participants, one stage",1411,5,left_hand,0.3918,2
"all participants, one stage",1412,5,right_hand,0.9675,2
"all participants, one stage",1413,5,left_hand,0.0001,2
"all participants, one stage",1414,5,right_hand,0.0401,2
"all participants, one stage",1415,5,right_hand,0.1871,2
"all participants, one stage",1416,5,left_hand,0.0168,2
"all participants, one stage",1417,5,right_hand,0.5593,2
"all participants, one stage",1418,5,left_hand,0.0,2
"all participants, one stage",1419,5,left_hand,0.0,2
"all participants, one stage",1420,5,right_hand,0.9999,2
"all participants, one stage",1421,5,right_hand,0.9842,2
"all participants, one stage",1422,5,right_hand,0.0002,2
"all participants, one stage",1423,5,left_hand,0.0036,2
"all participants, one stage",1424,5,right_hand,0.7508,2
"all participants, one stage",1425,5,right_hand,0.8778,2
"all participants, one stage",1426,5,right_hand,0.0075,2
"all participants, one stage",1427,5,right_hand,0.0004,2
"all participants, one stage",1428,5,right_hand,0.0906,2
"all participants, one stage",1429,5,left_hand,0.7242,2
"all participants, one stage",1430,5,right_hand,0.0004,2
"all participants, one stage",1431,5,right_hand,0.0056,2
"all participants, one stage",1432,5,left_hand,0.0074,2
"all participants, one stage",1433,5,left_hand,0.0318,2
"all participants, one stage",1434,5,left_hand,0.0039,2
"all participants, one stage",1435,5,left_hand,0.7458,2
"all participants, one stage",1436,5,left_hand,0.0028,2
"all participants, one stage",1437,5,left_hand,0.0,2
"all participants, one stage",1438,5,right_hand,0.9954,2
"all participants, one stage",1439,5,left_hand,0.0002,2
"all participants, one stage",1584,6,left_hand,0.0013,2
"all participants, one stage",1585,6,right_hand,0.0096,2
"all participants, one stage",1586,6,right_hand,0.0002,2
"all participants, one stage",1587,6,left_hand,0.0465,2
"all participants, one stage",1588,6,right_hand,0.0911,2
"all participants, one stage",1589,6,left_hand,0.4647,2
"all participants, one stage",1590,6,right_hand,0.0209,2
"all participants, one stage",1591,6,right_hand,0.0003,2
"all participants, one stage",1592,6,left_hand,0.0,2
"all participants, one stage",1593,6,right_hand,0.7943,2
"all participants, one stage",1594,6,left_hand,0.9999,2
"all participants, one stage",1595,6,left_hand,0.0108,2
"all participants, one stage",1596,6,right_hand,0.9997,2
"all participants, one stage",1597,6,left_hand,0.0018,2
"all participants, one stage",1598,6,left_hand,0.0019,2
"all participants, one stage",1599,6,left_hand,0.7547,2
"all participants, one stage",1600,6,left_hand,0.8915,2
"all participants, one stage",1601,6,right_hand,1.0,2
"all participants, one stage",1602,6,left_hand,0.0067,2
"all participants, one stage",1603,6,right_hand,0.3634,2
"all participants, one stage",1604,6,right_hand,0.9987,2
"all participants, one stage",1605,6,left_hand,0.028,2
"all participants, one stage",1606,6,right_hand,0.0053,2
"all participants, one stage",1607,6,right_hand,1.0,2
"all participants, one stage",1608,6,right_hand,0.743,2
"all participants, one stage",1609,6,left_hand,0.22,2
"all participants, one stage",1610,6,left_hand,0.0028,2
"all participants, one stage",1611,6,right_hand,0.998,2
"all participants, one stage",1612,6,right_hand,0.9989,2
"all participants, one stage",1613,6,left_hand,0.0003,2
"all participants, one stage",1614,6,left_hand,0.001,2
"all participants, one stage",1615,6,left_hand,0.9841,2
"all participants, one stage",1616,6,right_hand,0.0001,2
"all participants, one stage",1617,6,right_hand,0.5648,2
"all participants, one stage",1618,6,left_hand,0.8512,2
"all participants, one stage",1619,6,left_hand,0.0071,2
"all participants, one stage",1620,6,left_hand,0.0001,2
"all participants, one stage",1621,6,right_hand,0.9986,2
"all participants, one stage",1622,6,left_hand,0.8752,2
"all participants, one stage",1623,6,right_hand,0.0052,2
"all participants, one stage",1624,6,right_hand,0.998,2
"all participants, one stage",1625,6,left_hand,0.0,2
"all participants, one stage",1626,6,right_hand,0.0367,2
"all participants, one stage",1627,6,left_hand,0.0124,2
"all participants, one stage",1628,6,right_hand,0.9999,2
"all participants, one stage",1629,6,right_hand,0.993,2
"all participants, one stage",1630,6,right_hand,0.9962,2
"all participants, one stage",1631,6,left_hand,0.0013,2
"all participants, one stage",1632,6,left_hand,0.8209,2
"all participants, one stage",1633,6,left_hand,0.9842,2
"all participants, one stage",1634,6,right_hand,1.0,2
"all participants, one stage",1635,6,left_hand,0.0,2
"all participants, one stage",1636,6,left_hand,0.0002,2
"all participants, one stage",1637,6,right_hand,0.0207,2
"all participants, one stage",1638,6,left_hand,0.001,2
"all participants, one stage",1639,6,left_hand,0.0,2
"all participants, one stage",1640,6,right_hand,0.9998,2
"all participants, one stage",1641,6,left_hand,0.7003,2
"all participants, one stage",1642,6,right_hand,0.0001,2
"all participants, one stage",1643,6,right_hand,0.8863,2
"all participants, one stage",1644,6,left_hand,0.4212,2
"all participants, one stage",1645,6,right_hand,0.9425,2
"all participants, one stage",1646,6,left_hand,0.0477,2
"all participants, one stage",1647,6,left_hand,0.0002,2
"all participants, one stage",1648,6,right_hand,0.0686,2
"all participants, one stage",1649,6,left_hand,0.0004,2
"all participants, one stage",1650,6,right_hand,0.8756,2
"all participants, one stage",1651,6,right_hand,0.0011,2
"all participants, one stage",1652,6,right_hand,0.9999,2
"all participants, one stage",1653,6,right_hand,0.1059,2
"all participants, one stage",1654,6,right_hand,0.9999,2
"all participants, one stage",1655,6,left_hand,0.4144,2
"all participants, one stage",1656,6,right_hand,0.0185,2
"all participants, one stage",1657,6,left_hand,0.0005,2
"all participants, one stage",1658,6,left_hand,1.0,2
"all participants, one stage",1659,6,left_hand,0.3938,2
"all participants, one stage",1660,6,right_hand,0.3685,2
"all participants, one stage",1661,6,right_hand,0.5654,2
"all participants, one stage",1662,6,left_hand,0.9178,2
"all participants, one stage",1663,6,right_hand,0.397,2
"all participants, one stage",1664,6,left_hand,0.9999,2
"all participants, one stage",1665,6,right_hand,0.5408,2
"all participants, one stage",1666,6,left_hand,0.0289,2
"all participants, one stage",1667,6,right_hand,0.003,2
"all participants, one stage",1668,6,right_hand,1.0,2
"all participants, one stage",1669,6,right_hand,0.9963,2
"all participants, one stage",1670,6,left_hand,0.2632,2
"all participants, one stage",1671,6,left_hand,0.9855,2
"all participants, one stage",1672,6,right_hand,0.9672,2
"all participants, one stage",1673,6,left_hand,0.9939,2
"all participants, one stage",1674,6,right_hand,0.1365,2
"all participants, one stage",1675,6,right_hand,1.0,2
"all participants, one stage",1676,6,left_hand,0.0001,2
"all participants, one stage",1677,6,left_hand,0.9983,2
"all participants, one stage",1678,6,right_hand,0.8477,2
"all participants, one stage",1679,6,left_hand,0.2235,2
"all participants, one stage",1680,6,right_hand,0.0747,2
"all participants, one stage",1681,6,left_hand,0.5816,2
"all participants, one stage",1682,6,left_hand,0.9966,2
"all participants, one stage",1683,6,right_hand,0.9824,2
"all participants, one stage",1684,6,left_hand,0.0142,2
"all participants, one stage",1685,6,left_hand,0.9505,2
"all participants, one stage",1686,6,left_hand,0.3171,2
"all participants, one stage",1687,6,right_hand,0.1594,2
"all participants, one stage",1688,6,right_hand,0.2391,2
"all participants, one stage",1689,6,right_hand,0.1169,2
"all participants, one stage",1690,6,right_hand,0.8822,2
"all participants, one stage",1691,6,left_hand,0.0241,2
"all participants, one stage",1692,6,right_hand,0.4457,2
"all participants, one stage",1693,6,right_hand,0.9871,2
"all participants, one stage",1694,6,right_hand,0.9949,2
"all participants, one stage",1695,6,left_hand,0.0002,2
"all participants, one stage",1696,6,left_hand,0.9349,2
"all participants, one stage",1697,6,left_hand,0.1044,2
"all participants, one stage",1698,6,left_hand,0.0,2
"all participants, one stage",1699,6,left_hand,0.9715,2
"all participants, one stage",1700,6,right_hand,0.0,2
"all participants, one stage",1701,6,left_hand,0.0948,2
"all participants, one stage",1702,6,right_hand,0.0182,2
"all participants, one stage",1703,6,right_hand,0.9994,2
"all participants, one stage",1704,6,left_hand,0.993,2
"all participants, one stage",1705,6,right_hand,1.0,2
"all participants, one stage",1706,6,left_hand,0.0633,2
"all participants, one stage",1707,6,left_hand,0.0071,2
"all participants, one stage",1708,6,right_hand,0.0097,2
"all participants, one stage",1709,6,right_hand,0.0433,2
"all participants, one stage",1710,6,right_hand,0.0,2
"all participants, one stage",1711,6,left_hand,0.0081,2
"all participants, one stage",1712,6,right_hand,0.9983,2
"all participants, one stage",1713,6,right_hand,0.7764,2
"all participants, one stage",1714,6,right_hand,0.0017,2
"all participants, one stage",1715,6,right_hand,0.274,2
"all participants, one stage",1716,6,right_hand,0.9999,2
"all participants, one stage",1717,6,left_hand,0.0006,2
"all participants, one stage",1718,6,right_hand,0.9804,2
"all participants, one stage",1719,6,right_hand,0.0009,2
"all participants, one stage",1720,6,left_hand,0.0347,2
"all participants, one stage",1721,6,left_hand,0.9916,2
"all participants, one stage",1722,6,left_hand,0.0114,2
"all participants, one stage",1723,6,left_hand,0.1504,2
"all participants, one stage",1724,6,left_hand,0.1158,2
"all participants, one stage",1725,6,left_hand,0.0036,2
"all participants, one stage",1726,6,right_hand,0.7936,2
"all participants, one stage",1727,6,left_hand,0.9995,2
"all participants, one stage",1872,7,left_hand,0.9999,2
"all participants, one stage",1873,7,right_hand,0.4486,2
"all participants, one stage",1874,7,right_hand,0.2927,2
"all participants, one stage",1875,7,left_hand,0.0001,2
"all participants, one stage",1876,7,right_hand,0.9123,2
"all participants, one stage",1877,7,left_hand,0.8881,2
"all participants, one stage",1878,7,right_hand,0.9775,2
"all participants, one stage",1879,7,right_hand,1.0,2
"all participants, one stage",1880,7,left_hand,0.9496,2
"all participants, one stage",1881,7,right_hand,0.7731,2
"all participants, one stage",1882,7,left_hand,0.9997,2
"all participants, one stage",1883,7,left_hand,0.2496,2
"all participants, one stage",1884,7,right_hand,0.0282,2
"all participants, one stage",1885,7,left_hand,0.9732,2
"all participants, one stage",1886,7,left_hand,0.9993,2
"all participants, one stage",1887,7,left_hand,0.5695,2
"all participants, one stage",1888,7,left_hand,0.0,2
"all participants, one stage",1889,7,right_hand,1.0,2
"all participants, one stage",1890,7,left_hand,0.0011,2
"all participants, one stage",1891,7,right_hand,0.0034,2
"all participants, one stage",1892,7,right_hand,0.9991,2
"all participants, one stage",1893,7,left_hand,0.0,2
"all participants, one stage",1894,7,right_hand,0.7878,2
"all participants, one stage",1895,7,right_hand,0.9994,2
"all participants, one stage",1896,7,right_hand,0.9995,2
"all participants, one stage",1897,7,left_hand,0.9174,2
"all participants, one stage",1898,7,left_hand,0.9995,2
"all participants, one stage",1899,7,right_hand,0.949,2
"all participants, one stage",1900,7,right_hand,0.0134,2
"all participants, one stage",1901,7,left_hand,0.9937,2
"all participants, one stage",1902,7,left_hand,0.0131,2
"all participants, one stage",1903,7,left_hand,0.0025,2
"all participants, one stage",1904,7,right_hand,0.0262,2
"all participants, one stage",1905,7,right_hand,0.9976,2
"all participants, one stage",1906,7,left_hand,0.421,2
"all participants, one stage",1907,7,left_hand,0.1215,2
"all participants, one stage",1908,7,left_hand,0.6261,2
"all participants, one stage",1909,7,right_hand,0.0024,2
"all participants, one stage",1910,7,left_hand,0.0664,2
"all participants, one stage",1911,7,right_hand,0.9999,2
"all participants, one stage",1912,7,right_hand,0.9999,2
"all participants, one stage",1913,7,left_hand,0.0002,2
"all participants, one stage",1914,7,right_hand,0.0036,2
"all participants, one stage",1915,7,left_hand,0.0082,2
"all participants, one stage",1916,7,right_hand,0.0282,2
"all participants, one stage",1917,7,right_hand,0.1769,2
"all participants, one stage",1918,7,right_hand,0.9989,2
"all participants, one stage",1919,7,left_hand,0.6281,2
"all participants, one stage",1920,7,left_hand,0.3869,2
"all participants, one stage",1921,7,left_hand,0.0275,2
"all participants, one stage",1922,7,right_hand,0.9441,2
"all participants, one stage",1923,7,left_hand,0.9813,2
"all participants, one stage",1924,7,left_hand,0.0076,2
"all participants, one stage",1925,7,right_hand,1.0,2
"all participants, one stage",1926,7,left_hand,0.9909,2
"all participants, one stage",1927,7,left_hand,0.0026,2
"all participants, one stage",1928,7,right_hand,0.9922,2
"all participants, one stage",1929,7,left_hand,0.9594,2
"all participants, one stage",1930,7,right_hand,1.0,2
"all participants, one stage",1931,7,right_hand,0.9983,2
"all participants, one stage",1932,7,left_hand,0.128,2
"all participants, one stage",1933,7,right_hand,0.9997,2
"all participants, one stage",1934,7,left_hand,0.1902,2
"all participants, one stage",1935,7,left_hand,0.0326,2
"all participants, one stage",1936,7,right_hand,1.0,2
"all participants, one stage",1937,7,left_hand,0.9659,2
"all participants, one stage",1938,7,right_hand,1.0,2
"all participants, one stage",1939,7,right_hand,0.9999,2
"all participants, one stage",1940,7,right_hand,0.9736,2
"all participants, one stage",1941,7,right_hand,1.0,2
"all participants, one stage",1942,7,right_hand,1.0,2
"all participants, one stage",1943,7,left_hand,0.0007,2
"all participants, one stage",1944,7,right_hand,0.0188,2
"all participants, one stage",1945,7,left_hand,0.9985,2
"all participants, one stage",1946,7,left_hand,0.0,2
"all participants, one stage",1947,7,left_hand,0.9997,2
"all participants, one stage",1948,7,right_hand,0.1156,2
"all participants, one stage",1949,7,right_hand,0.8631,2
"all participants, one stage",1950,7,left_hand,0.0006,2
"all participants, one stage",1951,7,right_hand,0.9999,2
"all participants, one stage",1952,7,left_hand,0.058,2
"all participants, one stage",1953,7,right_hand,1.0,2
"all participants, one stage",1954,7,left_hand,0.0126,2
"all participants, one stage",1955,7,right_hand,0.9964,2
"all participants, one stage",1956,7,right_hand,0.0007,2
"all participants, one stage",1957,7,right_hand,0.9944,2
"all participants, one stage",1958,7,left_hand,0.06,2
"all participants, one stage",1959,7,left_hand,0.0768,2
"all participants, one stage",1960,7,right_hand,0.9646,2
"all participants, one stage",1961,7,left_hand,0.9895,2
"all participants, one stage",1962,7,right_hand,1.0,2
"all participants, one stage",1963,7,right_hand,0.9947,2
"all participants, one stage",1964,7,left_hand,0.0191,2
"all participants, one stage",1965,7,left_hand,0.9999,2
"all participants, one stage",1966,7,right_hand,0.8809,2
"all participants, one stage",1967,7,left_hand,0.5277,2
"all participants, one stage",1968,7,right_hand,1.0,2
"all participants, one stage",1969,7,left_hand,0.7669,2
"all participants, one stage",1970,7,left_hand,0.0,2
"all participants, one stage",1971,7,right_hand,0.0062,2
"all participants, one stage",1972,7,left_hand,0.0069,2
"all participants, one stage",1973,7,left_hand,0.291,2
"all participants, one stage",1974,7,left_hand,0.0011,2
"all participants, one stage",1975,7,right_hand,0.9999,2
"all participants, one stage",1976,7,right_hand,0.9926,2
"all participants, one stage",1977,7,right_hand,0.9665,2
"all participants, one stage",1978,7,right_hand,1.0,2
"all participants, one stage",1979,7,left_hand,0.3995,2
"all participants, one stage",1980,7,right_hand,0.9682,2
"all participants, one stage",1981,7,right_hand,0.9997,2
"all participants, one stage",1982,7,right_hand,1.0,2
"all participants, one stage",1983,7,left_hand,0.7219,2
"all participants, one stage",1984,7,left_hand,0.2823,2
"all participants, one stage",1985,7,left_hand,0.0056,2
"all participants, one stage",1986,7,left_hand,0.0,2
"all participants, one stage",1987,7,left_hand,0.2817,2
"all participants, one stage",1988,7,right_hand,0.1541,2
"all participants, one stage",1989,7,left_hand,0.4756,2
"all participants, one stage",1990,7,right_hand,0.7621,2
"all participants, one stage",1991,7,right_hand,0.9998,2
"all participants, one stage",1992,7,left_hand,0.1295,2
"all participants, one stage",1993,7,right_hand,0.9999,2
"all participants, one stage",1994,7,left_hand,0.5716,2
"all participants, one stage",1995,7,left_hand,0.999,2
"all participants, one stage",1996,7,right_hand,0.9494,2
"all participants, one stage",1997,7,right_hand,0.6769,2
"all participants, one stage",1998,7,right_hand,1.0,2
"all participants, one stage",1999,7,left_hand,0.052,2
"all participants, one stage",2000,7,right_hand,0.0028,2
"all participants, one stage",2001,7,right_hand,0.5769,2
"all participants, one stage",2002,7,right_hand,0.9994,2
"all participants, one stage",2003,7,right_hand,0.9996,2
"all participants, one stage",2004,7,right_hand,0.0457,2
"all participants, one stage",2005,7,left_hand,0.4158,2
"all participants, one stage",2006,7,right_hand,0.0482,2
"all participants, one stage",2007,7,right_hand,0.9795,2
"all participants, one stage",2008,7,left_hand,0.8902,2
"all participants, one stage",2009,7,left_hand,0.9952,2
"all participants, one stage",2010,7,left_hand,0.3092,2
"all participants, one stage",2011,7,left_hand,0.9802,2
"all participants, one stage",2012,7,left_hand,0.0002,2
"all participants, one stage",2013,7,left_hand,0.9979,2
"all participants, one stage",2014,7,right_hand,1.0,2
"all participants, one stage",2015,7,left_hand,0.0004,2
"all participants, one stage",2160,8,left_hand,0.0416,2
"all participants, one stage",2161,8,right_hand,0.0075,2
"all participants, one stage",2162,8,right_hand,0.9978,2
"all participants, one stage",2163,8,left_hand,0.0,2
"all participants, one stage",2164,8,right_hand,0.0323,2
"all participants, one stage",2165,8,left_hand,0.3394,2
"all participants, one stage",2166,8,right_hand,0.3043,2
"all participants, one stage",2167,8,right_hand,0.9999,2
"all participants, one stage",2168,8,left_hand,0.1018,2
"all participants, one stage",2169,8,right_hand,0.9883,2
"all participants, one stage",2170,8,left_hand,0.0071,2
"all participants, one stage",2171,8,left_hand,0.827,2
"all participants, one stage",2172,8,right_hand,0.9526,2
"all participants, one stage",2173,8,left_hand,0.0153,2
"all participants, one stage",2174,8,left_hand,0.0279,2
"all participants, one stage",2175,8,left_hand,0.0,2
"all participants, one stage",2176,8,left_hand,0.0001,2
"all participants, one stage",2177,8,right_hand,0.9998,2
"all participants, one stage",2178,8,left_hand,0.9815,2
"all participants, one stage",2179,8,right_hand,0.048,2
"all participants, one stage",2180,8,right_hand,0.0002,2
"all participants, one stage",2181,8,left_hand,0.2229,2
"all participants, one stage",2182,8,right_hand,0.8953,2
"all participants, one stage",2183,8,right_hand,0.9987,2
"all participants, one stage",2184,8,right_hand,0.998,2
"all participants, one stage",2185,8,left_hand,0.2523,2
"all participants, one stage",2186,8,left_hand,0.0835,2
"all participants, one stage",2187,8,right_hand,0.7648,2
"all participants, one stage",2188,8,right_hand,0.026,2
"all participants, one stage",2189,8,left_hand,0.0109,2
"all participants, one stage",2190,8,left_hand,0.9998,2
"all participants, one stage",2191,8,left_hand,0.0389,2
"all participants, one stage",2192,8,right_hand,0.985,2
"all participants, one stage",2193,8,right_hand,0.9989,2
"all participants, one stage",2194,8,left_hand,0.0019,2
"all participants, one stage",2195,8,left_hand,0.0029,2
"all participants, one stage",2196,8,left_hand,0.9593,2
"all participants, one stage",2197,8,right_hand,0.9417,2
"all participants, one stage",2198,8,left_hand,0.1546,2
"all participants, one stage",2199,8,right_hand,0.9619,2
"all participants, one stage",2200,8,right_hand,0.9479,2
"all participants, one stage",2201,8,left_hand,0.6137,2
"all participants, one stage",2202,8,right_hand,0.9999,2
"all participants, one stage",2203,8,left_hand,0.9998,2
"all participants, one stage",2204,8,right_hand,0.0008,2
"all participants, one stage",2205,8,right_hand,0.9793,2
"all participants, one stage",2206,8,right_hand,0.3786,2
"all participants, one stage",2207,8,left_hand,0.0,2
"all participants, one stage",2208,8,left_hand,0.0002,2
"all participants, one stage",2209,8,left_hand,0.147,2
"all participants, one stage",2210,8,right_hand,0.9999,2
"all participants, one stage",2211,8,left_hand,0.0002,2
"all participants, one stage",2212,8,left_hand,0.0048,2
"all participants, one stage",2213,8,right_hand,0.0004,2
"all participants, one stage",2214,8,left_hand,0.0,2
"all participants, one stage",2215,8,left_hand,0.0001,2
"all participants, one stage",2216,8,right_hand,0.0,2
"all participants, one stage",2217,8,left_hand,0.0666,2
"all participants, one stage",2218,8,right_hand,0.9995,2
"all participants, one stage",2219,8,right_hand,0.9318,2
"all participants, one stage",2220,8,left_hand,0.0619,2
"all participants, one stage",2221,8,right_hand,1.0,2
"all participants, one stage",2222,8,left_hand,0.0,2
"all participants, one stage",2223,8,left_hand,0.0005,2
"all participants, one stage",2224,8,right_hand,0.0001,2
"all participants, one stage",2225,8,left_hand,0.0129,2
"all participants, one stage",2226,8,right_hand,0.9995,2
"all participants, one stage",2227,8,right_hand,1.0,2
"all participants, one stage",2228,8,right_hand,0.9199,2
"all participants, one stage",2229,8,right_hand,0.0978,2
"all participants, one stage",2230,8,right_hand,0.9869,2
"all participants, one stage",2231,8,left_hand,0.0306,2
"all participants, one stage",2232,8,right_hand,0.0347,2
"all participants, one stage",2233,8,left_hand,0.2601,2
"all participants, one stage",2234,8,left_hand,0.9999,2
"all participants, one stage",2235,8,left_hand,0.0001,2
"all participants, one stage",2236,8,right_hand,0.6643,2
"all participants, one stage",2237,8,right_hand,0.9995,2
"all participants, one stage",2238,8,left_hand,0.0213,2
"all participants, one stage",2239,8,right_hand,1.0,2
"all participants, one stage",2240,8,left_hand,0.0007,2
"all participants, one stage",2241,8,right_hand,0.9874,2
"all participants, one stage",2242,8,left_hand,0.0122,2
"all participants, one stage",2243,8,right_hand,0.9994,2
"all participants, one stage",2244,8,right_hand,0.1496,2
"all participants, one stage",2245,8,right_hand,0.839,2
"all participants, one stage",2246,8,left_hand,0.0691,2
"all participants, one stage",2247,8,left_hand,0.0038,2
"all participants, one stage",2248,8,right_hand,0.3401,2
"all participants, one stage",2249,8,left_hand,0.0004,2
"all participants, one stage",2250,8,right_hand,1.0,2
"all participants, one stage",2251,8,right_hand,1.0,2
"all participants, one stage",2252,8,left_hand,0.4303,2
"all participants, one stage",2253,8,left_hand,0.4049,2
"all participants, one stage",2254,8,right_hand,0.9978,2
"all participants, one stage",2255,8,left_hand,0.3236,2
"all participants, one stage",2256,8,right_hand,1.0,2
"all participants, one stage",2257,8,left_hand,0.4262,2
"all participants, one stage",2258,8,left_hand,0.7625,2
"all participants, one stage",2259,8,right_hand,1.0,2
"all participants, one stage",2260,8,left_hand,0.0,2
"all participants, one stage",2261,8,left_hand,0.0004,2
"all participants, one stage",2262,8,left_hand,0.0062,2
"all participants, one stage",2263,8,right_hand,0.9997,2
"all participants, one stage",2264,8,right_hand,0.9989,2
"all participants, one stage",2265,8,right_hand,0.9999,2
"all participants, one stage",2266,8,right_hand,0.9914,2
"all participants, one stage",2267,8,left_hand,0.0001,2
"all participants, one stage",2268,8,right_hand,0.0194,2
"all participants, one stage",2269,8,right_hand,0.9999,2
"all participants, one stage",2270,8,right_hand,1.0,2
"all participants, one stage",2271,8,left_hand,0.0001,2
"all participants, one stage",2272,8,left_hand,0.9654,2
"all participants, one stage",2273,8,left_hand,0.5961,2
"all participants, one stage",2274,8,left_hand,0.0011,2
"all participants, one stage",2275,8,left_hand,0.0033,2
"all participants, one stage",2276,8,right_hand,0.999,2
"all participants, one stage",2277,8,left_hand,0.0038,2
"all participants, one stage",2278,8,right_hand,0.9992,2
"all participants, one stage",2279,8,right_hand,0.9391,2
"all participants, one stage",2280,8,left_hand,0.0542,2
"all participants, one stage",2281,8,right_hand,0.5493,2
"all participants, one stage",2282,8,left_hand,0.0,2
"all participants, one stage",2283,8,left_hand,0.005,2
"all participants, one stage",2284,8,right_hand,0.7477,2
"all participants, one stage",2285,8,right_hand,1.0,2
"all participants, one stage",2286,8,right_hand,0.7253,2
"all participants, one stage",2287,8,left_hand,0.0286,2
"all participants, one stage",2288,8,right_hand,0.005,2
"all participants, one stage",2289,8,right_hand,0.9994,2
"all participants, one stage",2290,8,right_hand,0.1811,2
"all participants, one stage",2291,8,right_hand,0.997,2
"all participants, one stage",2292,8,right_hand,0.0509,2
"all participants, one stage",2293,8,left_hand,0.7921,2
"all participants, one stage",2294,8,right_hand,0.9986,2
"all participants, one stage",2295,8,right_hand,0.8856,2
"all participants, one stage",2296,8,left_hand,0.0002,2
"all participants, one stage",2297,8,left_hand,0.0,2
"all participants, one stage",2298,8,left_hand,0.111,2
"all participants, one stage",2299,8,left_hand,0.9348,2
"all participants, one stage",2300,8,left_hand,0.0091,2
"all participants, one stage",2301,8,left_hand,0.1338,2
"all participants, one stage",2302,8,right_hand,0.9974,2
"all participants, one stage",2303,8,left_hand,0.4569,2
"all participants, one stage",2448,9,left_hand,0.2347,2
"all participants, one stage",2449,9,right_hand,0.9588,2
"all participants, one stage",2450,9,right_hand,0.9997,2
"all participants, one stage",2451,9,left_hand,0.1511,2
"all participants, one stage",2452,9,right_hand,1.0,2
"all participants, one stage",2453,9,left_hand,0.9925,2
"all participants, one stage",2454,9,right_hand,0.9999,2
"all participants, one stage",2455,9,right_hand,0.9997,2
"all participants, one stage",2456,9,left_hand,0.3313,2
"all participants, one stage",2457,9,right_hand,0.4933,2
"all participants, one stage",2458,9,left_hand,0.0,2
"all participants, one stage",2459,9,left_hand,0.004,2
"all participants, one stage",2460,9,right_hand,0.9988,2
"all participants, one stage",2461,9,left_hand,0.3102,2
"all participants, one stage",2462,9,left_hand,0.0,2
"all participants, one stage",2463,9,left_hand,0.2742,2
"all participants, one stage",2464,9,left_hand,0.1071,2
"all participants, one stage",2465,9,right_hand,0.9999,2
"all participants, one stage",2466,9,left_hand,0.0,2
"all participants, one stage",2467,9,right_hand,0.9991,2
"all participants, one stage",2468,9,right_hand,1.0,2
"all participants, one stage",2469,9,left_hand,0.0115,2
"all participants, one stage",2470,9,right_hand,0.9544,2
"all participants, one stage",2471,9,right_hand,1.0,2
"all participants, one stage",2472,9,right_hand,1.0,2
"all participants, one stage",2473,9,left_hand,0.9967,2
"all participants, one stage",2474,9,left_hand,1.0,2
"all participants, one stage",2475,9,right_hand,0.9921,2
"all participants, one stage",2476,9,right_hand,1.0,2
"all participants, one stage",2477,9,left_hand,0.0035,2
"all participants, one stage",2478,9,left_hand,0.8986,2
"all participants, one stage",2479,9,left_hand,0.9936,2
"all participants, one stage",2480,9,right_hand,0.0696,2
"all participants, one stage",2481,9,right_hand,0.5303,2
"all participants, one stage",2482,9,left_hand,0.999,2
"all participants, one stage",2483,9,left_hand,1.0,2
"all participants, one stage",2484,9,left_hand,0.0027,2
"all participants, one stage",2485,9,right_hand,0.032,2
"all participants, one stage",2486,9,left_hand,0.8786,2
"all participants, one stage",2487,9,right_hand,1.0,2
"all participants, one stage",2488,9,right_hand,0.9883,2
"all participants, one stage",2489,9,left_hand,1.0,2
"all participants, one stage",2490,9,right_hand,1.0,2
"all participants, one stage",2491,9,left_hand,0.0001,2
"all participants, one stage",2492,9,right_hand,0.9503,2
"all participants, one stage",2493,9,right_hand,1.0,2
"all participants, one stage",2494,9,right_hand,0.8781,2
"all participants, one stage",2495,9,left_hand,1.0,2
"all participants, one stage",2496,9,left_hand,0.0003,2
"all participants, one stage",2497,9,left_hand,0.985,2
"all participants, one stage",2498,9,right_hand,1.0,2
"all participants, one stage",2499,9,left_hand,0.9993,2
"all participants, one stage",2500,9,left_hand,0.9973,2
"all participants, one stage",2501,9,right_hand,0.9984,2
"all participants, one stage",2502,9,left_hand,0.001,2
"all participants, one stage",2503,9,left_hand,0.9967,2
"all participants, one stage",2504,9,right_hand,0.9998,2
"all participants, one stage",2505,9,left_hand,0.8474,2
"all participants, one stage",2506,9,right_hand,1.0,2
"all participants, one stage",2507,9,right_hand,0.9518,2
"all participants, one stage",2508,9,left_hand,0.0119,2
"all participants, one stage",2509,9,right_hand,0.9944,2
"all participants, one stage",2510,9,left_hand,0.9999,2
"all participants, one stage",2511,9,left_hand,0.13,2
"all participants, one stage",2512,9,right_hand,0.9981,2
"all participants, one stage",2513,9,left_hand,0.9823,2
"all participants, one stage",2514,9,right_hand,0.0145,2
"all participants, one stage",2515,9,right_hand,0.9999,2
"all participants, one stage",2516,9,right_hand,0.9989,2
"all participants, one stage",2517,9,right_hand,0.997,2
"all participants, one stage",2518,9,right_hand,0.9488,2
"all participants, one stage",2519,9,left_hand,0.0073,2
"all participants, one stage",2520,9,right_hand,0.7244,2
"all participants, one stage",2521,9,left_hand,0.0011,2
"all participants, one stage",2522,9,left_hand,0.0328,2
"all participants, one stage",2523,9,left_hand,0.9105,2
"all participants, one stage",2524,9,right_hand,0.0133,2
"all participants, one stage",2525,9,right_hand,0.9029,2
"all participants, one stage",2526,9,left_hand,0.9999,2
"all participants, one stage",2527,9,right_hand,0.1469,2
"all participants, one stage",2528,9,left_hand,0.9997,2
"all participants, one stage",2529,9,right_hand,0.0006,2
"all participants, one stage",2530,9,left_hand,0.0038,2
"all participants, one stage",2531,9,right_hand,0.0369,2
"all participants, one stage",2532,9,right_hand,0.1006,2
"all participants, one stage",2533,9,right_hand,1.0,2
"all participants, one stage",2534,9,left_hand,0.9969,2
"all participants, one stage",2535,9,left_hand,0.0,2
"all participants, one stage",2536,9,right_hand,0.9998,2
"all participants, one stage",2537,9,left_hand,0.9992,2
"all participants, one stage",2538,9,right_hand,1.0,2
"all participants, one stage",2539,9,right_hand,0.9995,2
"all participants, one stage",2540,9,left_hand,0.9998,2
"all participants, one stage",2541,9,left_hand,0.0004,2
"all participants, one stage",2542,9,right_hand,1.0,2
"all participants, one stage",2543,9,left_hand,0.0006,2
"all participants, one stage",2544,9,right_hand,0.4702,2
"all participants, one stage",2545,9,left_hand,0.546,2
"all participants, one stage",2546,9,left_hand,0.0068,2
"all participants, one stage",2547,9,right_hand,0.9518,2
"all participants, one stage",2548,9,left_hand,0.0947,2
"all participants, one stage",2549,9,left_hand,0.0175,2
"all participants, one stage",2550,9,left_hand,0.9998,2
"all participants, one stage",2551,9,right_hand,1.0,2
"all participants, one stage",2552,9,right_hand,0.0009,2
"all participants, one stage",2553,9,right_hand,0.1463,2
"all participants, one stage",2554,9,right_hand,1.0,2
"all participants, one stage",2555,9,left_hand,0.0003,2
"all participants, one stage",2556,9,right_hand,0.0073,2
"all participants, one stage",2557,9,right_hand,0.7738,2
"all participants, one stage",2558,9,right_hand,0.957,2
"all participants, one stage",2559,9,left_hand,0.9731,2
"all participants, one stage",2560,9,left_hand,0.0,2
"all participants, one stage",2561,9,left_hand,1.0,2
"all participants, one stage",2562,9,left_hand,0.9151,2
"all participants, one stage",2563,9,left_hand,0.456,2
"all participants, one stage",2564,9,right_hand,0.0002,2
"all participants, one stage",2565,9,left_hand,0.9998,2
"all participants, one stage",2566,9,right_hand,0.9818,2
"all participants, one stage",2567,9,right_hand,0.9883,2
"all participants, one stage",2568,9,left_hand,0.3048,2
"all participants, one stage",2569,9,right_hand,0.2012,2
"all participants, one stage",2570,9,left_hand,0.9765,2
"all participants, one stage",2571,9,left_hand,0.9948,2
"all participants, one stage",2572,9,right_hand,0.9977,2
"all participants, one stage",2573,9,right_hand,0.2176,2
"all participants, one stage",2574,9,right_hand,0.9985,2
"all participants, one stage",2575,9,left_hand,0.0277,2
"all participants, one stage",2576,9,right_hand,1.0,2
"all participants, one stage",2577,9,right_hand,0.0083,2
"all participants, one stage",2578,9,right_hand,1.0,2
"all participants, one stage",2579,9,right_hand,0.9998,2
"all participants, one stage",2580,9,right_hand,0.984,2
"all participants, one stage",2581,9,left_hand,0.9553,2
"all participants, one stage",2582,9,right_hand,0.9983,2
"all participants, one stage",2583,9,right_hand,0.9998,2
"all participants, one stage",2584,9,left_hand,0.0002,2
"all participants, one stage",2585,9,left_hand,0.9969,2
"all participants, one stage",2586,9,left_hand,0.0002,2
"all participants, one stage",2587,9,left_hand,1.0,2
"all participants, one stage",2588,9,left_hand,0.0477,2
"all participants, one stage",2589,9,left_hand,0.0043,2
"all participants, one stage",2590,9,right_hand,0.9915,2
"all participants, one stage",2591,9,left_hand,0.7704,2
all participants,144,1,left_hand,0.0047,3
all participants,145,1,right_hand,1.0,3
all participants,146,1,right_hand,0.8591,3
all participants,147,1,left_hand,0.0,3
all participants,148,1,right_hand,0.921,3
all participants,149,1,left_hand,0.0,3
all participants,150,1,right_hand,0.9999,3
all participants,151,1,right_hand,1.0,3
all participants,152,1,left_hand,0.0014,3
all participants,153,1,right_hand,0.9983,3
all participants,154,1,left_hand,0.0,3
all participants,155,1,left_hand,0.0,3
all participants,156,1,right_hand,1.0,3
all participants,157,1,left_hand,0.0013,3
all participants,158,1,left_hand,0.0,3
all participants,159,1,left_hand,0.0072,3
all participants,160,1,left_hand,0.6474,3
all participants,161,1,right_hand,1.0,3
all participants,162,1,left_hand,0.0,3
all participants,163,1,right_hand,1.0,3
all participants,164,1,right_hand,0.9944,3
all participants,165,1,left_hand,0.0,3
all participants,166,1,right_hand,1.0,3
all participants,167,1,right_hand,0.9221,3
all participants,168,1,right_hand,0.9847,3
all participants,169,1,left_hand,0.0004,3
all participants,170,1,left_hand,0.0004,3
all participants,171,1,right_hand,1.0,3
all participants,172,1,right_hand,1.0,3
all participants,173,1,left_hand,0.111,3
all participants,174,1,left_hand,0.0,3
all participants,175,1,left_hand,0.0575,3
all participants,176,1,right_hand,0.9994,3
all participants,177,1,right_hand,0.9994,3
all participants,178,1,left_hand,0.0009,3
all participants,179,1,left_hand,0.0,3
all participants,180,1,left_hand,0.0001,3
all participants,181,1,right_hand,1.0,3
all participants,182,1,left_hand,0.0002,3
all participants,183,1,right_hand,0.9929,3
all participants,184,1,right_hand,0.9999,3
all participants,185,1,left_hand,0.9997,3
all participants,186,1,right_hand,1.0,3
all participants,187,1,left_hand,0.7954,3
all participants,188,1,right_hand,0.9999,3
all participants,189,1,right_hand,0.9997,3
all participants,190,1,right_hand,0.9811,3
all participants,191,1,left_hand,0.0017,3
all participants,192,1,left_hand,0.0,3
all participants,193,1,left_hand,0.9167,3
all participants,194,1,right_hand,0.9916,3
all participants,195,1,left_hand,0.0,3
all participants,196,1,left_hand,0.0,3
all participants,197,1,right_hand,1.0,3
all participants,198,1,left_hand,0.0,3
all participants,199,1,left_hand,0.0,3
all participants,200,1,right_hand,0.9998,3
all participants,201,1,left_hand,0.107,3
all participants,202,1,right_hand,0.9999,3
all participants,203,1,right_hand,1.0,3
all participants,204,1,left_hand,0.8844,3
all participants,205,1,right_hand,0.0977,3
all participants,206,1,left_hand,0.0853,3
all participants,207,1,left_hand,0.0,3
all participants,208,1,right_hand,0.9074,3
all participants,209,1,left_hand,0.0,3
all participants,210,1,right_hand,0.9976,3
all participants,211,1,right_hand,0.9991,3
all participants,212,1,right_hand,0.9932,3
all participants,213,1,right_hand,0.2431,3
all participants,214,1,right_hand,1.0,3
all participants,215,1,left_hand,0.9556,3
all participants,216,1,right_hand,0.9944,3
all participants,217,1,left_hand,0.9346,3
all participants,218,1,left_hand,0.0125,3
all participants,219,1,left_hand,0.0001,3
all participants,220,1,right_hand,1.0,3
all participants,221,1,right_hand,0.3287,3
all participants,222,1,left_hand,0.9995,3
all participants,223,1,right_hand,0.9863,3
all participants,224,1,left_hand,0.9845,3
all participants,225,1,right_hand,0.7139,3
all participants,226,1,left_hand,0.0424,3
all participants,227,1,right_hand,0.998,3
all participants,228,1,right_hand,0.9533,3
all participants,229,1,right_hand,0.9996,3
all participants,230,1,left_hand,0.0001,3
all participants,231,1,left_hand,0.0,3
all participants,232,1,right_hand,0.9996,3
all participants,233,1,left_hand,0.0,3
all participants,234,1,right_hand,0.9719,3
all participants,235,1,right_hand,0.9963,3
all participants,236,1,left_hand,0.0,3
all participants,237,1,left_hand,0.7841,3
all participants,238,1,right_hand,1.0,3
all participants,239,1,left_hand,0.0001,3
all participants,240,1,right_hand,0.9382,3
all participants,241,1,left_hand,0.0387,3
all participants,242,1,left_hand,0.5011,3
all participants,243,1,right_hand,0.9233,3
all participants,244,1,left_hand,0.2325,3
all participants,245,1,left_hand,0.0004,3
all participants,246,1,left_hand,0.0036,3
all participants,247,1,right_hand,0.9834,3
all participants,248,1,right_hand,0.9649,3
all participants,249,1,right_hand,0.9994,3
all participants,250,1,right_hand,0.9999,3
all participants,251,1,left_hand,0.0029,3
all participants,252,1,right_hand,0.9804,3
all participants,253,1,right_hand,0.0051,3
all participants,254,1,right_hand,1.0,3
all participants,255,1,left_hand,0.0619,3
all participants,256,1,left_hand,0.9258,3
all participants,257,1,left_hand,0.5732,3
all participants,258,1,left_hand,0.008,3
all participants,259,1,left_hand,0.54,3
all participants,260,1,right_hand,1.0,3
all participants,261,1,left_hand,0.009,3
all participants,262,1,right_hand,1.0,3
all participants,263,1,right_hand,0.9995,3
all participants,264,1,left_hand,0.0015,3
all participants,265,1,right_hand,0.9993,3
all participants,266,1,left_hand,0.436,3
all participants,267,1,left_hand,0.1329,3
all participants,268,1,right_hand,0.9987,3
all participants,269,1,right_hand,0.9999,3
all participants,270,1,right_hand,0.9953,3
all participants,271,1,left_hand,0.9945,3
all participants,272,1,right_hand,0.9999,3
all participants,273,1,right_hand,1.0,3
all participants,274,1,right_hand,0.997,3
all participants,275,1,right_hand,0.1347,3
all participants,276,1,right_hand,0.0049,3
all participants,277,1,left_hand,0.005,3
all participants,278,1,right_hand,1.0,3
all participants,279,1,right_hand,0.9781,3
all participants,280,1,left_hand,0.0551,3
all participants,281,1,left_hand,0.0094,3
all participants,282,1,left_hand,0.9849,3
all participants,283,1,left_hand,0.0267,3
all participants,284,1,left_hand,0.8612,3
all participants,285,1,left_hand,0.0316,3
all participants,286,1,right_hand,0.9908,3
all participants,287,1,left_hand,0.0002,3
all participants,432,2,left_hand,0.0207,3
all participants,433,2,right_hand,0.9909,3
all participants,434,2,right_hand,0.9999,3
all participants,435,2,left_hand,0.0085,3
all participants,436,2,right_hand,0.9977,3
all participants,437,2,left_hand,0.1665,3
all participants,438,2,right_hand,0.9686,3
all participants,439,2,right_hand,0.52,3
all participants,440,2,left_hand,0.7356,3
all participants,441,2,right_hand,0.9909,3
all participants,442,2,left_hand,0.2286,3
all participants,443,2,left_hand,0.2903,3
all participants,444,2,right_hand,1.0,3
all participants,445,2,left_hand,0.6993,3
all participants,446,2,left_hand,0.0001,3
all participants,447,2,left_hand,0.6523,3
all participants,448,2,left_hand,0.0104,3
all participants,449,2,right_hand,0.9975,3
all participants,450,2,left_hand,0.9333,3
all participants,451,2,right_hand,0.9998,3
all participants,452,2,right_hand,1.0,3
all participants,453,2,left_hand,0.0,3
all participants,454,2,right_hand,0.9995,3
all participants,455,2,right_hand,0.9997,3
all participants,456,2,right_hand,0.9184,3
all participants,457,2,left_hand,0.031,3
all participants,458,2,left_hand,0.0311,3
all participants,459,2,right_hand,0.9924,3
all participants,460,2,right_hand,0.9948,3
all participants,461,2,left_hand,0.0027,3
all participants,462,2,left_hand,0.0,3
all participants,463,2,left_hand,0.0422,3
all participants,464,2,right_hand,0.98,3
all participants,465,2,right_hand,0.7159,3
all participants,466,2,left_hand,0.0538,3
all participants,467,2,left_hand,0.0062,3
all participants,468,2,left_hand,0.1096,3
all participants,469,2,right_hand,0.9757,3
all participants,470,2,left_hand,0.0028,3
all participants,471,2,right_hand,0.9907,3
all participants,472,2,right_hand,0.8259,3
all participants,473,2,left_hand,0.0398,3
all participants,474,2,right_hand,0.9958,3
all participants,475,2,left_hand,0.0084,3
all participants,476,2,right_hand,0.9723,3
all participants,477,2,right_hand,0.9875,3
all participants,478,2,right_hand,0.9986,3
all participants,479,2,left_hand,0.2083,3
all participants,480,2,left_hand,0.1598,3
all participants,481,2,left_hand,0.0081,3
all participants,482,2,right_hand,0.1879,3
all participants,483,2,left_hand,0.0108,3
all participants,484,2,left_hand,0.534,3
all participants,485,2,right_hand,0.7725,3
all participants,486,2,left_hand,0.0045,3
all participants,487,2,left_hand,0.0246,3
all participants,488,2,right_hand,0.2491,3
all participants,489,2,left_hand,0.0112,3
all participants,490,2,right_hand,0.9351,3
all participants,491,2,right_hand,0.7292,3
all participants,492,2,left_hand,0.3174,3
all participants,493,2,right_hand,0.0355,3
all participants,494,2,left_hand,0.7999,3
all participants,495,2,left_hand,0.004,3
all participants,496,2,right_hand,0.9526,3
all participants,497,2,left_hand,0.013,3
all participants,498,2,right_hand,0.8766,3
all participants,499,2,right_hand,0.0309,3
all participants,500,2,right_hand,0.9956,3
all participants,501,2,right_hand,0.9888,3
all participants,502,2,right_hand,0.6228,3
all participants,503,2,left_hand,0.5668,3
all participants,504,2,right_hand,0.329,3
all participants,505,2,left_hand,0.3996,3
all participants,506,2,left_hand,0.2165,3
all participants,507,2,left_hand,0.0003,3
all participants,508,2,right_hand,0.4281,3
all participants,509,2,right_hand,0.9624,3
all participants,510,2,left_hand,0.6589,3
all participants,511,2,right_hand,0.7558,3
all participants,512,2,left_hand,0.0024,3
all participants,513,2,right_hand,0.4067,3
all participants,514,2,left_hand,0.0382,3
all participants,515,2,right_hand,0.6273,3
all participants,516,2,right_hand,0.9994,3
all participants,517,2,right_hand,0.951,3
all participants,518,2,left_hand,0.7337,3
all participants,519,2,left_hand,0.3993,3
all participants,520,2,right_hand,0.3613,3
all participants,521,2,left_hand,0.5918,3
all participants,522,2,right_hand,0.9995,3
all participants,523,2,right_hand,0.9827,3
all participants,524,2,left_hand,0.4503,3
all participants,525,2,left_hand,0.0024,3
all participants,526,2,right_hand,0.1507,3
all participants,527,2,left_hand,0.0002,3
all participants,528,2,right_hand,0.9844,3
all participants,529,2,left_hand,0.005,3
all participants,530,2,left_hand,0.006,3
all participants,531,2,right_hand,0.5904,3
all participants,532,2,left_hand,0.2085,3
all participants,533,2,left_hand,0.004,3
all participants,534,2,left_hand,0.0,3
all participants,535,2,right_hand,0.6356,3
all participants,536,2,right_hand,0.01,3
all participants,537,2,right_hand,0.066,3
all participants,538,2,right_hand,0.776,3
all participants,539,2,left_hand,0.0,3
all participants,540,2,right_hand,0.9998,3
all participants,541,2,right_hand,0.1783,3
all participants,542,2,right_hand,0.2354,3
all participants,543,2,left_hand,0.0426,3
all participants,544,2,left_hand,0.3411,3
all participants,545,2,left_hand,0.574,3
all participants,546,2,left_hand,0.9364,3
all participants,547,2,left_hand,0.4804,3
all participants,548,2,right_hand,0.8805,3
all participants,549,2,left_hand,0.527,3
all participants,550,2,right_hand,0.9956,3
all participants,551,2,right_hand,0.7304,3
all participants,552,2,left_hand,0.0012,3
all participants,553,2,right_hand,0.7417,3
all participants,554,2,left_hand,0.0104,3
all participants,555,2,left_hand,0.4637,3
all participants,556,2,right_hand,0.9999,3
all participants,557,2,right_hand,0.9419,3
all participants,558,2,right_hand,0.9827,3
all participants,559,2,left_hand,0.4235,3
all participants,560,2,right_hand,0.9808,3
all participants,561,2,right_hand,0.8751,3
all participants,562,2,right_hand,0.0007,3
all participants,563,2,right_hand,0.0484,3
all participants,564,2,right_hand,0.0922,3
all participants,565,2,left_hand,0.0043,3
all participants,566,2,right_hand,0.9996,3
all participants,567,2,right_hand,0.0002,3
all participants,568,2,left_hand,0.3169,3
all participants,569,2,left_hand,0.4109,3
all participants,570,2,left_hand,0.9894,3
all participants,571,2,left_hand,0.0031,3
all participants,572,2,left_hand,0.067,3
all participants,573,2,left_hand,0.0008,3
all participants,574,2,right_hand,0.4691,3
all participants,575,2,left_hand,0.9784,3
all participants,720,3,left_hand,0.515,3
all participants,721,3,right_hand,1.0,3
all participants,722,3,right_hand,0.9992,3
all participants,723,3,left_hand,0.0016,3
all participants,724,3,right_hand,0.9938,3
all participants,725,3,left_hand,0.0197,3
all participants,726,3,right_hand,0.7088,3
all participants,727,3,right_hand,0.9891,3
all participants,728,3,left_hand,0.0,3
all participants,729,3,right_hand,0.9886,3
all participants,730,3,left_hand,0.0001,3
all participants,731,3,left_hand,0.0333,3
all participants,732,3,right_hand,0.9997,3
all participants,733,3,left_hand,0.0,3
all participants,734,3,left_hand,0.0,3
all participants,735,3,left_hand,0.0562,3
all participants,736,3,left_hand,0.0,3
all participants,737,3,right_hand,0.0669,3
all participants,738,3,left_hand,0.0,3
all participants,739,3,right_hand,0.9999,3
all participants,740,3,right_hand,0.9919,3
all participants,741,3,left_hand,0.0,3
all participants,742,3,right_hand,0.9977,3
all participants,743,3,right_hand,0.7028,3
all participants,744,3,right_hand,0.9646,3
all participants,745,3,left_hand,0.0,3
all participants,746,3,left_hand,0.0,3
all participants,747,3,right_hand,1.0,3
all participants,748,3,right_hand,1.0,3
all participants,749,3,left_hand,0.0217,3
all participants,750,3,left_hand,0.0118,3
all participants,751,3,left_hand,0.0,3
all participants,752,3,right_hand,0.9963,3
all participants,753,3,right_hand,0.9999,3
all participants,754,3,left_hand,0.0126,3
all participants,755,3,left_hand,0.0001,3
all participants,756,3,left_hand,0.0015,3
all participants,757,3,right_hand,1.0,3
all participants,758,3,left_hand,0.0,3
all participants,759,3,right_hand,0.9999,3
all participants,760,3,right_hand,0.3086,3
all participants,761,3,left_hand,0.0,3
all participants,762,3,right_hand,0.9976,3
all participants,763,3,left_hand,0.0266,3
all participants,764,3,right_hand,0.9247,3
all participants,765,3,right_hand,0.9984,3
all participants,766,3,right_hand,0.9861,3
all participants,767,3,left_hand,0.0001,3
all participants,768,3,left_hand,0.0004,3
all participants,769,3,left_hand,0.0001,3
all participants,770,3,right_hand,0.9954,3
all participants,771,3,left_hand,0.0,3
all participants,772,3,left_hand,0.0,3
all participants,773,3,right_hand,0.983,3
all participants,774,3,left_hand,0.0329,3
all participants,775,3,left_hand,0.0001,3
all participants,776,3,right_hand,0.9975,3
all participants,777,3,left_hand,0.2747,3
all participants,778,3,right_hand,1.0,3
all participants,779,3,right_hand,1.0,3
all participants,780,3,left_hand,0.0002,3
all participants,781,3,right_hand,0.9996,3
all participants,782,3,left_hand,0.0,3
all participants,783,3,left_hand,0.0003,3
all participants,784,3,right_hand,1.0,3
all participants,785,3,left_hand,0.0018,3
all participants,786,3,right_hand,1.0,3
all participants,787,3,right_hand,0.3491,3
all participants,788,3,right_hand,0.9571,3
all participants,789,3,right_hand,0.9999,3
all participants,790,3,right_hand,1.0,3
all participants,791,3,left_hand,0.075,3
all participants,792,3,right_hand,0.9275,3
all participants,793,3,left_hand,0.0,3
all participants,794,3,left_hand,0.763,3
all participants,795,3,left_hand,0.0002,3
all participants,796,3,right_hand,0.9999,3
all participants,797,3,right_hand,1.0,3
all participants,798,3,left_hand,0.0075,3
all participants,799,3,right_hand,0.999,3
all participants,800,3,left_hand,0.0439,3
all participants,801,3,right_hand,1.0,3
all participants,802,3,left_hand,0.2799,3
all participants,803,3,right_hand,0.9996,3
all participants,804,3,right_hand,1.0,3
all participants,805,3,right_hand,1.0,3
all participants,806,3,left_hand,0.0022,3
all participants,807,3,left_hand,0.0003,3
all participants,808,3,right_hand,1.0,3
all participants,809,3,left_hand,0.0469,3
all participants,810,3,right_hand,0.8204,3
all participants,811,3,right_hand,0.9573,3
all participants,812,3,left_hand,0.0138,3
all participants,813,3,left_hand,0.2107,3
all participants,814,3,right_hand,1.0,3
all participants,815,3,left_hand,0.0,3
all participants,816,3,right_hand,0.5898,3
all participants,817,3,left_hand,0.0006,3
all participants,818,3,left_hand,0.0,3
all participants,819,3,right_hand,1.0,3
all participants,820,3,left_hand,0.0743,3
all participants,821,3,left_hand,0.0,3
all participants,822,3,left_hand,0.1077,3
all participants,823,3,right_hand,0.9518,3
all participants,824,3,right_hand,1.0,3
all participants,825,3,right_hand,0.9999,3
all participants,826,3,right_hand,1.0,3
all participants,827,3,left_hand,0.0026,3
all participants,828,3,right_hand,0.9993,3
all participants,829,3,right_hand,1.0,3
all participants,830,3,right_hand,0.9999,3
all participants,831,3,left_hand,0.0013,3
all participants,832,3,left_hand,0.0055,3
all participants,833,3,left_hand,0.0035,3
all participants,834,3,left_hand,0.0001,3
all participants,835,3,left_hand,0.0212,3
all participants,836,3,right_hand,0.8466,3
all participants,837,3,left_hand,0.0,3
all participants,838,3,right_hand,0.9224,3
all participants,839,3,right_hand,0.9983,3
all participants,840,3,left_hand,0.0,3
all participants,841,3,right_hand,0.9982,3
all participants,842,3,left_hand,0.0004,3
all participants,843,3,left_hand,0.0002,3
all participants,844,3,right_hand,0.9989,3
all participants,845,3,right_hand,0.8536,3
all participants,846,3,right_hand,0.9942,3
all participants,847,3,left_hand,0.0001,3
all participants,848,3,right_hand,0.9928,3
all participants,849,3,right_hand,0.9999,3
all participants,850,3,right_hand,0.9962,3
all participants,851,3,right_hand,1.0,3
all participants,852,3,right_hand,0.9727,3
all participants,853,3,left_hand,0.0002,3
all participants,854,3,right_hand,0.9999,3
all participants,855,3,right_hand,0.0496,3
all participants,856,3,left_hand,0.1741,3
all participants,857,3,left_hand,0.0,3
all participants,858,3,left_hand,0.0125,3
all participants,859,3,left_hand,0.0002,3
all participants,860,3,left_hand,0.0,3
all participants,861,3,left_hand,0.4967,3
all participants,862,3,right_hand,0.9974,3
all participants,863,3,left_hand,0.005,3
all participants,1008,4,right_hand,0.9974,3
all participants,1009,4,left_hand,0.9106,3
all participants,1010,4,left_hand,0.8993,3
all participants,1011,4,right_hand,0.8219,3
all participants,1012,4,right_hand,0.7094,3
all participants,1013,4,left_hand,0.1507,3
all participants,1014,4,left_hand,0.8561,3
all participants,1015,4,left_hand,0.1453,3
all participants,1016,4,right_hand,0.068,3
all participants,1017,4,right_hand,0.9991,3
all participants,1018,4,left_hand,0.0227,3
all participants,1019,4,left_hand,0.0329,3
all participants,1020,4,left_hand,0.9503,3
all participants,1021,4,right_hand,0.5518,3
all participants,1022,4,left_hand,0.2759,3
all participants,1023,4,right_hand,0.6008,3
all participants,1024,4,right_hand,0.9914,3
all participants,1025,4,left_hand,0.009,3
all participants,1026,4,right_hand,0.26,3
all participants,1027,4,left_hand,0.9885,3
all participants,1028,4,right_hand,0.7363,3
all participants,1029,4,right_hand,0.9956,3
all participants,1030,4,right_hand,0.9999,3
all participants,1031,4,left_hand,0.0068,3
all participants,1032,4,left_hand,0.0155,3
all participants,1033,4,left_hand,0.0543,3
all participants,1034,4,right_hand,0.9991,3
all participants,1035,4,left_hand,0.0004,3
all participants,1036,4,left_hand,0.4783,3
all participants,1037,4,right_hand,0.6406,3
all participants,1038,4,left_hand,0.1481,3
all participants,1039,4,left_hand,0.0033,3
all participants,1040,4,right_hand,0.9999,3
all participants,1041,4,left_hand,0.439,3
all participants,1042,4,right_hand,0.0195,3
all participants,1043,4,right_hand,0.9931,3
all participants,1044,4,left_hand,0.0169,3
all participants,1045,4,right_hand,0.9605,3
all participants,1046,4,left_hand,0.0041,3
all participants,1047,4,left_hand,0.5774,3
all participants,1048,4,right_hand,1.0,3
all participants,1049,4,left_hand,0.0025,3
all participants,1050,4,right_hand,0.9997,3
all participants,1051,4,right_hand,0.9165,3
all participants,1052,4,right_hand,0.5814,3
all participants,1053,4,right_hand,0.9987,3
all participants,1054,4,right_hand,0.9116,3
all participants,1055,4,left_hand,0.0001,3
all participants,1056,4,right_hand,0.9187,3
all participants,1057,4,left_hand,0.0307,3
all participants,1058,4,left_hand,0.9642,3
all participants,1059,4,left_hand,0.6317,3
all participants,1060,4,right_hand,0.9998,3
all participants,1061,4,right_hand,0.006,3
all participants,1062,4,left_hand,0.1051,3
all participants,1063,4,right_hand,0.9996,3
all participants,1064,4,left_hand,0.0503,3
all participants,1065,4,right_hand,0.521,3
all participants,1066,4,left_hand,0.9987,3
all participants,1067,4,right_hand,0.9396,3
all participants,1068,4,right_hand,0.8856,3
all participants,1069,4,right_hand,0.0325,3
all participants,1070,4,left_hand,0.069,3
all participants,1071,4,left_hand,0.3052,3
all participants,1072,4,right_hand,0.9998,3
all participants,1073,4,left_hand,0.7648,3
all participants,1074,4,right_hand,1.0,3
all participants,1075,4,right_hand,0.9291,3
all participants,1076,4,left_hand,0.0174,3
all participants,1077,4,left_hand,0.7103,3
all participants,1078,4,right_hand,0.9965,3
all participants,1079,4,left_hand,0.9136,3
all participants,1080,4,right_hand,1.0,3
all participants,1081,4,left_hand,0.0601,3
all participants,1082,4,left_hand,0.0436,3
all participants,1083,4,right_hand,0.997,3
all participants,1084,4,left_hand,0.9895,3
all participants,1085,4,left_hand,0.0,3
all participants,1086,4,left_hand,0.003,3
all participants,1087,4,right_hand,0.795,3
all participants,1088,4,right_hand,0.8831,3
all participants,1089,4,right_hand,1.0,3
all participants,1090,4,right_hand,0.9118,3
all participants,1091,4,left_hand,0.0854,3
all participants,1092,4,right_hand,0.0034,3
all participants,1093,4,right_hand,0.5853,3
all participants,1094,4,right_hand,0.994,3
all participants,1095,4,left_hand,0.0186,3
all participants,1096,4,left_hand,0.0753,3
all participants,1097,4,left_hand,0.0126,3
all participants,1098,4,left_hand,0.0002,3
all participants,1099,4,left_hand,0.3108,3
all participants,1100,4,right_hand,1.0,3
all participants,1101,4,left_hand,0.0006,3
all participants,1102,4,right_hand,0.9999,3
all participants,1103,4,right_hand,0.9742,3
all participants,1104,4,left_hand,0.0064,3
all participants,1105,4,right_hand,0.9742,3
all participants,1106,4,left_hand,0.0014,3
all participants,1107,4,left_hand,0.0147,3
all participants,1108,4,right_hand,0.9042,3
all participants,1109,4,right_hand,0.4748,3
all participants,1110,4,right_hand,0.8039,3
all participants,1111,4,left_hand,0.0,3
all participants,1112,4,right_hand,1.0,3
all participants,1113,4,right_hand,0.4434,3
all participants,1114,4,right_hand,0.9982,3
all participants,1115,4,right_hand,1.0,3
all participants,1116,4,right_hand,0.991,3
all participants,1117,4,left_hand,0.0017,3
all participants,1118,4,right_hand,0.5949,3
all participants,1119,4,right_hand,0.9955,3
all participants,1120,4,left_hand,0.5882,3
all participants,1121,4,left_hand,0.9811,3
all participants,1122,4,left_hand,0.9891,3
all participants,1123,4,left_hand,0.0564,3
all participants,1124,4,left_hand,0.036,3
all participants,1125,4,left_hand,0.726,3
all participants,1126,4,right_hand,0.9991,3
all participants,1127,4,left_hand,0.4919,3
all participants,1128,4,left_hand,0.2318,3
all participants,1129,4,right_hand,0.9004,3
all participants,1130,4,right_hand,0.8371,3
all participants,1131,4,left_hand,0.0003,3
all participants,1132,4,right_hand,0.9,3
all participants,1133,4,right_hand,0.999,3
all participants,1134,4,right_hand,1.0,3
all participants,1135,4,right_hand,0.9998,3
all participants,1136,4,right_hand,0.9982,3
all participants,1137,4,left_hand,0.0001,3
all participants,1138,4,left_hand,0.0242,3
all participants,1139,4,left_hand,0.9316,3
all participants,1140,4,left_hand,0.7883,3
all participants,1141,4,right_hand,1.0,3
all participants,1142,4,right_hand,1.0,3
all participants,1143,4,left_hand,0.7743,3
all participants,1144,4,left_hand,0.9944,3
all participants,1145,4,left_hand,0.0,3
all participants,1146,4,right_hand,0.9656,3
all participants,1147,4,right_hand,0.9556,3
all participants,1148,4,left_hand,0.0,3
all participants,1149,4,left_hand,0.1649,3
all participants,1150,4,right_hand,0.9981,3
all participants,1151,4,left_hand,0.0091,3
all participants,1296,5,left_hand,0.2297,3
all participants,1297,5,right_hand,0.7409,3
all participants,1298,5,right_hand,0.3547,3
all participants,1299,5,left_hand,0.0169,3
all participants,1300,5,right_hand,0.8043,3
all participants,1301,5,left_hand,0.0015,3
all participants,1302,5,right_hand,0.9906,3
all participants,1303,5,right_hand,0.4153,3
all participants,1304,5,left_hand,0.0227,3
all participants,1305,5,right_hand,0.0332,3
all participants,1306,5,left_hand,0.0,3
all participants,1307,5,left_hand,0.0117,3
all participants,1308,5,right_hand,0.5952,3
all participants,1309,5,left_hand,0.0131,3
all participants,1310,5,left_hand,0.0004,3
all participants,1311,5,left_hand,0.0097,3
all participants,1312,5,left_hand,0.0013,3
all participants,1313,5,right_hand,0.9785,3
all participants,1314,5,left_hand,0.0015,3
all participants,1315,5,right_hand,0.8742,3
all participants,1316,5,right_hand,0.8108,3
all participants,1317,5,left_hand,0.0003,3
all participants,1318,5,right_hand,0.967,3
all participants,1319,5,right_hand,0.9986,3
all participants,1320,5,right_hand,0.4725,3
all participants,1321,5,left_hand,0.001,3
all participants,1322,5,left_hand,0.0005,3
all participants,1323,5,right_hand,0.9983,3
all participants,1324,5,right_hand,0.9686,3
all participants,1325,5,left_hand,0.0115,3
all participants,1326,5,left_hand,0.0026,3
all participants,1327,5,left_hand,0.0023,3
all participants,1328,5,right_hand,0.9657,3
all participants,1329,5,right_hand,0.8852,3
all participants,1330,5,left_hand,0.0001,3
all participants,1331,5,left_hand,0.0004,3
all participants,1332,5,left_hand,0.0002,3
all participants,1333,5,right_hand,0.1193,3
all participants,1334,5,left_hand,0.0002,3
all participants,1335,5,right_hand,0.882,3
all participants,1336,5,right_hand,0.2695,3
all participants,1337,5,left_hand,0.0,3
all participants,1338,5,right_hand,0.9012,3
all participants,1339,5,left_hand,0.0276,3
all participants,1340,5,right_hand,0.9978,3
all participants,1341,5,right_hand,0.9961,3
all participants,1342,5,right_hand,0.5824,3
all participants,1343,5,left_hand,0.0154,3
all participants,1344,5,left_hand,0.0001,3
all participants,1345,5,left_hand,0.0069,3
all participants,1346,5,right_hand,0.8189,3
all participants,1347,5,left_hand,0.0002,3
all participants,1348,5,left_hand,0.0003,3
all participants,1349,5,right_hand,0.042,3
all participants,1350,5,left_hand,0.0564,3
all participants,1351,5,left_hand,0.0,3
all participants,1352,5,right_hand,0.8799,3
all participants,1353,5,left_hand,0.0,3
all participants,1354,5,right_hand,0.1154,3
all participants,1355,5,right_hand,0.2783,3
all participants,1356,5,left_hand,0.0,3
all participants,1357,5,right_hand,0.9924,3
all participants,1358,5,left_hand,0.0003,3
all participants,1359,5,left_hand,0.0001,3
all participants,1360,5,right_hand,0.8529,3
all participants,1361,5,left_hand,0.0,3
all participants,1362,5,right_hand,0.0899,3
all participants,1363,5,right_hand,0.9474,3
all participants,1364,5,right_hand,0.8851,3
all participants,1365,5,right_hand,0.9984,3
all participants,1366,5,right_hand,0.7487,3
all participants,1367,5,left_hand,0.0017,3
all participants,1368,5,right_hand,0.4922,3
all participants,1369,5,left_hand,0.1912,3
all participants,1370,5,left_hand,0.0002,3
all participants,1371,5,left_hand,0.0,3
all participants,1372,5,right_hand,0.7963,3
all participants,1373,5,right_hand,0.3198,3
all participants,1374,5,left_hand,0.0189,3
all participants,1375,5,right_hand,0.9838,3
all participants,1376,5,left_hand,0.0006,3
all participants,1377,5,right_hand,0.9899,3
all participants,1378,5,left_hand,0.0001,3
all participants,1379,5,right_hand,0.98,3
all participants,1380,5,right_hand,0.998,3
all participants,1381,5,right_hand,0.9999,3
all participants,1382,5,left_hand,0.0321,3
all participants,1383,5,left_hand,0.0008,3
all participants,1384,5,right_hand,0.0251,3
all participants,1385,5,left_hand,0.0,3
all participants,1386,5,right_hand,0.6888,3
all participants,1387,5,right_hand,0.1465,3
all participants,1388,5,left_hand,0.0018,3
all participants,1389,5,left_hand,0.0009,3
all participants,1390,5,right_hand,0.8374,3
all participants,1391,5,left_hand,0.0092,3
all participants,1392,5,right_hand,0.9578,3
all participants,1393,5,left_hand,0.0269,3
all participants,1394,5,left_hand,0.0038,3
all participants,1395,5,right_hand,0.9595,3
all participants,1396,5,left_hand,0.8913,3
all participants,1397,5,left_hand,0.0001,3
all participants,1398,5,left_hand,0.0002,3
all participants,1399,5,right_hand,0.4335,3
all participants,1400,5,right_hand,0.6004,3
all participants,1401,5,right_hand,0.9746,3
all participants,1402,5,right_hand,0.9664,3
all participants,1403,5,left_hand,0.0005,3
all participants,1404,5,right_hand,0.3028,3
all participants,1405,5,right_hand,0.9973,3
all participants,1406,5,right_hand,0.0091,3
all participants,1407,5,left_hand,0.0016,3
all participants,1408,5,left_hand,0.0319,3
all participants,1409,5,left_hand,0.0032,3
all participants,1410,5,left_hand,0.0003,3
all participants,1411,5,left_hand,0.0006,3
all participants,1412,5,right_hand,0.9415,3
all participants,1413,5,left_hand,0.0037,3
all participants,1414,5,right_hand,0.9612,3
all participants,1415,5,right_hand,0.5508,3
all participants,1416,5,left_hand,0.0013,3
all participants,1417,5,right_hand,0.2694,3
all participants,1418,5,left_hand,0.0,3
all participants,1419,5,left_hand,0.0002,3
all participants,1420,5,right_hand,0.9961,3
all participants,1421,5,right_hand,0.9998,3
all participants,1422,5,right_hand,0.1018,3
all participants,1423,5,left_hand,0.0282,3
all participants,1424,5,right_hand,0.9893,3
all participants,1425,5,right_hand,0.8058,3
all participants,1426,5,right_hand,0.008,3
all participants,1427,5,right_hand,0.9481,3
all participants,1428,5,right_hand,0.6483,3
all participants,1429,5,left_hand,0.0004,3
all participants,1430,5,right_hand,0.0209,3
all participants,1431,5,right_hand,0.345,3
all participants,1432,5,left_hand,0.0027,3
all participants,1433,5,left_hand,0.0009,3
all participants,1434,5,left_hand,0.0001,3
all participants,1435,5,left_hand,0.0384,3
all participants,1436,5,left_hand,0.0006,3
all participants,1437,5,left_hand,0.0003,3
all participants,1438,5,right_hand,0.503,3
all participants,1439,5,left_hand,0.0034,3
all participants,1584,6,left_hand,0.4657,3
all participants,1585,6,right_hand,0.9981,3
all participants,1586,6,right_hand,0.7516,3
all participants,1587,6,left_hand,0.0047,3
all participants,1588,6,right_hand,0.0437,3
all participants,1589,6,left_hand,0.0003,3
all participants,1590,6,right_hand,0.9948,3
all participants,1591,6,right_hand,0.9164,3
all participants,1592,6,left_hand,0.0017,3
all participants,1593,6,right_hand,0.9957,3
all participants,1594,6,left_hand,0.9861,3
all participants,1595,6,left_hand,0.005,3
all participants,1596,6,right_hand,1.0,3
all participants,1597,6,left_hand,0.0058,3
all participants,1598,6,left_hand,0.0013,3
all participants,1599,6,left_hand,0.9751,3
all participants,1600,6,left_hand,0.3288,3
all participants,1601,6,right_hand,0.9974,3
all participants,1602,6,left_hand,0.0886,3
all participants,1603,6,right_hand,0.997,3
all participants,1604,6,right_hand,0.9957,3
all participants,1605,6,left_hand,0.4967,3
all participants,1606,6,right_hand,0.9992,3
all participants,1607,6,right_hand,0.9998,3
all participants,1608,6,right_hand,0.9985,3
all participants,1609,6,left_hand,0.0006,3
all participants,1610,6,left_hand,0.3268,3
all participants,1611,6,right_hand,0.9923,3
all participants,1612,6,right_hand,0.9975,3
all participants,1613,6,left_hand,0.0729,3
all participants,1614,6,left_hand,0.0012,3
all participants,1615,6,left_hand,0.6792,3
all participants,1616,6,right_hand,0.3184,3
all participants,1617,6,right_hand,0.9975,3
all participants,1618,6,left_hand,0.0,3
all participants,1619,6,left_hand,0.019,3
all participants,1620,6,left_hand,0.0001,3
all participants,1621,6,right_hand,0.9914,3
all participants,1622,6,left_hand,0.7214,3
all participants,1623,6,right_hand,0.0096,3
all participants,1624,6,right_hand,0.9659,3
all participants,1625,6,left_hand,0.0006,3
all participants,1626,6,right_hand,0.8502,3
all participants,1627,6,left_hand,0.6238,3
all participants,1628,6,right_hand,0.9992,3
all participants,1629,6,right_hand,0.876,3
all participants,1630,6,right_hand,1.0,3
all participants,1631,6,left_hand,0.0658,3
all participants,1632,6,left_hand,0.9871,3
all participants,1633,6,left_hand,0.0043,3
all participants,1634,6,right_hand,0.9961,3
all participants,1635,6,left_hand,0.0003,3
all participants,1636,6,left_hand,0.0001,3
all participants,1637,6,right_hand,0.9527,3
all participants,1638,6,left_hand,0.0,3
all participants,1639,6,left_hand,0.0001,3
all participants,1640,6,right_hand,0.9969,3
all participants,1641,6,left_hand,0.0008,3
all participants,1642,6,right_hand,0.0083,3
all participants,1643,6,right_hand,1.0,3
all participants,1644,6,left_hand,0.7057,3
all participants,1645,6,right_hand,1.0,3
all participants,1646,6,left_hand,0.6574,3
all participants,1647,6,left_hand,0.3924,3
all participants,1648,6,right_hand,0.9553,3
all participants,1649,6,left_hand,0.0136,3
all participants,1650,6,right_hand,0.9999,3
all participants,1651,6,right_hand,0.9994,3
all participants,1652,6,right_hand,0.9274,3
all participants,1653,6,right_hand,0.9964,3
all participants,1654,6,right_hand,0.9865,3
all participants,1655,6,left_hand,0.9217,3
all participants,1656,6,right_hand,0.9779,3
all participants,1657,6,left_hand,0.1193,3
all participants,1658,6,left_hand,0.9985,3
all participants,1659,6,left_hand,0.0016,3
all participants,1660,6,right_hand,0.9996,3
all participants,1661,6,right_hand,0.9837,3
all participants,1662,6,left_hand,0.0753,3
all participants,1663,6,right_hand,0.9935,3
all participants,1664,6,left_hand,0.5252,3
all participants,1665,6,right_hand,0.9998,3
all participants,1666,6,left_hand,0.0009,3
all participants,1667,6,right_hand,0.5408,3
all participants,1668,6,right_hand,0.9939,3
all participants,1669,6,right_hand,1.0,3
all participants,1670,6,left_hand,0.0022,3
all participants,1671,6,left_hand,0.2804,3
all participants,1672,6,right_hand,0.989,3
all participants,1673,6,left_hand,0.4447,3
all participants,1674,6,right_hand,0.7594,3
all participants,1675,6,right_hand,0.9998,3
all participants,1676,6,left_hand,0.9728,3
all participants,1677,6,left_hand,0.0285,3
all participants,1678,6,right_hand,0.9996,3
all participants,1679,6,left_hand,0.0009,3
all participants,1680,6,right_hand,0.9998,3
all participants,1681,6,left_hand,0.0485,3
all participants,1682,6,left_hand,0.9494,3
all participants,1683,6,right_hand,0.9998,3
all participants,1684,6,left_hand,0.1816,3
all participants,1685,6,left_hand,0.2856,3
all participants,1686,6,left_hand,0.4287,3
all participants,1687,6,right_hand,0.5636,3
all participants,1688,6,right_hand,0.9808,3
all participants,1689,6,right_hand,0.9998,3
all participants,1690,6,right_hand,0.9848,3
all participants,1691,6,left_hand,0.9903,3
all participants,1692,6,right_hand,0.0031,3
all participants,1693,6,right_hand,0.9104,3
all participants,1694,6,right_hand,0.9976,3
all participants,1695,6,left_hand,0.0009,3
all participants,1696,6,left_hand,0.957,3
all participants,1697,6,left_hand,0.0021,3
all participants,1698,6,left_hand,0.1045,3
all participants,1699,6,left_hand,0.0977,3
all participants,1700,6,right_hand,0.0059,3
all participants,1701,6,left_hand,0.0001,3
all participants,1702,6,right_hand,0.9978,3
all participants,1703,6,right_hand,0.9202,3
all participants,1704,6,left_hand,0.9807,3
all participants,1705,6,right_hand,1.0,3
all participants,1706,6,left_hand,0.9568,3
all participants,1707,6,left_hand,0.9985,3
all participants,1708,6,right_hand,0.9995,3
all participants,1709,6,right_hand,0.2113,3
all participants,1710,6,right_hand,0.9616,3
all participants,1711,6,left_hand,0.4081,3
all participants,1712,6,right_hand,0.9002,3
all participants,1713,6,right_hand,0.9926,3
all participants,1714,6,right_hand,0.0899,3
all participants,1715,6,right_hand,0.9768,3
all participants,1716,6,right_hand,0.9649,3
all participants,1717,6,left_hand,0.0,3
all participants,1718,6,right_hand,0.569,3
all participants,1719,6,right_hand,0.9978,3
all participants,1720,6,left_hand,0.1867,3
all participants,1721,6,left_hand,0.8401,3
all participants,1722,6,left_hand,0.999,3
all participants,1723,6,left_hand,0.0246,3
all participants,1724,6,left_hand,0.9956,3
all participants,1725,6,left_hand,0.087,3
all participants,1726,6,right_hand,0.2541,3
all participants,1727,6,left_hand,0.999,3
all participants,1872,7,left_hand,0.9378,3
all participants,1873,7,right_hand,0.9989,3
all participants,1874,7,right_hand,1.0,3
all participants,1875,7,left_hand,0.0005,3
all participants,1876,7,right_hand,0.93,3
all participants,1877,7,left_hand,0.0001,3
all participants,1878,7,right_hand,0.974,3
all participants,1879,7,right_hand,0.9999,3
all participants,1880,7,left_hand,0.8121,3
all participants,1881,7,right_hand,0.0346,3
all participants,1882,7,left_hand,0.0161,3
all participants,1883,7,left_hand,0.0118,3
all participants,1884,7,right_hand,0.0456,3
all participants,1885,7,left_hand,0.9186,3
all participants,1886,7,left_hand,0.3006,3
all participants,1887,7,left_hand,0.9026,3
all participants,1888,7,left_hand,0.0,3
all participants,1889,7,right_hand,0.036,3
all participants,1890,7,left_hand,0.0,3
all participants,1891,7,right_hand,1.0,3
all participants,1892,7,right_hand,1.0,3
all participants,1893,7,left_hand,0.0001,3
all participants,1894,7,right_hand,0.9977,3
all participants,1895,7,right_hand,0.996,3
all participants,1896,7,right_hand,0.9999,3
all participants,1897,7,left_hand,0.0001,3
all participants,1898,7,left_hand,0.9845,3
all participants,1899,7,right_hand,0.8267,3
all participants,1900,7,right_hand,0.0237,3
all participants,1901,7,left_hand,0.0659,3
all participants,1902,7,left_hand,0.0067,3
all participants,1903,7,left_hand,0.0003,3
all participants,1904,7,right_hand,0.4403,3
all participants,1905,7,right_hand,0.9854,3
all participants,1906,7,left_hand,0.0389,3
all participants,1907,7,left_hand,0.0,3
all participants,1908,7,left_hand,0.0018,3
all participants,1909,7,right_hand,0.9969,3
all participants,1910,7,left_hand,0.0008,3
all participants,1911,7,right_hand,1.0,3
all participants,1912,7,right_hand,0.9975,3
all participants,1913,7,left_hand,0.0,3
all participants,1914,7,right_hand,0.9945,3
all participants,1915,7,left_hand,0.0006,3
all participants,1916,7,right_hand,0.3702,3
all participants,1917,7,right_hand,0.9997,3
all participants,1918,7,right_hand,0.7833,3
all participants,1919,7,left_hand,0.0005,3
all participants,1920,7,left_hand,0.7195,3
all participants,1921,7,left_hand,0.0002,3
all participants,1922,7,right_hand,1.0,3
all participants,1923,7,left_hand,0.2727,3
all participants,1924,7,left_hand,0.0364,3
all participants,1925,7,right_hand,1.0,3
all participants,1926,7,left_hand,0.0003,3
all participants,1927,7,left_hand,0.0002,3
all participants,1928,7,right_hand,0.9967,3
all participants,1929,7,left_hand,0.0037,3
all participants,1930,7,right_hand,0.9989,3
all participants,1931,7,right_hand,1.0,3
all participants,1932,7,left_hand,0.0029,3
all participants,1933,7,right_hand,1.0,3
all participants,1934,7,left_hand,0.0394,3
all participants,1935,7,left_hand,0.0026,3
all participants,1936,7,right_hand,1.0,3
all participants,1937,7,left_hand,0.0074,3
all participants,1938,7,right_hand,0.5749,3
all participants,1939,7,right_hand,1.0,3
all participants,1940,7,right_hand,0.992,3
all participants,1941,7,right_hand,1.0,3
all participants,1942,7,right_hand,0.9999,3
all participants,1943,7,left_hand,0.3755,3
all participants,1944,7,right_hand,0.0501,3
all participants,1945,7,left_hand,0.609,3
all participants,1946,7,left_hand,0.0,3
all participants,1947,7,left_hand,0.0,3
all participants,1948,7,right_hand,0.9995,3
all participants,1949,7,right_hand,0.9677,3
all participants,1950,7,left_hand,0.0001,3
all participants,1951,7,right_hand,1.0,3
all participants,1952,7,left_hand,0.0038,3
all participants,1953,7,right_hand,1.0,3
all participants,1954,7,left_hand,0.7012,3
all participants,1955,7,right_hand,0.9973,3
all participants,1956,7,right_hand,0.138,3
all participants,1957,7,right_hand,1.0,3
all participants,1958,7,left_hand,0.0,3
all participants,1959,7,left_hand,0.047,3
all participants,1960,7,right_hand,0.9968,3
all participants,1961,7,left_hand,0.0009,3
all participants,1962,7,right_hand,0.994,3
all participants,1963,7,right_hand,1.0,3
all participants,1964,7,left_hand,0.0001,3
all participants,1965,7,left_hand,0.0038,3
all participants,1966,7,right_hand,1.0,3
all participants,1967,7,left_hand,0.0118,3
all participants,1968,7,right_hand,0.0067,3
all participants,1969,7,left_hand,0.0111,3
all participants,1970,7,left_hand,0.0,3
all participants,1971,7,right_hand,0.7968,3
all participants,1972,7,left_hand,0.0452,3
all participants,1973,7,left_hand,0.0226,3
all participants,1974,7,left_hand,0.0001,3
all participants,1975,7,right_hand,0.9993,3
all participants,1976,7,right_hand,0.9774,3
all participants,1977,7,right_hand,0.9904,3
all participants,1978,7,right_hand,0.9997,3
all participants,1979,7,left_hand,0.0042,3
all participants,1980,7,right_hand,0.8785,3
all participants,1981,7,right_hand,0.998,3
all participants,1982,7,right_hand,1.0,3
all participants,1983,7,left_hand,0.0,3
all participants,1984,7,left_hand,0.0068,3
all participants,1985,7,left_hand,0.0048,3
all participants,1986,7,left_hand,0.0004,3
all participants,1987,7,left_hand,0.0007,3
all participants,1988,7,right_hand,1.0,3
all participants,1989,7,left_hand,0.0004,3
all participants,1990,7,right_hand,0.9991,3
all participants,1991,7,right_hand,1.0,3
all participants,1992,7,left_hand,0.0,3
all participants,1993,7,right_hand,1.0,3
all participants,1994,7,left_hand,0.0463,3
all participants,1995,7,left_hand,0.0011,3
all participants,1996,7,right_hand,0.9396,3
all participants,1997,7,right_hand,0.6557,3
all participants,1998,7,right_hand,0.9987,3
all participants,1999,7,left_hand,0.6584,3
all participants,2000,7,right_hand,1.0,3
all participants,2001,7,right_hand,0.9995,3
all participants,2002,7,right_hand,0.4408,3
all participants,2003,7,right_hand,0.97,3
all participants,2004,7,right_hand,0.9972,3
all participants,2005,7,left_hand,0.003,3
all participants,2006,7,right_hand,0.9998,3
all participants,2007,7,right_hand,1.0,3
all participants,2008,7,left_hand,0.0025,3
all participants,2009,7,left_hand,0.0001,3
all participants,2010,7,left_hand,0.0008,3
all participants,2011,7,left_hand,0.0079,3
all participants,2012,7,left_hand,0.0005,3
all participants,2013,7,left_hand,0.8342,3
all participants,2014,7,right_hand,1.0,3
all participants,2015,7,left_hand,0.0002,3
all participants,2160,8,left_hand,0.0,3
all participants,2161,8,right_hand,0.9877,3
all participants,2162,8,right_hand,0.9982,3
all participants,2163,8,left_hand,0.0,3
all participants,2164,8,right_hand,0.9877,3
all participants,2165,8,left_hand,0.0044,3
all participants,2166,8,right_hand,0.9905,3
all participants,2167,8,right_hand,1.0,3
all participants,2168,8,left_hand,0.0,3
all participants,2169,8,right_hand,0.979,3
all participants,2170,8,left_hand,0.8573,3
all participants,2171,8,left_hand,0.0011,3
all participants,2172,8,right_hand,1.0,3
all participants,2173,8,left_hand,0.0,3
all participants,2174,8,left_hand,0.0018,3
all participants,2175,8,left_hand,0.0,3
all participants,2176,8,left_hand,0.0,3
all participants,2177,8,right_hand,0.992,3
all participants,2178,8,left_hand,0.0001,3
all participants,2179,8,right_hand,0.9992,3
all participants,2180,8,right_hand,0.3506,3
all participants,2181,8,left_hand,0.0,3
all participants,2182,8,right_hand,0.9999,3
all participants,2183,8,right_hand,0.9587,3
all participants,2184,8,right_hand,0.9997,3
all participants,2185,8,left_hand,0.0,3
all participants,2186,8,left_hand,0.0008,3
all participants,2187,8,right_hand,0.9999,3
all participants,2188,8,right_hand,0.8343,3
all participants,2189,8,left_hand,0.0001,3
all participants,2190,8,left_hand,0.7479,3
all participants,2191,8,left_hand,0.0088,3
all participants,2192,8,right_hand,0.9999,3
all participants,2193,8,right_hand,0.9999,3
all participants,2194,8,left_hand,0.0229,3
all participants,2195,8,left_hand,0.0,3
all participants,2196,8,left_hand,0.0005,3
all participants,2197,8,right_hand,1.0,3
all participants,2198,8,left_hand,0.0466,3
all participants,2199,8,right_hand,0.9968,3
all participants,2200,8,right_hand,0.9999,3
all participants,2201,8,left_hand,0.0081,3
all participants,2202,8,right_hand,0.9997,3
all participants,2203,8,left_hand,0.3513,3
all participants,2204,8,right_hand,0.6945,3
all participants,2205,8,right_hand,0.983,3
all participants,2206,8,right_hand,0.9911,3
all participants,2207,8,left_hand,0.0041,3
all participants,2208,8,left_hand,0.0,3
all participants,2209,8,left_hand,0.0205,3
all participants,2210,8,right_hand,0.9988,3
all participants,2211,8,left_hand,0.0,3
all participants,2212,8,left_hand,0.0,3
all participants,2213,8,right_hand,0.9982,3
all participants,2214,8,left_hand,0.0,3
all participants,2215,8,left_hand,0.0,3
all participants,2216,8,right_hand,0.1984,3
all participants,2217,8,left_hand,0.0,3
all participants,2218,8,right_hand,1.0,3
all participants,2219,8,right_hand,0.9998,3
all participants,2220,8,left_hand,0.0,3
all participants,2221,8,right_hand,1.0,3
all participants,2222,8,left_hand,0.0006,3
all participants,2223,8,left_hand,0.0004,3
all participants,2224,8,right_hand,0.0537,3
all participants,2225,8,left_hand,0.0014,3
all participants,2226,8,right_hand,0.9738,3
all participants,2227,8,right_hand,0.9937,3
all participants,2228,8,right_hand,0.9999,3
all participants,2229,8,right_hand,0.9784,3
all participants,2230,8,right_hand,0.9954,3
all participants,2231,8,left_hand,0.1666,3
all participants,2232,8,right_hand,0.9986,3
all participants,2233,8,left_hand,0.0004,3
all participants,2234,8,left_hand,0.1045,3
all participants,2235,8,left_hand,0.0001,3
all participants,2236,8,right_hand,0.9827,3
all participants,2237,8,right_hand,1.0,3
all participants,2238,8,left_hand,0.0007,3
all participants,2239,8,right_hand,0.9999,3
all participants,2240,8,left_hand,0.0,3
all participants,2241,8,right_hand,1.0,3
all participants,2242,8,left_hand,0.0001,3
all participants,2243,8,right_hand,0.996,3
all participants,2244,8,right_hand,1.0,3
all participants,2245,8,right_hand,0.9892,3
all participants,2246,8,left_hand,0.2867,3
all participants,2247,8,left_hand,0.0,3
all participants,2248,8,right_hand,0.9999,3
all participants,2249,8,left_hand,0.0001,3
all participants,2250,8,right_hand,1.0,3
all participants,2251,8,right_hand,0.9998,3
all participants,2252,8,left_hand,0.3987,3
all participants,2253,8,left_hand,0.0022,3
all participants,2254,8,right_hand,0.9995,3
all participants,2255,8,left_hand,0.0002,3
all participants,2256,8,right_hand,1.0,3
all participants,2257,8,left_hand,0.0,3
all participants,2258,8,left_hand,0.043,3
all participants,2259,8,right_hand,0.9973,3
all participants,2260,8,left_hand,0.0,3
all participants,2261,8,left_hand,0.0007,3
all participants,2262,8,left_hand,0.003,3
all participants,2263,8,right_hand,1.0,3
all participants,2264,8,right_hand,0.9998,3
all participants,2265,8,right_hand,1.0,3
all participants,2266,8,right_hand,1.0,3
all participants,2267,8,left_hand,0.0006,3
all participants,2268,8,right_hand,1.0,3
all participants,2269,8,right_hand,0.9999,3
all participants,2270,8,right_hand,0.9986,3
all participants,2271,8,left_hand,0.0,3
all participants,2272,8,left_hand,0.0187,3
all participants,2273,8,left_hand,0.4517,3
all participants,2274,8,left_hand,0.0006,3
all participants,2275,8,left_hand,0.0271,3
all participants,2276,8,right_hand,0.9996,3
all participants,2277,8,left_hand,0.0003,3
all participants,2278,8,right_hand,0.9556,3
all participants,2279,8,right_hand,0.9842,3
all participants,2280,8,left_hand,0.0065,3
all participants,2281,8,right_hand,0.9999,3
all participants,2282,8,left_hand,0.0001,3
all participants,2283,8,left_hand,0.0,3
all participants,2284,8,right_hand,1.0,3
all participants,2285,8,right_hand,0.9868,3
all participants,2286,8,right_hand,0.9992,3
all participants,2287,8,left_hand,0.0,3
all participants,2288,8,right_hand,0.3698,3
all participants,2289,8,right_hand,1.0,3
all participants,2290,8,right_hand,0.9999,3
all participants,2291,8,right_hand,0.9896,3
all participants,2292,8,right_hand,0.9853,3
all participants,2293,8,left_hand,0.0023,3
all participants,2294,8,right_hand,0.9998,3
all participants,2295,8,right_hand,0.9893,3
all participants,2296,8,left_hand,0.0003,3
all participants,2297,8,left_hand,0.0093,3
all participants,2298,8,left_hand,0.0007,3
all participants,2299,8,left_hand,0.0002,3
all participants,2300,8,left_hand,0.0,3
all participants,2301,8,left_hand,0.2134,3
all participants,2302,8,right_hand,0.9999,3
all participants,2303,8,left_hand,0.002,3
all participants,2448,9,left_hand,0.0026,3
all participants,2449,9,right_hand,1.0,3
all participants,2450,9,right_hand,1.0,3
all participants,2451,9,left_hand,0.002,3
all participants,2452,9,right_hand,1.0,3
all participants,2453,9,left_hand,0.0003,3
all participants,2454,9,right_hand,1.0,3
all participants,2455,9,right_hand,1.0,3
all participants,2456,9,left_hand,0.8005,3
all participants,2457,9,right_hand,1.0,3
all participants,2458,9,left_hand,0.0004,3
all participants,2459,9,left_hand,0.0211,3
all participants,2460,9,right_hand,1.0,3
all participants,2461,9,left_hand,0.0003,3
all participants,2462,9,left_hand,0.0002,3
all participants,2463,9,left_hand,0.0001,3
all participants,2464,9,left_hand,0.9999,3
all participants,2465,9,right_hand,1.0,3
all participants,2466,9,left_hand,0.0008,3
all participants,2467,9,right_hand,1.0,3
all participants,2468,9,right_hand,1.0,3
all participants,2469,9,left_hand,0.0043,3
all participants,2470,9,right_hand,1.0,3
all participants,2471,9,right_hand,1.0,3
all participants,2472,9,right_hand,1.0,3
all participants,2473,9,left_hand,0.6673,3
all participants,2474,9,left_hand,0.9839,3
all participants,2475,9,right_hand,1.0,3
all participants,2476,9,right_hand,1.0,3
all participants,2477,9,left_hand,0.0686,3
all participants,2478,9,left_hand,0.2316,3
all participants,2479,9,left_hand,0.0407,3
all participants,2480,9,right_hand,0.9947,3
all participants,2481,9,right_hand,0.9995,3
all participants,2482,9,left_hand,0.9997,3
all participants,2483,9,left_hand,0.9969,3
all participants,2484,9,left_hand,0.0137,3
all participants,2485,9,right_hand,1.0,3
all participants,2486,9,left_hand,0.0002,3
all participants,2487,9,right_hand,0.9995,3
all participants,2488,9,right_hand,0.9999,3
all participants,2489,9,left_hand,0.802,3
all participants,2490,9,right_hand,1.0,3
all participants,2491,9,left_hand,0.6354,3
all participants,2492,9,right_hand,0.9999,3
all participants,2493,9,right_hand,1.0,3
all participants,2494,9,right_hand,0.9489,3
all participants,2495,9,left_hand,0.9845,3
all participants,2496,9,left_hand,0.879,3
all participants,2497,9,left_hand,0.0905,3
all participants,2498,9,right_hand,0.9999,3
all participants,2499,9,left_hand,0.0673,3
all participants,2500,9,left_hand,0.0076,3
all participants,2501,9,right_hand,0.9966,3
all participants,2502,9,left_hand,0.0,3
all participants,2503,9,left_hand,0.4011,3
all participants,2504,9,right_hand,1.0,3
all participants,2505,9,left_hand,0.0005,3
all participants,2506,9,right_hand,1.0,3
all participants,2507,9,right_hand,0.9901,3
all participants,2508,9,left_hand,0.1433,3
all participants,2509,9,right_hand,0.9998,3
all participants,2510,9,left_hand,0.0396,3
all participants,2511,9,left_hand,0.0445,3
all participants,2512,9,right_hand,1.0,3
all participants,2513,9,left_hand,0.7903,3
all participants,2514,9,right_hand,0.9801,3
all participants,2515,9,right_hand,1.0,3
all participants,2516,9,right_hand,0.9999,3
all participants,2517,9,right_hand,0.471,3
all participants,2518,9,right_hand,0.0305,3
all participants,2519,9,left_hand,0.0023,3
all participants,2520,9,right_hand,0.9998,3
all participants,2521,9,left_hand,0.0,3
all participants,2522,9,left_hand,0.0011,3
all participants,2523,9,left_hand,0.2464,3
all participants,2524,9,right_hand,0.9673,3
all participants,2525,9,right_hand,0.1597,3
all participants,2526,9,left_hand,0.9719,3
all participants,2527,9,right_hand,0.0,3
all participants,2528,9,left_hand,1.0,3
all participants,2529,9,right_hand,0.9601,3
all participants,2530,9,left_hand,0.0,3
all participants,2531,9,right_hand,0.9537,3
all participants,2532,9,right_hand,0.9959,3
all participants,2533,9,right_hand,1.0,3
all participants,2534,9,left_hand,0.0085,3
all participants,2535,9,left_hand,0.0007,3
all participants,2536,9,right_hand,0.9998,3
all participants,2537,9,left_hand,0.9797,3
all participants,2538,9,right_hand,0.9998,3
all participants,2539,9,right_hand,0.6436,3
all participants,2540,9,left_hand,0.8376,3
all participants,2541,9,left_hand,0.0096,3
all participants,2542,9,right_hand,0.9999,3
all participants,2543,9,left_hand,0.9785,3
all participants,2544,9,right_hand,0.9986,3
all participants,2545,9,left_hand,0.9966,3
all participants,2546,9,left_hand,0.147,3
all participants,2547,9,right_hand,0.2288,3
all participants,2548,9,left_hand,0.0059,3
all participants,2549,9,left_hand,0.0673,3
all participants,2550,9,left_hand,0.0045,3
all participants,2551,9,right_hand,0.9995,3
all participants,2552,9,right_hand,0.8795,3
all participants,2553,9,right_hand,0.433,3
all participants,2554,9,right_hand,0.9994,3
all participants,2555,9,left_hand,0.0006,3
all participants,2556,9,right_hand,0.0326,3
all participants,2557,9,right_hand,0.9977,3
all participants,2558,9,right_hand,0.9158,3
all participants,2559,9,left_hand,0.1956,3
all participants,2560,9,left_hand,0.0,3
all participants,2561,9,left_hand,0.9945,3
all participants,2562,9,left_hand,0.2694,3
all participants,2563,9,left_hand,0.2293,3
all participants,2564,9,right_hand,0.9069,3
all participants,2565,9,left_hand,0.714,3
all participants,2566,9,right_hand,0.9971,3
all participants,2567,9,right_hand,0.9996,3
all participants,2568,9,left_hand,0.017,3
all participants,2569,9,right_hand,0.0001,3
all participants,2570,9,left_hand,0.1102,3
all participants,2571,9,left_hand,0.0001,3
all participants,2572,9,right_hand,0.9793,3
all participants,2573,9,right_hand,0.8307,3
all participants,2574,9,right_hand,0.999,3
all participants,2575,9,left_hand,0.0525,3
all participants,2576,9,right_hand,0.9999,3
all participants,2577,9,right_hand,0.9934,3
all participants,2578,9,right_hand,1.0,3
all participants,2579,9,right_hand,0.973,3
all participants,2580,9,right_hand,0.8895,3
all participants,2581,9,left_hand,0.9813,3
all participants,2582,9,right_hand,0.9996,3
all participants,2583,9,right_hand,0.9878,3
all participants,2584,9,left_hand,0.001,3
all participants,2585,9,left_hand,0.8702,3
all participants,2586,9,left_hand,0.0,3
all participants,2587,9,left_hand,0.4704,3
all participants,2588,9,left_hand,0.0064,3
all participants,2589,9,left_hand,0.0001,3
all participants,2590,9,right_hand,0.9996,3
all participants,2591,9,left_hand,0.0014,3
"all participants, one stage",144,1,left_hand,0.0256,3
"all participants, one stage",145,1,right_hand,1.0,3
"all participants, one stage",146,1,right_hand,0.0044,3
"all participants, one stage",147,1,left_hand,0.0001,3
"all participants, one stage",148,1,right_hand,0.9989,3
"all participants, one stage",149,1,left_hand,0.0,3
"all participants, one stage",150,1,right_hand,0.9997,3
"all participants, one stage",151,1,right_hand,1.0,3
"all participants, one stage",152,1,left_hand,0.0001,3
"all participants, one stage",153,1,right_hand,1.0,3
"all participants, one stage",154,1,left_hand,0.0,3
"all participants, one stage",155,1,left_hand,0.0,3
"all participants, one stage",156,1,right_hand,1.0,3
"all participants, one stage",157,1,left_hand,0.0009,3
"all participants, one stage",158,1,left_hand,0.0,3
"all participants, one stage",159,1,left_hand,0.1464,3
"all participants, one stage",160,1,left_hand,0.2688,3
"all participants, one stage",161,1,right_hand,1.0,3
"all participants, one stage",162,1,left_hand,0.0,3
"all participants, one stage",163,1,right_hand,0.9949,3
"all participants, one stage",164,1,right_hand,1.0,3
"all participants, one stage",165,1,left_hand,0.0,3
"all participants, one stage",166,1,right_hand,1.0,3
"all participants, one stage",167,1,right_hand,0.9994,3
"all participants, one stage",168,1,right_hand,0.1698,3
"all participants, one stage",169,1,left_hand,0.0,3
"all participants, one stage",170,1,left_hand,0.0,3
"all participants, one stage",171,1,right_hand,1.0,3
"all participants, one stage",172,1,right_hand,1.0,3
"all participants, one stage",173,1,left_hand,0.0017,3
"all participants, one stage",174,1,left_hand,0.0,3
"all participants, one stage",175,1,left_hand,0.0004,3
"all participants, one stage",176,1,right_hand,0.9999,3
"all participants, one stage",177,1,right_hand,1.0,3
"all participants, one stage",178,1,left_hand,0.0013,3
"all participants, one stage",179,1,left_hand,0.0,3
"all participants, one stage",180,1,left_hand,0.0,3
"all participants, one stage",181,1,right_hand,1.0,3
"all participants, one stage",182,1,left_hand,0.0001,3
"all participants, one stage",183,1,right_hand,0.9507,3
"all participants, one stage",184,1,right_hand,1.0,3
"all participants, one stage",185,1,left_hand,0.9928,3
"all participants, one stage",186,1,right_hand,1.0,3
"all participants, one stage",187,1,left_hand,0.3229,3
"all participants, one stage",188,1,right_hand,1.0,3
"all participants, one stage",189,1,right_hand,0.9998,3
"all participants, one stage",190,1,right_hand,0.005,3
"all participants, one stage",191,1,left_hand,0.0,3
"all participants, one stage",192,1,left_hand,0.0,3
"all participants, one stage",193,1,left_hand,0.9074,3
"all participants, one stage",194,1,right_hand,0.995,3
"all participants, one stage",195,1,left_hand,0.0,3
"all participants, one stage",196,1,left_hand,0.0,3
"all participants, one stage",197,1,right_hand,0.4407,3
"all participants, one stage",198,1,left_hand,0.0,3
"all participants, one stage",199,1,left_hand,0.0,3
"all participants, one stage",200,1,right_hand,1.0,3
"all participants, one stage",201,1,left_hand,0.0168,3
"all participants, one stage",202,1,right_hand,0.9918,3
"all participants, one stage",203,1,right_hand,0.9944,3
"all participants, one stage",204,1,left_hand,0.628,3
"all participants, one stage",205,1,right_hand,0.0372,3
"all participants, one stage",206,1,left_hand,0.0154,3
"all participants, one stage",207,1,left_hand,0.0,3
"all participants, one stage",208,1,right_hand,0.9977,3
"all participants, one stage",209,1,left_hand,0.0,3
"all participants, one stage",210,1,right_hand,0.9997,3
"all participants, one stage",211,1,right_hand,1.0,3
"all participants, one stage",212,1,right_hand,0.9997,3
"all participants, one stage",213,1,right_hand,0.9999,3
"all participants, one stage",214,1,right_hand,1.0,3
"all participants, one stage",215,1,left_hand,0.0426,3
"all participants, one stage",216,1,right_hand,0.9318,3
"all participants, one stage",217,1,left_hand,0.9974,3
"all participants, one stage",218,1,left_hand,0.0001,3
"all participants, one stage",219,1,left_hand,0.0,3
"all participants, one stage",220,1,right_hand,1.0,3
"all participants, one stage",221,1,right_hand,0.0201,3
"all participants, one stage",222,1,left_hand,0.9812,3
"all participants, one stage",223,1,right_hand,0.9987,3
"all participants, one stage",224,1,left_hand,0.9942,3
"all participants, one stage",225,1,right_hand,0.9993,3
"all participants, one stage",226,1,left_hand,0.0097,3
"all participants, one stage",227,1,right_hand,0.2764,3
"all participants, one stage",228,1,right_hand,0.9808,3
"all participants, one stage",229,1,right_hand,0.9992,3
"all participants, one stage",230,1,left_hand,0.0,3
"all participants, one stage",231,1,left_hand,0.0,3
"all participants, one stage",232,1,right_hand,0.998,3
"all participants, one stage",233,1,left_hand,0.0001,3
"all participants, one stage",234,1,right_hand,0.9995,3
"all participants, one stage",235,1,right_hand,0.9996,3
"all participants, one stage",236,1,left_hand,0.0,3
"all participants, one stage",237,1,left_hand,0.9984,3
"all participants, one stage",238,1,right_hand,1.0,3
"all participants, one stage",239,1,left_hand,0.0001,3
"all participants, one stage",240,1,right_hand,0.9495,3
"all participants, one stage",241,1,left_hand,0.011,3
"all participants, one stage",242,1,left_hand,0.0413,3
"all participants, one stage",243,1,right_hand,0.9976,3
"all participants, one stage",244,1,left_hand,0.0543,3
"all participants, one stage",245,1,left_hand,0.023,3
"all participants, one stage",246,1,left_hand,0.0,3
"all participants, one stage",247,1,right_hand,0.9979,3
"all participants, one stage",248,1,right_hand,0.9534,3
"all participants, one stage",249,1,right_hand,0.9982,3
"all participants, one stage",250,1,right_hand,1.0,3
"all participants, one stage",251,1,left_hand,0.0,3
"all participants, one stage",252,1,right_hand,0.1944,3
"all participants, one stage",253,1,right_hand,0.0053,3
"all participants, one stage",254,1,right_hand,1.0,3
"all participants, one stage",255,1,left_hand,0.3492,3
"all participants, one stage",256,1,left_hand,0.98,3
"all participants, one stage",257,1,left_hand,0.9947,3
"all participants, one stage",258,1,left_hand,0.0001,3
"all participants, one stage",259,1,left_hand,0.0277,3
"all participants, one stage",260,1,right_hand,1.0,3
"all participants, one stage",261,1,left_hand,0.9761,3
"all participants, one stage",262,1,right_hand,1.0,3
"all participants, one stage",263,1,right_hand,0.9998,3
"all participants, one stage",264,1,left_hand,0.0255,3
"all participants, one stage",265,1,right_hand,1.0,3
"all participants, one stage",266,1,left_hand,0.9018,3
"all participants, one stage",267,1,left_hand,0.0006,3
"all participants, one stage",268,1,right_hand,1.0,3
"all participants, one stage",269,1,right_hand,1.0,3
"all participants, one stage",270,1,right_hand,0.9999,3
"all participants, one stage",271,1,left_hand,0.1194,3
"all participants, one stage",272,1,right_hand,1.0,3
"all participants, one stage",273,1,right_hand,1.0,3
"all participants, one stage",274,1,right_hand,0.9969,3
"all participants, one stage",275,1,right_hand,0.6678,3
"all participants, one stage",276,1,right_hand,0.033,3
"all participants, one stage",277,1,left_hand,0.0351,3
"all participants, one stage",278,1,right_hand,1.0,3
"all participants, one stage",279,1,right_hand,0.6939,3
"all participants, one stage",280,1,left_hand,0.0001,3
"all participants, one stage",281,1,left_hand,0.953,3
"all participants, one stage",282,1,left_hand,0.9846,3
"all participants, one stage",283,1,left_hand,0.016,3
"all participants, one stage",284,1,left_hand,0.9985,3
"all participants, one stage",285,1,left_hand,0.0,3
"all participants, one stage",286,1,right_hand,1.0,3
"all participants, one stage",287,1,left_hand,0.0001,3
"all participants, one stage",432,2,left_hand,0.0004,3
"all participants, one stage",433,2,right_hand,0.9997,3
"all participants, one stage",434,2,right_hand,1.0,3
"all participants, one stage",435,2,left_hand,0.0018,3
"all participants, one stage",436,2,right_hand,1.0,3
"all participants, one stage",437,2,left_hand,0.0011,3
"all participants, one stage",438,2,right_hand,0.9999,3
"all participants, one stage",439,2,right_hand,0.9934,3
"all participants, one stage",440,2,left_hand,0.9998,3
"all participants, one stage",441,2,right_hand,1.0,3
"all participants, one stage",442,2,left_hand,0.0121,3
"all participants, one stage",443,2,left_hand,0.612,3
"all participants, one stage",444,2,right_hand,1.0,3
"all participants, one stage",445,2,left_hand,0.9406,3
"all participants, one stage",446,2,left_hand,0.0,3
"all participants, one stage",447,2,left_hand,0.9757,3
"all participants, one stage",448,2,left_hand,0.019,3
"all participants, one stage",449,2,right_hand,1.0,3
"all participants, one stage",450,2,left_hand,0.9925,3
"all participants, one stage",451,2,right_hand,1.0,3
"all participants, one stage",452,2,right_hand,1.0,3
"all participants, one stage",453,2,left_hand,0.0,3
"all participants, one stage",454,2,right_hand,0.9981,3
"all participants, one stage",455,2,right_hand,1.0,3
"all participants, one stage",456,2,right_hand,0.9753,3
"all participants, one stage",457,2,left_hand,0.3244,3
"all participants, one stage",458,2,left_hand,0.0003,3
"all participants, one stage",459,2,right_hand,0.9994,3
"all participants, one stage",460,2,right_hand,0.9973,3
"all participants, one stage",461,2,left_hand,0.0001,3
"all participants, one stage",462,2,left_hand,0.0,3
"all participants, one stage",463,2,left_hand,0.0126,3
"all participants, one stage",464,2,right_hand,0.9637,3
"all participants, one stage",465,2,right_hand,0.4206,3
"all participants, one stage",466,2,left_hand,0.0655,3
"all participants, one stage",467,2,left_hand,0.0001,3
"all participants, one stage",468,2,left_hand,0.0108,3
"all participants, one stage",469,2,right_hand,0.9983,3
"all participants, one stage",470,2,left_hand,0.0002,3
"all participants, one stage",471,2,right_hand,0.4714,3
"all participants, one stage",472,2,right_hand,0.4233,3
"all participants, one stage",473,2,left_hand,0.0,3
"all participants, one stage",474,2,right_hand,1.0,3
"all participants, one stage",475,2,left_hand,0.0003,3
"all participants, one stage",476,2,right_hand,0.9994,3
"all participants, one stage",477,2,right_hand,0.9997,3
"all participants, one stage",478,2,right_hand,1.0,3
"all participants, one stage",479,2,left_hand,0.0023,3
"all participants, one stage",480,2,left_hand,0.0008,3
"all participants, one stage",481,2,left_hand,0.0008,3
"all participants, one stage",482,2,right_hand,0.026,3
"all participants, one stage",483,2,left_hand,0.0,3
"all participants, one stage",484,2,left_hand,0.5684,3
"all participants, one stage",485,2,right_hand,0.9499,3
"all participants, one stage",486,2,left_hand,0.0,3
"all participants, one stage",487,2,left_hand,0.0414,3
"all participants, one stage",488,2,right_hand,0.206,3
"all participants, one stage",489,2,left_hand,0.0006,3
"all participants, one stage",490,2,right_hand,0.9973,3
"all participants, one stage",491,2,right_hand,0.9994,3
"all participants, one stage",492,2,left_hand,0.0328,3
"all participants, one stage",493,2,right_hand,0.2714,3
"all participants, one stage",494,2,left_hand,0.3895,3
"all participants, one stage",495,2,left_hand,0.0,3
"all participants, one stage",496,2,right_hand,0.994,3
"all participants, one stage",497,2,left_hand,0.0003,3
"all participants, one stage",498,2,right_hand,0.9991,3
"all participants, one stage",499,2,right_hand,0.1736,3
"all participants, one stage",500,2,right_hand,1.0,3
"all participants, one stage",501,2,right_hand,0.2755,3
"all participants, one stage",502,2,right_hand,0.9964,3
"all participants, one stage",503,2,left_hand,0.998,3
"all participants, one stage",504,2,right_hand,0.1259,3
"all participants, one stage",505,2,left_hand,0.0251,3
"all participants, one stage",506,2,left_hand,0.1755,3
"all participants, one stage",507,2,left_hand,0.0005,3
"all participants, one stage",508,2,right_hand,0.0846,3
"all participants, one stage",509,2,right_hand,0.4103,3
"all participants, one stage",510,2,left_hand,0.0032,3
"all participants, one stage",511,2,right_hand,0.9725,3
"all participants, one stage",512,2,left_hand,0.0008,3
"all participants, one stage",513,2,right_hand,0.9647,3
"all participants, one stage",514,2,left_hand,0.0003,3
"all participants, one stage",515,2,right_hand,0.9659,3
"all participants, one stage",516,2,right_hand,0.9998,3
"all participants, one stage",517,2,right_hand,0.9996,3
"all participants, one stage",518,2,left_hand,0.1772,3
"all participants, one stage",519,2,left_hand,0.0213,3
"all participants, one stage",520,2,right_hand,0.9952,3
"all participants, one stage",521,2,left_hand,0.0193,3
"all participants, one stage",522,2,right_hand,1.0,3
"all participants, one stage",523,2,right_hand,0.9999,3
"all participants, one stage",524,2,left_hand,0.9433,3
"all participants, one stage",525,2,left_hand,0.0001,3
"all participants, one stage",526,2,right_hand,0.7074,3
"all participants, one stage",527,2,left_hand,0.0,3
"all participants, one stage",528,2,right_hand,0.9853,3
"all participants, one stage",529,2,left_hand,0.0004,3
"all participants, one stage",530,2,left_hand,0.004,3
"all participants, one stage",531,2,right_hand,0.1504,3
"all participants, one stage",532,2,left_hand,0.0001,3
"all participants, one stage",533,2,left_hand,0.0002,3
"all participants, one stage",534,2,left_hand,0.0,3
"all participants, one stage",535,2,right_hand,0.0943,3
"all participants, one stage",536,2,right_hand,0.2682,3
"all participants, one stage",537,2,right_hand,0.0453,3
"all participants, one stage",538,2,right_hand,0.989,3
"all participants, one stage",539,2,left_hand,0.0,3
"all participants, one stage",540,2,right_hand,0.929,3
"all participants, one stage",541,2,right_hand,0.9844,3
"all participants, one stage",542,2,right_hand,0.0101,3
"all participants, one stage",543,2,left_hand,0.0034,3
"all participants, one stage",544,2,left_hand,0.0002,3
"all participants, one stage",545,2,left_hand,0.0001,3
"all participants, one stage",546,2,left_hand,0.905,3
"all participants, one stage",547,2,left_hand,0.0001,3
"all participants, one stage",548,2,right_hand,0.9786,3
"all participants, one stage",549,2,left_hand,0.0739,3
"all participants, one stage",550,2,right_hand,0.9745,3
"all participants, one stage",551,2,right_hand,0.9956,3
"all participants, one stage",552,2,left_hand,0.0,3
"all participants, one stage",553,2,right_hand,0.9405,3
"all participants, one stage",554,2,left_hand,0.01,3
"all participants, one stage",555,2,left_hand,0.2461,3
"all participants, one stage",556,2,right_hand,1.0,3
"all participants, one stage",557,2,right_hand,0.9995,3
"all participants, one stage",558,2,right_hand,0.9943,3
"all participants, one stage",559,2,left_hand,0.0088,3
"all participants, one stage",560,2,right_hand,0.1279,3
"all participants, one stage",561,2,right_hand,0.2777,3
"all participants, one stage",562,2,right_hand,0.0,3
"all participants, one stage",563,2,right_hand,0.7509,3
"all participants, one stage",564,2,right_hand,0.0555,3
"all participants, one stage",565,2,left_hand,0.0,3
"all participants, one stage",566,2,right_hand,0.999,3
"all participants, one stage",567,2,right_hand,0.0,3
"all participants, one stage",568,2,left_hand,0.0003,3
"all participants, one stage",569,2,left_hand,0.0029,3
"all participants, one stage",570,2,left_hand,0.4176,3
"all participants, one stage",571,2,left_hand,0.0,3
"all participants, one stage",572,2,left_hand,0.0034,3
"all participants, one stage",573,2,left_hand,0.0,3
"all participants, one stage",574,2,right_hand,0.0325,3
"all participants, one stage",575,2,left_hand,0.1194,3
"all participants, one stage",720,3,left_hand,0.1446,3
"all participants, one stage",721,3,right_hand,1.0,3
"all participants, one stage",722,3,right_hand,1.0,3
"all participants, one stage",723,3,left_hand,0.0,3
"all participants, one stage",724,3,right_hand,0.9617,3
"all participants, one stage",725,3,left_hand,0.0,3
"all participants, one stage",726,3,right_hand,0.7326,3
"all participants, one stage",727,3,right_hand,0.9936,3
"all participants, one stage",728,3,left_hand,0.0,3
"all participants, one stage",729,3,right_hand,1.0,3
"all participants, one stage",730,3,left_hand,0.0,3
"all participants, one stage",731,3,left_hand,0.9011,3
"all participants, one stage",732,3,right_hand,1.0,3
"all participants, one stage",733,3,left_hand,0.0,3
"all participants, one stage",734,3,left_hand,0.0,3
"all participants, one stage",735,3,left_hand,0.0039,3
"all participants, one stage",736,3,left_hand,0.0,3
"all participants, one stage",737,3,right_hand,0.9998,3
"all participants, one stage",738,3,left_hand,0.0001,3
"all participants, one stage",739,3,right_hand,1.0,3
"all participants, one stage",740,3,right_hand,0.9793,3
"all participants, one stage",741,3,left_hand,0.0,3
"all participants, one stage",742,3,right_hand,1.0,3
"all participants, one stage",743,3,right_hand,1.0,3
"all participants, one stage",744,3,right_hand,0.9739,3
"all participants, one stage",745,3,left_hand,0.0,3
"all participants, one stage",746,3,left_hand,0.0,3
"all participants, one stage",747,3,right_hand,1.0,3
"all participants, one stage",748,3,right_hand,1.0,3
"all participants, one stage",749,3,left_hand,0.0052,3
"all participants, one stage",750,3,left_hand,0.0,3
"all participants, one stage",751,3,left_hand,0.0,3
"all participants, one stage",752,3,right_hand,1.0,3
"all participants, one stage",753,3,right_hand,1.0,3
"all participants, one stage",754,3,left_hand,0.0021,3
"all participants, one stage",755,3,left_hand,0.0007,3
"all participants, one stage",756,3,left_hand,0.0,3
"all participants, one stage",757,3,right_hand,1.0,3
"all participants, one stage",758,3,left_hand,0.0,3
"all participants, one stage",759,3,right_hand,1.0,3
"all participants, one stage",760,3,right_hand,0.6277,3
"all participants, one stage",761,3,left_hand,0.0,3
"all participants, one stage",762,3,right_hand,1.0,3
"all participants, one stage",763,3,left_hand,0.0017,3
"all participants, one stage",764,3,right_hand,0.9999,3
"all participants, one stage",765,3,right_hand,1.0,3
"all participants, one stage",766,3,right_hand,0.9999,3
"all participants, one stage",767,3,left_hand,0.0,3
"all participants, one stage",768,3,left_hand,0.0,3
"all participants, one stage",769,3,left_hand,0.0,3
"all participants, one stage",770,3,right_hand,0.9999,3
"all participants, one stage",771,3,left_hand,0.0,3
"all participants, one stage",772,3,left_hand,0.0,3
"all participants, one stage",773,3,right_hand,0.9999,3
"all participants, one stage",774,3,left_hand,0.0001,3
"all participants, one stage",775,3,left_hand,0.0,3
"all participants, one stage",776,3,right_hand,1.0,3
"all participants, one stage",777,3,left_hand,0.1547,3
"all participants, one stage",778,3,right_hand,1.0,3
"all participants, one stage",779,3,right_hand,1.0,3
"all participants, one stage",780,3,left_hand,0.0,3
"all participants, one stage",781,3,right_hand,1.0,3
"all participants, one stage",782,3,left_hand,0.0,3
"all participants, one stage",783,3,left_hand,0.0001,3
"all participants, one stage",784,3,right_hand,1.0,3
"all participants, one stage",785,3,left_hand,0.0001,3
"all participants, one stage",786,3,right_hand,1.0,3
"all participants, one stage",787,3,right_hand,0.4487,3
"all participants, one stage",788,3,right_hand,0.9996,3
"all participants, one stage",789,3,right_hand,1.0,3
"all participants, one stage",790,3,right_hand,1.0,3
"all participants, one stage",791,3,left_hand,0.0298,3
"all participants, one stage",792,3,right_hand,0.9976,3
"all participants, one stage",793,3,left_hand,0.0,3
"all participants, one stage",794,3,left_hand,1.0,3
"all participants, one stage",795,3,left_hand,0.0,3
"all participants, one stage",796,3,right_hand,1.0,3
"all participants, one stage",797,3,right_hand,1.0,3
"all participants, one stage",798,3,left_hand,0.3317,3
"all participants, one stage",799,3,right_hand,1.0,3
"all participants, one stage",800,3,left_hand,0.4466,3
"all participants, one stage",801,3,right_hand,0.9921,3
"all participants, one stage",802,3,left_hand,0.9999,3
"all participants, one stage",803,3,right_hand,1.0,3
"all participants, one stage",804,3,right_hand,1.0,3
"all participants, one stage",805,3,right_hand,1.0,3
"all participants, one stage",806,3,left_hand,0.0,3
"all participants, one stage",807,3,left_hand,0.0,3
"all participants, one stage",808,3,right_hand,1.0,3
"all participants, one stage",809,3,left_hand,0.0004,3
"all participants, one stage",810,3,right_hand,1.0,3
"all participants, one stage",811,3,right_hand,0.9989,3
"all participants, one stage",812,3,left_hand,0.0152,3
"all participants, one stage",813,3,left_hand,0.9999,3
"all participants, one stage",814,3,right_hand,1.0,3
"all participants, one stage",815,3,left_hand,0.0,3
"all participants, one stage",816,3,right_hand,0.9973,3
"all participants, one stage",817,3,left_hand,0.0,3
"all participants, one stage",818,3,left_hand,0.0,3
"all participants, one stage",819,3,right_hand,1.0,3
"all participants, one stage",820,3,left_hand,0.0,3
"all participants, one stage",821,3,left_hand,0.0,3
"all participants, one stage",822,3,left_hand,0.0152,3
"all participants, one stage",823,3,right_hand,0.9999,3
"all participants, one stage",824,3,right_hand,1.0,3
"all participants, one stage",825,3,right_hand,1.0,3
"all participants, one stage",826,3,right_hand,1.0,3
"all participants, one stage",827,3,left_hand,0.0006,3
"all participants, one stage",828,3,right_hand,0.9998,3
"all participants, one stage",829,3,right_hand,1.0,3
"all participants, one stage",830,3,right_hand,1.0,3
"all participants, one stage",831,3,left_hand,0.0081,3
"all participants, one stage",832,3,left_hand,0.0,3
"all participants, one stage",833,3,left_hand,0.0,3
"all participants, one stage",834,3,left_hand,0.0,3
"all participants, one stage",835,3,left_hand,0.0022,3
"all participants, one stage",836,3,right_hand,1.0,3
"all participants, one stage",837,3,left_hand,0.0,3
"all participants, one stage",838,3,right_hand,0.9823,3
"all participants, one stage",839,3,right_hand,1.0,3
"all participants, one stage",840,3,left_hand,0.0,3
"all participants, one stage",841,3,right_hand,1.0,3
"all participants, one stage",842,3,left_hand,0.0,3
"all participants, one stage",843,3,left_hand,0.0003,3
"all participants, one stage",844,3,right_hand,1.0,3
"all participants, one stage",845,3,right_hand,0.7297,3
"all participants, one stage",846,3,right_hand,0.9998,3
"all participants, one stage",847,3,left_hand,0.0,3
"all participants, one stage",848,3,right_hand,0.99,3
"all participants, one stage",849,3,right_hand,1.0,3
"all participants, one stage",850,3,right_hand,0.9997,3
"all participants, one stage",851,3,right_hand,1.0,3
"all participants, one stage",852,3,right_hand,0.9995,3
"all participants, one stage",853,3,left_hand,0.2047,3
"all participants, one stage",854,3,right_hand,1.0,3
"all participants, one stage",855,3,right_hand,0.9979,3
"all participants, one stage",856,3,left_hand,0.6895,3
"all participants, one stage",857,3,left_hand,0.0,3
"all participants, one stage",858,3,left_hand,0.0561,3
"all participants, one stage",859,3,left_hand,0.0,3
"all participants, one stage",860,3,left_hand,0.0,3
"all participants, one stage",861,3,left_hand,0.212,3
"all participants, one stage",862,3,right_hand,1.0,3
"all participants, one stage",863,3,left_hand,0.0,3
"all participants, one stage",1008,4,right_hand,1.0,3
"all participants, one stage",1009,4,left_hand,0.7103,3
"all participants, one stage",1010,4,left_hand,0.9378,3
"all participants, one stage",1011,4,right_hand,0.9994,3
"all participants, one stage",1012,4,right_hand,0.9957,3
"all participants, one stage",1013,4,left_hand,0.0001,3
"all participants, one stage",1014,4,left_hand,0.0057,3
"all participants, one stage",1015,4,left_hand,0.0071,3
"all participants, one stage",1016,4,right_hand,0.0169,3
"all participants, one stage",1017,4,right_hand,1.0,3
"all participants, one stage",1018,4,left_hand,0.0015,3
"all participants, one stage",1019,4,left_hand,0.0074,3
"all participants, one stage",1020,4,left_hand,0.3819,3
"all participants, one stage",1021,4,right_hand,0.9974,3
"all participants, one stage",1022,4,left_hand,0.9352,3
"all participants, one stage",1023,4,right_hand,0.9999,3
"all participants, one stage",1024,4,right_hand,1.0,3
"all participants, one stage",1025,4,left_hand,0.0002,3
"all participants, one stage",1026,4,right_hand,0.8267,3
"all participants, one stage",1027,4,left_hand,0.3939,3
"all participants, one stage",1028,4,right_hand,0.9898,3
"all participants, one stage",1029,4,right_hand,0.9976,3
"all participants, one stage",1030,4,right_hand,1.0,3
"all participants, one stage",1031,4,left_hand,0.0001,3
"all participants, one stage",1032,4,left_hand,0.0006,3
"all participants, one stage",1033,4,left_hand,0.0,3
"all participants, one stage",1034,4,right_hand,1.0,3
"all participants, one stage",1035,4,left_hand,0.0,3
"all participants, one stage",1036,4,left_hand,0.0032,3
"all participants, one stage",1037,4,right_hand,0.5563,3
"all participants, one stage",1038,4,left_hand,0.0124,3
"all participants, one stage",1039,4,left_hand,0.0001,3
"all participants, one stage",1040,4,right_hand,1.0,3
"all participants, one stage",1041,4,left_hand,0.5245,3
"all participants, one stage",1042,4,right_hand,0.9947,3
"all participants, one stage",1043,4,right_hand,1.0,3
"all participants, one stage",1044,4,left_hand,0.0059,3
"all participants, one stage",1045,4,right_hand,0.9571,3
"all participants, one stage",1046,4,left_hand,0.0007,3
"all participants, one stage",1047,4,left_hand,0.2794,3
"all participants, one stage",1048,4,right_hand,1.0,3
"all participants, one stage",1049,4,left_hand,0.0953,3
"all participants, one stage",1050,4,right_hand,0.9753,3
"all participants, one stage",1051,4,right_hand,0.9993,3
"all participants, one stage",1052,4,right_hand,0.8782,3
"all participants, one stage",1053,4,right_hand,1.0,3
"all participants, one stage",1054,4,right_hand,0.9997,3
"all participants, one stage",1055,4,left_hand,0.0,3
"all participants, one stage",1056,4,right_hand,0.6413,3
"all participants, one stage",1057,4,left_hand,0.022,3
"all participants, one stage",1058,4,left_hand,0.0713,3
"all participants, one stage",1059,4,left_hand,0.8871,3
"all participants, one stage",1060,4,right_hand,1.0,3
"all participants, one stage",1061,4,right_hand,0.0016,3
"all participants, one stage",1062,4,left_hand,0.0,3
"all participants, one stage",1063,4,right_hand,1.0,3
"all participants, one stage",1064,4,left_hand,0.0113,3
"all participants, one stage",1065,4,right_hand,0.9191,3
"all participants, one stage",1066,4,left_hand,0.9523,3
"all participants, one stage",1067,4,right_hand,1.0,3
"all participants, one stage",1068,4,right_hand,0.9903,3
"all participants, one stage",1069,4,right_hand,0.3,3
"all participants, one stage",1070,4,left_hand,0.2643,3
"all participants, one stage",1071,4,left_hand,0.003,3
"all participants, one stage",1072,4,right_hand,0.9999,3
"all participants, one stage",1073,4,left_hand,0.8185,3
"all participants, one stage",1074,4,right_hand,1.0,3
"all participants, one stage",1075,4,right_hand,0.999,3
"all participants, one stage",1076,4,left_hand,0.0209,3
"all participants, one stage",1077,4,left_hand,0.3944,3
"all participants, one stage",1078,4,right_hand,1.0,3
"all participants, one stage",1079,4,left_hand,0.6288,3
"all participants, one stage",1080,4,right_hand,1.0,3
"all participants, one stage",1081,4,left_hand,0.0123,3
"all participants, one stage",1082,4,left_hand,0.0,3
"all participants, one stage",1083,4,right_hand,0.9951,3
"all participants, one stage",1084,4,left_hand,0.0005,3
"all participants, one stage",1085,4,left_hand,0.0,3
"all participants, one stage",1086,4,left_hand,0.0,3
"all participants, one stage",1087,4,right_hand,0.995,3
"all participants, one stage",1088,4,right_hand,0.0049,3
"all participants, one stage",1089,4,right_hand,1.0,3
"all participants, one stage",1090,4,right_hand,1.0,3
"all participants, one stage",1091,4,left_hand,0.0076,3
"all participants, one stage",1092,4,right_hand,0.9998,3
"all participants, one stage",1093,4,right_hand,0.9997,3
"all participants, one stage",1094,4,right_hand,0.698,3
"all participants, one stage",1095,4,left_hand,0.0,3
"all participants, one stage",1096,4,left_hand,0.0243,3
"all participants, one stage",1097,4,left_hand,0.0002,3
"all participants, one stage",1098,4,left_hand,0.0,3
"all participants, one stage",1099,4,left_hand,0.9977,3
"all participants, one stage",1100,4,right_hand,1.0,3
"all participants, one stage",1101,4,left_hand,0.0,3
"all participants, one stage",1102,4,right_hand,0.991,3
"all participants, one stage",1103,4,right_hand,0.9968,3
"all participants, one stage",1104,4,left_hand,0.0001,3
"all participants, one stage",1105,4,right_hand,0.9046,3
"all participants, one stage",1106,4,left_hand,0.0001,3
"all participants, one stage",1107,4,left_hand,0.0,3
"all participants, one stage",1108,4,right_hand,0.9989,3
"all participants, one stage",1109,4,right_hand,0.8954,3
"all participants, one stage",1110,4,right_hand,0.9998,3
"all participants, one stage",1111,4,left_hand,0.0,3
"all participants, one stage",1112,4,right_hand,1.0,3
"all participants, one stage",1113,4,right_hand,1.0,3
"all participants, one stage",1114,4,right_hand,1.0,3
"all participants, one stage",1115,4,right_hand,1.0,3
"all participants, one stage",1116,4,right_hand,0.9695,3
"all participants, one stage",1117,4,left_hand,0.0001,3
"all participants, one stage",1118,4,right_hand,0.5408,3
"all participants, one stage",1119,4,right_hand,1.0,3
"all participants, one stage",1120,4,left_hand,0.9964,3
"all participants, one stage",1121,4,left_hand,0.8813,3
"all participants, one stage",1122,4,left_hand,0.8596,3
"all participants, one stage",1123,4,left_hand,0.0,3
"all participants, one stage",1124,4,left_hand,0.0022,3
"all participants, one stage",1125,4,left_hand,0.981,3
"all participants, one stage",1126,4,right_hand,1.0,3
"all participants, one stage",1127,4,left_hand,0.4904,3
"all participants, one stage",1128,4,left_hand,0.0001,3
"all participants, one stage",1129,4,right_hand,0.9994,3
"all participants, one stage",1130,4,right_hand,0.9978,3
"all participants, one stage",1131,4,left_hand,0.0,3
"all participants, one stage",1132,4,right_hand,0.9133,3
"all participants, one stage",1133,4,right_hand,1.0,3
"all participants, one stage",1134,4,right_hand,1.0,3
"all participants, one stage",1135,4,right_hand,0.9997,3
"all participants, one stage",1136,4,right_hand,0.9987,3
"all participants, one stage",1137,4,left_hand,0.0,3
"all participants, one stage",1138,4,left_hand,0.87,3
"all participants, one stage",1139,4,left_hand,0.7906,3
"all participants, one stage",1140,4,left_hand,0.0181,3
"all participants, one stage",1141,4,right_hand,1.0,3
"all participants, one stage",1142,4,right_hand,1.0,3
"all participants, one stage",1143,4,left_hand,0.6073,3
"all participants, one stage",1144,4,left_hand,1.0,3
"all participants, one stage",1145,4,left_hand,0.0,3
"all participants, one stage",1146,4,right_hand,0.9989,3
"all participants, one stage",1147,4,right_hand,1.0,3
"all participants, one stage",1148,4,left_hand,0.0,3
"all participants, one stage",1149,4,left_hand,0.2124,3
"all participants, one stage",1150,4,right_hand,1.0,3
"all participants, one stage",1151,4,left_hand,0.0005,3
"all participants, one stage",1296,5,left_hand,0.2523,3
"all participants, one stage",1297,5,right_hand,0.9997,3
"all participants, one stage",1298,5,right_hand,0.8043,3
"all participants, one stage",1299,5,left_hand,0.0738,3
"all participants, one stage",1300,5,right_hand,0.9993,3
"all participants, one stage",1301,5,left_hand,0.0,3
"all participants, one stage",1302,5,right_hand,1.0,3
"all participants, one stage",1303,5,right_hand,0.9174,3
"all participants, one stage",1304,5,left_hand,0.0006,3
"all participants, one stage",1305,5,right_hand,0.0029,3
"all participants, one stage",1306,5,left_hand,0.0,3
"all participants, one stage",1307,5,left_hand,0.0009,3
"all participants, one stage",1308,5,right_hand,1.0,3
"all participants, one stage",1309,5,left_hand,0.0001,3
"all participants, one stage",1310,5,left_hand,0.0,3
"all participants, one stage",1311,5,left_hand,0.0001,3
"all participants, one stage",1312,5,left_hand,0.0001,3
"all participants, one stage",1313,5,right_hand,0.9988,3
"all participants, one stage",1314,5,left_hand,0.0002,3
"all participants, one stage",1315,5,right_hand,0.9013,3
"all participants, one stage",1316,5,right_hand,0.7414,3
"all participants, one stage",1317,5,left_hand,0.0,3
"all participants, one stage",1318,5,right_hand,0.9372,3
"all participants, one stage",1319,5,right_hand,1.0,3
"all participants, one stage",1320,5,right_hand,0.3027,3
"all participants, one stage",1321,5,left_hand,0.0,3
"all participants, one stage",1322,5,left_hand,0.0,3
"all participants, one stage",1323,5,right_hand,1.0,3
"all participants, one stage",1324,5,right_hand,0.999,3
"all participants, one stage",1325,5,left_hand,0.0014,3
"all participants, one stage",1326,5,left_hand,0.0001,3
"all participants, one stage",1327,5,left_hand,0.0,3
"all participants, one stage",1328,5,right_hand,1.0,3
"all participants, one stage",1329,5,right_hand,0.9996,3
"all participants, one stage",1330,5,left_hand,0.0,3
"all participants, one stage",1331,5,left_hand,0.0,3
"all participants, one stage",1332,5,left_hand,0.0,3
"all participants, one stage",1333,5,right_hand,0.0001,3
"all participants, one stage",1334,5,left_hand,0.0001,3
"all participants, one stage",1335,5,right_hand,0.9792,3
"all participants, one stage",1336,5,right_hand,0.1528,3
"all participants, one stage",1337,5,left_hand,0.0,3
"all participants, one stage",1338,5,right_hand,1.0,3
"all participants, one stage",1339,5,left_hand,0.0824,3
"all participants, one stage",1340,5,right_hand,1.0,3
"all participants, one stage",1341,5,right_hand,1.0,3
"all participants, one stage",1342,5,right_hand,1.0,3
"all participants, one stage",1343,5,left_hand,0.0,3
"all participants, one stage",1344,5,left_hand,0.0,3
"all participants, one stage",1345,5,left_hand,0.0,3
"all participants, one stage",1346,5,right_hand,0.5384,3
"all participants, one stage",1347,5,left_hand,0.0,3
"all participants, one stage",1348,5,left_hand,0.0,3
"all participants, one stage",1349,5,right_hand,0.5481,3
"all participants, one stage",1350,5,left_hand,0.0006,3
"all participants, one stage",1351,5,left_hand,0.0,3
"all participants, one stage",1352,5,right_hand,0.476,3
"all participants, one stage",1353,5,left_hand,0.0,3
"all participants, one stage",1354,5,right_hand,0.0123,3
"all participants, one stage",1355,5,right_hand,0.2478,3
"all participants, one stage",1356,5,left_hand,0.0,3
"all participants, one stage",1357,5,right_hand,0.9992,3
"all participants, one stage",1358,5,left_hand,0.0,3
"all participants, one stage",1359,5,left_hand,0.0,3
"all participants, one stage",1360,5,right_hand,1.0,3
"all participants, one stage",1361,5,left_hand,0.0,3
"all participants, one stage",1362,5,right_hand,0.0003,3
"all participants, one stage",1363,5,right_hand,0.9995,3
"all participants, one stage",1364,5,right_hand,0.999,3
"all participants, one stage",1365,5,right_hand,1.0,3
"all participants, one stage",1366,5,right_hand,0.1671,3
"all participants, one stage",1367,5,left_hand,0.0002,3
"all participants, one stage",1368,5,right_hand,0.1682,3
"all participants, one stage",1369,5,left_hand,0.7351,3
"all participants, one stage",1370,5,left_hand,0.0,3
"all participants, one stage",1371,5,left_hand,0.0,3
"all participants, one stage",1372,5,right_hand,0.8539,3
"all participants, one stage",1373,5,right_hand,0.9972,3
"all participants, one stage",1374,5,left_hand,0.0129,3
"all participants, one stage",1375,5,right_hand,1.0,3
"all participants, one stage",1376,5,left_hand,0.0,3
"all participants, one stage",1377,5,right_hand,0.9944,3
"all participants, one stage",1378,5,left_hand,0.0,3
"all participants, one stage",1379,5,right_hand,0.9891,3
"all participants, one stage",1380,5,right_hand,0.9988,3
"all participants, one stage",1381,5,right_hand,1.0,3
"all participants, one stage",1382,5,left_hand,0.0008,3
"all participants, one stage",1383,5,left_hand,0.0,3
"all participants, one stage",1384,5,right_hand,0.0037,3
"all participants, one stage",1385,5,left_hand,0.0,3
"all participants, one stage",1386,5,right_hand,0.8077,3
"all participants, one stage",1387,5,right_hand,0.4173,3
"all participants, one stage",1388,5,left_hand,0.0,3
"all participants, one stage",1389,5,left_hand,0.0,3
"all participants, one stage",1390,5,right_hand,0.997,3
"all participants, one stage",1391,5,left_hand,0.0,3
"all participants, one stage",1392,5,right_hand,0.7961,3
"all participants, one stage",1393,5,left_hand,0.0,3
"all participants, one stage",1394,5,left_hand,0.0,3
"all participants, one stage",1395,5,right_hand,1.0,3
"all participants, one stage",1396,5,left_hand,1.0,3
"all participants, one stage",1397,5,left_hand,0.0,3
"all participants, one stage",1398,5,left_hand,0.0,3
"all participants, one stage",1399,5,right_hand,0.0639,3
"all participants, one stage",1400,5,right_hand,0.9645,3
"all participants, one stage",1401,5,right_hand,0.9994,3
"all participants, one stage",1402,5,right_hand,1.0,3
"all participants, one stage",1403,5,left_hand,0.0,3
"all participants, one stage",1404,5,right_hand,0.0043,3
"all participants, one stage",1405,5,right_hand,0.9999,3
"all participants, one stage",1406,5,right_hand,0.0365,3
"all participants, one stage",1407,5,left_hand,0.0,3
"all participants, one stage",1408,5,left_hand,0.0015,3
"all participants, one stage",1409,5,left_hand,0.0,3
"all participants, one stage",1410,5,left_hand,0.0,3
"all participants, one stage",1411,5,left_hand,0.0,3
"all participants, one stage",1412,5,right_hand,1.0,3
"all participants, one stage",1413,5,left_hand,0.0,3
"all participants, one stage",1414,5,right_hand,1.0,3
"all participants, one stage",1415,5,right_hand,0.3341,3
"all participants, one stage",1416,5,left_hand,0.0,3
"all participants, one stage",1417,5,right_hand,0.9031,3
"all participants, one stage",1418,5,left_hand,0.0,3
"all participants, one stage",1419,5,left_hand,0.0,3
"all participants, one stage",1420,5,right_hand,0.9999,3
"all participants, one stage",1421,5,right_hand,1.0,3
"all participants, one stage",1422,5,right_hand,0.9499,3
"all participants, one stage",1423,5,left_hand,0.0013,3
"all participants, one stage",1424,5,right_hand,0.9995,3
"all participants, one stage",1425,5,right_hand,0.9999,3
"all participants, one stage",1426,5,right_hand,0.0001,3
"all participants, one stage",1427,5,right_hand,0.9958,3
"all participants, one stage",1428,5,right_hand,0.9984,3
"all participants, one stage",1429,5,left_hand,0.0002,3
"all participants, one stage",1430,5,right_hand,0.0068,3
"all participants, one stage",1431,5,right_hand,0.2008,3
"all participants, one stage",1432,5,left_hand,0.0105,3
"all participants, one stage",1433,5,left_hand,0.0001,3
"all participants, one stage",1434,5,left_hand,0.0,3
"all participants, one stage",1435,5,left_hand,0.0,3
"all participants, one stage",1436,5,left_hand,0.0,3
"all participants, one stage",1437,5,left_hand,0.0,3
"all participants, one stage",1438,5,right_hand,0.1844,3
"all participants, one stage",1439,5,left_hand,0.0058,3
"all participants, one stage",1584,6,left_hand,0.0,3
"all participants, one stage",1585,6,right_hand,0.9999,3
"all participants, one stage",1586,6,right_hand,0.9998,3
"all participants, one stage",1587,6,left_hand,0.0,3
"all participants, one stage",1588,6,right_hand,0.1583,3
"all participants, one stage",1589,6,left_hand,0.0002,3
"all participants, one stage",1590,6,right_hand,0.9506,3
"all participants, one stage",1591,6,right_hand,0.0943,3
"all participants, one stage",1592,6,left_hand,0.0,3
"all participants, one stage",1593,6,right_hand,1.0,3
"all participants, one stage",1594,6,left_hand,0.9762,3
"all participants, one stage",1595,6,left_hand,0.0,3
"all participants, one stage",1596,6,right_hand,1.0,3
"all participants, one stage",1597,6,left_hand,0.0002,3
"all participants, one stage",1598,6,left_hand,0.0,3
"all participants, one stage",1599,6,left_hand,0.8668,3
"all participants, one stage",1600,6,left_hand,0.0475,3
"all participants, one stage",1601,6,right_hand,1.0,3
"all participants, one stage",1602,6,left_hand,0.0089,3
"all participants, one stage",1603,6,right_hand,0.9692,3
"all participants, one stage",1604,6,right_hand,0.8843,3
"all participants, one stage",1605,6,left_hand,0.0016,3
"all participants, one stage",1606,6,right_hand,1.0,3
"all participants, one stage",1607,6,right_hand,1.0,3
"all participants, one stage",1608,6,right_hand,1.0,3
"all participants, one stage",1609,6,left_hand,0.0,3
"all participants, one stage",1610,6,left_hand,0.0025,3
"all participants, one stage",1611,6,right_hand,1.0,3
"all participants, one stage",1612,6,right_hand,0.9776,3
"all participants, one stage",1613,6,left_hand,0.0,3
"all participants, one stage",1614,6,left_hand,0.0,3
"all participants, one stage",1615,6,left_hand,0.7322,3
"all participants, one stage",1616,6,right_hand,0.0149,3
"all participants, one stage",1617,6,right_hand,1.0,3
"all participants, one stage",1618,6,left_hand,0.0,3
"all participants, one stage",1619,6,left_hand,0.0,3
"all participants, one stage",1620,6,left_hand,0.0,3
"all participants, one stage",1621,6,right_hand,0.9998,3
"all participants, one stage",1622,6,left_hand,0.0074,3
"all participants, one stage",1623,6,right_hand,0.0008,3
"all participants, one stage",1624,6,right_hand,0.9992,3
"all participants, one stage",1625,6,left_hand,0.0,3
"all participants, one stage",1626,6,right_hand,0.9978,3
"all participants, one stage",1627,6,left_hand,0.0038,3
"all participants, one stage",1628,6,right_hand,0.9981,3
"all participants, one stage",1629,6,right_hand,0.9995,3
"all participants, one stage",1630,6,right_hand,1.0,3
"all participants, one stage",1631,6,left_hand,0.0004,3
"all participants, one stage",1632,6,left_hand,0.0392,3
"all participants, one stage",1633,6,left_hand,0.0,3
"all participants, one stage",1634,6,right_hand,1.0,3
"all participants, one stage",1635,6,left_hand,0.0,3
"all participants, one stage",1636,6,left_hand,0.0,3
"all participants, one stage",1637,6,right_hand,0.9949,3
"all participants, one stage",1638,6,left_hand,0.0,3
"all participants, one stage",1639,6,left_hand,0.0,3
"all participants, one stage",1640,6,right_hand,0.998,3
"all participants, one stage",1641,6,left_hand,0.0,3
"all participants, one stage",1642,6,right_hand,0.0002,3
"all participants, one stage",1643,6,right_hand,1.0,3
"all participants, one stage",1644,6,left_hand,0.7133,3
"all participants, one stage",1645,6,right_hand,1.0,3
"all participants, one stage",1646,6,left_hand,0.0002,3
"all participants, one stage",1647,6,left_hand,0.0005,3
"all participants, one stage",1648,6,right_hand,0.9931,3
"all participants, one stage",1649,6,left_hand,0.0,3
"all participants, one stage",1650,6,right_hand,1.0,3
"all participants, one stage",1651,6,right_hand,0.9981,3
"all participants, one stage",1652,6,right_hand,0.9999,3
"all participants, one stage",1653,6,right_hand,0.619,3
"all participants, one stage",1654,6,right_hand,0.9911,3
"all participants, one stage",1655,6,left_hand,0.6884,3
"all participants, one stage",1656,6,right_hand,0.964,3
"all participants, one stage",1657,6,left_hand,0.0,3
"all participants, one stage",1658,6,left_hand,0.9986,3
"all participants, one stage",1659,6,left_hand,0.0,3
"all participants, one stage",1660,6,right_hand,1.0,3
"all participants, one stage",1661,6,right_hand,1.0,3
"all participants, one stage",1662,6,left_hand,0.0001,3
"all participants, one stage",1663,6,right_hand,0.728,3
"all participants, one stage",1664,6,left_hand,0.6816,3
"all participants, one stage",1665,6,right_hand,1.0,3
"all participants, one stage",1666,6,left_hand,0.0,3
"all participants, one stage",1667,6,right_hand,0.6212,3
"all participants, one stage",1668,6,right_hand,0.9998,3
"all participants, one stage",1669,6,right_hand,0.9999,3
"all participants, one stage",1670,6,left_hand,0.0,3
"all participants, one stage",1671,6,left_hand,0.0241,3
"all participants, one stage",1672,6,right_hand,0.9585,3
"all participants, one stage",1673,6,left_hand,0.001,3
"all participants, one stage",1674,6,right_hand,0.9867,3
"all participants, one stage",1675,6,right_hand,1.0,3
"all participants, one stage",1676,6,left_hand,0.0044,3
"all participants, one stage",1677,6,left_hand,0.0,3
"all participants, one stage",1678,6,right_hand,1.0,3
"all participants, one stage",1679,6,left_hand,0.0,3
"all participants, one stage",1680,6,right_hand,0.9935,3
"all participants, one stage",1681,6,left_hand,0.0,3
"all participants, one stage",1682,6,left_hand,0.9139,3
"all participants, one stage",1683,6,right_hand,1.0,3
"all participants, one stage",1684,6,left_hand,0.0001,3
"all participants, one stage",1685,6,left_hand,0.0043,3
"all participants, one stage",1686,6,left_hand,0.0722,3
"all participants, one stage",1687,6,right_hand,0.0047,3
"all participants, one stage",1688,6,right_hand,0.9736,3
"all participants, one stage",1689,6,right_hand,0.9998,3
"all participants, one stage",1690,6,right_hand,1.0,3
"all participants, one stage",1691,6,left_hand,0.0034,3
"all participants, one stage",1692,6,right_hand,0.0005,3
"all participants, one stage",1693,6,right_hand,0.9951,3
"all participants, one stage",1694,6,right_hand,1.0,3
"all participants, one stage",1695,6,left_hand,0.0,3
"all participants, one stage",1696,6,left_hand,0.8584,3
"all participants, one stage",1697,6,left_hand,0.0,3
"all participants, one stage",1698,6,left_hand,0.0001,3
"all participants, one stage",1699,6,left_hand,0.3027,3
"all participants, one stage",1700,6,right_hand,0.0008,3
"all participants, one stage",1701,6,left_hand,0.0,3
"all participants, one stage",1702,6,right_hand,0.9987,3
"all participants, one stage",1703,6,right_hand,0.8324,3
"all participants, one stage",1704,6,left_hand,0.9481,3
"all participants, one stage",1705,6,right_hand,1.0,3
"all participants, one stage",1706,6,left_hand,0.6205,3
"all participants, one stage",1707,6,left_hand,0.9983,3
"all participants, one stage",1708,6,right_hand,1.0,3
"all participants, one stage",1709,6,right_hand,0.9976,3
"all participants, one stage",1710,6,right_hand,0.9991,3
"all participants, one stage",1711,6,left_hand,0.041,3
"all participants, one stage",1712,6,right_hand,0.993,3
"all participants, one stage",1713,6,right_hand,0.9704,3
"all participants, one stage",1714,6,right_hand,0.2101,3
"all participants, one stage",1715,6,right_hand,0.9975,3
"all participants, one stage",1716,6,right_hand,1.0,3
"all participants, one stage",1717,6,left_hand,0.0,3
"all participants, one stage",1718,6,right_hand,0.0001,3
"all participants, one stage",1719,6,right_hand,0.9999,3
"all participants, one stage",1720,6,left_hand,0.2582,3
"all participants, one stage",1721,6,left_hand,0.1665,3
"all participants, one stage",1722,6,left_hand,0.9874,3
"all participants, one stage",1723,6,left_hand,0.0,3
"all participants, one stage",1724,6,left_hand,0.0571,3
"all participants, one stage",1725,6,left_hand,0.5468,3
"all participants, one stage",1726,6,right_hand,0.9839,3
"all participants, one stage",1727,6,left_hand,0.7267,3
"all participants, one stage",1872,7,left_hand,1.0,3
"all participants, one stage",1873,7,right_hand,0.996,3
"all participants, one stage",1874,7,right_hand,1.0,3
"all participants, one stage",1875,7,left_hand,0.0,3
"all participants, one stage",1876,7,right_hand,0.7169,3
"all participants, one stage",1877,7,left_hand,0.0,3
"all participants, one stage",1878,7,right_hand,0.9999,3
"all participants, one stage",1879,7,right_hand,1.0,3
"all participants, one stage",1880,7,left_hand,0.9436,3
"all participants, one stage",1881,7,right_hand,0.8365,3
"all participants, one stage",1882,7,left_hand,0.0006,3
"all participants, one stage",1883,7,left_hand,0.0,3
"all participants, one stage",1884,7,right_hand,0.7831,3
"all participants, one stage",1885,7,left_hand,0.0114,3
"all participants, one stage",1886,7,left_hand,0.004,3
"all participants, one stage",1887,7,left_hand,0.1297,3
"all participants, one stage",1888,7,left_hand,0.0,3
"all participants, one stage",1889,7,right_hand,0.4177,3
"all participants, one stage",1890,7,left_hand,0.0,3
"all participants, one stage",1891,7,right_hand,1.0,3
"all participants, one stage",1892,7,right_hand,1.0,3
"all participants, one stage",1893,7,left_hand,0.0,3
"all participants, one stage",1894,7,right_hand,1.0,3
"all participants, one stage",1895,7,right_hand,0.9997,3
"all participants, one stage",1896,7,right_hand,0.9999,3
"all participants, one stage",1897,7,left_hand,0.0004,3
"all participants, one stage",1898,7,left_hand,1.0,3
"all participants, one stage",1899,7,right_hand,0.0003,3
"all participants, one stage",1900,7,right_hand,0.2507,3
"all participants, one stage",1901,7,left_hand,0.0004,3
"all participants, one stage",1902,7,left_hand,0.0,3
"all participants, one stage",1903,7,left_hand,0.0,3
"all participants, one stage",1904,7,right_hand,0.1279,3
"all participants, one stage",1905,7,right_hand,0.0627,3
"all participants, one stage",1906,7,left_hand,0.0,3
"all participants, one stage",1907,7,left_hand,0.0,3
"all participants, one stage",1908,7,left_hand,0.0,3
"all participants, one stage",1909,7,right_hand,0.9967,3
"all participants, one stage",1910,7,left_hand,0.0044,3
"all participants, one stage",1911,7,right_hand,1.0,3
"all participants, one stage",1912,7,right_hand,1.0,3
"all participants, one stage",1913,7,left_hand,0.0,3
"all participants, one stage",1914,7,right_hand,1.0,3
"all participants, one stage",1915,7,left_hand,0.0,3
"all participants, one stage",1916,7,right_hand,0.848,3
"all participants, one stage",1917,7,right_hand,0.9994,3
"all participants, one stage",1918,7,right_hand,0.9968,3
"all participants, one stage",1919,7,left_hand,0.0,3
"all participants, one stage",1920,7,left_hand,0.2656,3
"all participants, one stage",1921,7,left_hand,0.0,3
"all participants, one stage",1922,7,right_hand,1.0,3
"all participants, one stage",1923,7,left_hand,0.9834,3
"all participants, one stage",1924,7,left_hand,0.0002,3
"all participants, one stage",1925,7,right_hand,1.0,3
"all participants, one stage",1926,7,left_hand,0.0,3
"all participants, one stage",1927,7,left_hand,0.0,3
"all participants, one stage",1928,7,right_hand,0.9992,3
"all participants, one stage",1929,7,left_hand,0.3229,3
"all participants, one stage",1930,7,right_hand,1.0,3
"all participants, one stage",1931,7,right_hand,0.9999,3
"all participants, one stage",1932,7,left_hand,0.0,3
"all participants, one stage",1933,7,right_hand,1.0,3
"all participants, one stage",1934,7,left_hand,0.0016,3
"all participants, one stage",1935,7,left_hand,0.0,3
"all participants, one stage",1936,7,right_hand,1.0,3
"all participants, one stage",1937,7,left_hand,0.0062,3
"all participants, one stage",1938,7,right_hand,0.9986,3
"all participants, one stage",1939,7,right_hand,1.0,3
"all participants, one stage",1940,7,right_hand,0.0275,3
"all participants, one stage",1941,7,right_hand,1.0,3
"all participants, one stage",1942,7,right_hand,1.0,3
"all participants, one stage",1943,7,left_hand,0.0002,3
"all participants, one stage",1944,7,right_hand,0.9006,3
"all participants, one stage",1945,7,left_hand,0.035,3
"all participants, one stage",1946,7,left_hand,0.0,3
"all participants, one stage",1947,7,left_hand,0.0001,3
"all participants, one stage",1948,7,right_hand,1.0,3
"all participants, one stage",1949,7,right_hand,1.0,3
"all participants, one stage",1950,7,left_hand,0.0,3
"all participants, one stage",1951,7,right_hand,1.0,3
"all participants, one stage",1952,7,left_hand,0.0,3
"all participants, one stage",1953,7,right_hand,1.0,3
"all participants, one stage",1954,7,left_hand,0.0003,3
"all participants, one stage",1955,7,right_hand,0.9991,3
"all participants, one stage",1956,7,right_hand,0.0176,3
"all participants, one stage",1957,7,right_hand,1.0,3
"all participants, one stage",1958,7,left_hand,0.0,3
"all participants, one stage",1959,7,left_hand,0.0,3
"all participants, one stage",1960,7,right_hand,0.324,3
"all participants, one stage",1961,7,left_hand,0.0003,3
"all participants, one stage",1962,7,right_hand,1.0,3
"all participants, one stage",1963,7,right_hand,1.0,3
"all participants, one stage",1964,7,left_hand,0.0,3
"all participants, one stage",1965,7,left_hand,0.001,3
"all participants, one stage",1966,7,right_hand,1.0,3
"all participants, one stage",1967,7,left_hand,0.002,3
"all participants, one stage",1968,7,right_hand,0.8813,3
"all participants, one stage",1969,7,left_hand,0.9852,3
"all participants, one stage",1970,7,left_hand,0.0,3
"all participants, one stage",1971,7,right_hand,0.8826,3
"all participants, one stage",1972,7,left_hand,0.0003,3
"all participants, one stage",1973,7,left_hand,0.0,3
"all participants, one stage",1974,7,left_hand,0.0,3
"all participants, one stage",1975,7,right_hand,0.9993,3
"all participants, one stage",1976,7,right_hand,1.0,3
"all participants, one stage",1977,7,right_hand,1.0,3
"all participants, one stage",1978,7,right_hand,1.0,3
"all participants, one stage",1979,7,left_hand,0.0,3
"all participants, one stage",1980,7,right_hand,0.115,3
"all participants, one stage",1981,7,right_hand,0.9913,3
"all participants, one stage",1982,7,right_hand,1.0,3
"all participants, one stage",1983,7,left_hand,0.0,3
"all participants, one stage",1984,7,left_hand,0.0,3
"all participants, one stage",1985,7,left_hand,0.0,3
"all participants, one stage",1986,7,left_hand,0.0,3
"all participants, one stage",1987,7,left_hand,0.0,3
"all participants, one stage",1988,7,right_hand,1.0,3
"all participants, one stage",1989,7,left_hand,0.0,3
"all participants, one stage",1990,7,right_hand,0.9504,3
"all participants, one stage",1991,7,right_hand,1.0,3
"all participants, one stage",1992,7,left_hand,0.0001,3
"all participants, one stage",1993,7,right_hand,1.0,3
"all participants, one stage",1994,7,left_hand,0.0006,3
"all participants, one stage",1995,7,left_hand,0.6519,3
"all participants, one stage",1996,7,right_hand,0.907,3
"all participants, one stage",1997,7,right_hand,0.9963,3
"all participants, one stage",1998,7,right_hand,1.0,3
"all participants, one stage",1999,7,left_hand,0.9244,3
"all participants, one stage",2000,7,right_hand,0.9999,3
"all participants, one stage",2001,7,right_hand,1.0,3
"all participants, one stage",2002,7,right_hand,0.9791,3
"all participants, one stage",2003,7,right_hand,0.0125,3
"all participants, one stage",2004,7,right_hand,0.9999,3
"all participants, one stage",2005,7,left_hand,0.0,3
"all participants, one stage",2006,7,right_hand,1.0,3
"all participants, one stage",2007,7,right_hand,1.0,3
"all participants, one stage",2008,7,left_hand,0.0,3
"all participants, one stage",2009,7,left_hand,0.0,3
"all participants, one stage",2010,7,left_hand,0.0013,3
"all participants, one stage",2011,7,left_hand,0.0,3
"all participants, one stage",2012,7,left_hand,0.0,3
"all participants, one stage",2013,7,left_hand,0.2742,3
"all participants, one stage",2014,7,right_hand,0.9998,3
"all participants, one stage",2015,7,left_hand,0.0,3
"all participants, one stage",2160,8,left_hand,0.0,3
"all participants, one stage",2161,8,right_hand,0.9618,3
"all participants, one stage",2162,8,right_hand,1.0,3
"all participants, one stage",2163,8,left_hand,0.0,3
"all participants, one stage",2164,8,right_hand,0.9999,3
"all participants, one stage",2165,8,left_hand,0.0,3
"all participants, one stage",2166,8,right_hand,1.0,3
"all participants, one stage",2167,8,right_hand,1.0,3
"all participants, one stage",2168,8,left_hand,0.0,3
"all participants, one stage",2169,8,right_hand,1.0,3
"all participants, one stage",2170,8,left_hand,0.8466,3
"all participants, one stage",2171,8,left_hand,0.0,3
"all participants, one stage",2172,8,right_hand,1.0,3
"all participants, one stage",2173,8,left_hand,0.0,3
"all participants, one stage",2174,8,left_hand,0.0,3
"all participants, one stage",2175,8,left_hand,0.0,3
"all participants, one stage",2176,8,left_hand,0.0,3
"all participants, one stage",2177,8,right_hand,1.0,3
"all participants, one stage",2178,8,left_hand,0.0,3
"all participants, one stage",2179,8,right_hand,1.0,3
"all participants, one stage",2180,8,right_hand,0.9918,3
"all participants, one stage",2181,8,left_hand,0.0,3
"all participants, one stage",2182,8,right_hand,1.0,3
"all participants, one stage",2183,8,right_hand,0.9257,3
"all participants, one stage",2184,8,right_hand,1.0,3
"all participants, one stage",2185,8,left_hand,0.0,3
"all participants, one stage",2186,8,left_hand,0.0,3
"all participants, one stage",2187,8,right_hand,1.0,3
"all participants, one stage",2188,8,right_hand,0.8532,3
"all participants, one stage",2189,8,left_hand,0.0,3
"all participants, one stage",2190,8,left_hand,0.2176,3
"all participants, one stage",2191,8,left_hand,0.0158,3
"all participants, one stage",2192,8,right_hand,1.0,3
"all participants, one stage",2193,8,right_hand,1.0,3
"all participants, one stage",2194,8,left_hand,0.0014,3
"all participants, one stage",2195,8,left_hand,0.0,3
"all participants, one stage",2196,8,left_hand,0.0,3
"all participants, one stage",2197,8,right_hand,1.0,3
"all participants, one stage",2198,8,left_hand,0.0001,3
"all participants, one stage",2199,8,right_hand,1.0,3
"all participants, one stage",2200,8,right_hand,1.0,3
"all participants, one stage",2201,8,left_hand,0.0002,3
"all participants, one stage",2202,8,right_hand,1.0,3
"all participants, one stage",2203,8,left_hand,0.0018,3
"all participants, one stage",2204,8,right_hand,0.3099,3
"all participants, one stage",2205,8,right_hand,0.9976,3
"all participants, one stage",2206,8,right_hand,0.9992,3
"all participants, one stage",2207,8,left_hand,0.0,3
"all participants, one stage",2208,8,left_hand,0.0,3
"all participants, one stage",2209,8,left_hand,0.082,3
"all participants, one stage",2210,8,right_hand,1.0,3
"all participants, one stage",2211,8,left_hand,0.0,3
"all participants, one stage",2212,8,left_hand,0.0,3
"all participants, one stage",2213,8,right_hand,1.0,3
"all participants, one stage",2214,8,left_hand,0.0,3
"all participants, one stage",2215,8,left_hand,0.0,3
"all participants, one stage",2216,8,right_hand,0.9002,3
"all participants, one stage",2217,8,left_hand,0.0,3
"all participants, one stage",2218,8,right_hand,1.0,3
"all participants, one stage",2219,8,right_hand,1.0,3
"all participants, one stage",2220,8,left_hand,0.0,3
"all participants, one stage",2221,8,right_hand,1.0,3
"all participants, one stage",2222,8,left_hand,0.0,3
"all participants, one stage",2223,8,left_hand,0.0043,3
"all participants, one stage",2224,8,right_hand,0.01,3
"all participants, one stage",2225,8,left_hand,0.0,3
"all participants, one stage",2226,8,right_hand,0.9993,3
"all participants, one stage",2227,8,right_hand,1.0,3
"all participants, one stage",2228,8,right_hand,1.0,3
"all participants, one stage",2229,8,right_hand,1.0,3
"all participants, one stage",2230,8,right_hand,0.9999,3
"all participants, one stage",2231,8,left_hand,0.6451,3
"all participants, one stage",2232,8,right_hand,0.9997,3
"all participants, one stage",2233,8,left_hand,0.003,3
"all participants, one stage",2234,8,left_hand,0.0,3
"all participants, one stage",2235,8,left_hand,0.0,3
"all participants, one stage",2236,8,right_hand,1.0,3
"all participants, one stage",2237,8,right_hand,1.0,3
"all participants, one stage",2238,8,left_hand,0.0,3
"all participants, one stage",2239,8,right_hand,1.0,3
"all participants, one stage",2240,8,left_hand,0.0,3
"all participants, one stage",2241,8,right_hand,1.0,3
"all participants, one stage",2242,8,left_hand,0.0,3
"all participants, one stage",2243,8,right_hand,0.9803,3
"all participants, one stage",2244,8,right_hand,1.0,3
"all participants, one stage",2245,8,right_hand,1.0,3
"all participants, one stage",2246,8,left_hand,0.0,3
"all participants, one stage",2247,8,left_hand,0.0,3
"all participants, one stage",2248,8,right_hand,1.0,3
"all participants, one stage",2249,8,left_hand,0.0,3
"all participants, one stage",2250,8,right_hand,1.0,3
"all participants, one stage",2251,8,right_hand,1.0,3
"all participants, one stage",2252,8,left_hand,0.0,3
"all participants, one stage",2253,8,left_hand,0.0,3
"all participants, one stage",2254,8,right_hand,1.0,3
"all participants, one stage",2255,8,left_hand,0.0,3
"all participants, one stage",2256,8,right_hand,1.0,3
"all participants, one stage",2257,8,left_hand,0.0,3
"all participants, one stage",2258,8,left_hand,0.0052,3
"all participants, one stage",2259,8,right_hand,1.0,3
"all participants, one stage",2260,8,left_hand,0.0,3
"all participants, one stage",2261,8,left_hand,0.0,3
"all participants, one stage",2262,8,left_hand,0.0,3
"all participants, one stage",2263,8,right_hand,1.0,3
"all participants, one stage",2264,8,right_hand,1.0,3
"all participants, one stage",2265,8,right_hand,1.0,3
"all participants, one stage",2266,8,right_hand,1.0,3
"all participants, one stage",2267,8,left_hand,0.0,3
"all participants, one stage",2268,8,right_hand,1.0,3
"all participants, one stage",2269,8,right_hand,1.0,3
"all participants, one stage",2270,8,right_hand,1.0,3
"all participants, one stage",2271,8,left_hand,0.0,3
"all participants, one stage",2272,8,left_hand,0.0029,3
"all participants, one stage",2273,8,left_hand,0.0001,3
"all participants, one stage",2274,8,left_hand,0.0,3
"all participants, one stage",2275,8,left_hand,0.0719,3
"all participants, one stage",2276,8,right_hand,1.0,3
"all participants, one stage",2277,8,left_hand,0.0,3
"all participants, one stage",2278,8,right_hand,1.0,3
"all participants, one stage",2279,8,right_hand,1.0,3
"all participants, one stage",2280,8,left_hand,0.0011,3
"all participants, one stage",2281,8,right_hand,1.0,3
"all participants, one stage",2282,8,left_hand,0.0,3
"all participants, one stage",2283,8,left_hand,0.0,3
"all participants, one stage",2284,8,right_hand,1.0,3
"all participants, one stage",2285,8,right_hand,1.0,3
"all participants, one stage",2286,8,right_hand,0.9997,3
"all participants, one stage",2287,8,left_hand,0.0,3
"all participants, one stage",2288,8,right_hand,0.019,3
"all participants, one stage",2289,8,right_hand,1.0,3
"all participants, one stage",2290,8,right_hand,1.0,3
"all participants, one stage",2291,8,right_hand,0.9989,3
"all participants, one stage",2292,8,right_hand,1.0,3
"all participants, one stage",2293,8,left_hand,0.0,3
"all participants, one stage",2294,8,right_hand,1.0,3
"all participants, one stage",2295,8,right_hand,1.0,3
"all participants, one stage",2296,8,left_hand,0.0,3
"all participants, one stage",2297,8,left_hand,0.0001,3
"all participants, one stage",2298,8,left_hand,0.0,3
"all participants, one stage",2299,8,left_hand,0.0,3
"all participants, one stage",2300,8,left_hand,0.0,3
"all participants, one stage",2301,8,left_hand,0.9975,3
"all participants, one stage",2302,8,right_hand,1.0,3
"all participants, one stage",2303,8,left_hand,0.0002,3
"all participants, one stage",2448,9,left_hand,0.0,3
"all participants, one stage",2449,9,right_hand,1.0,3
"all participants, one stage",2450,9,right_hand,1.0,3
"all participants, one stage",2451,9,left_hand,0.0,3
"all participants, one stage",2452,9,right_hand,1.0,3
"all participants, one stage",2453,9,left_hand,0.0,3
"all participants, one stage",2454,9,right_hand,1.0,3
"all participants, one stage",2455,9,right_hand,1.0,3
"all participants, one stage",2456,9,left_hand,0.0065,3
"all participants, one stage",2457,9,right_hand,1.0,3
"all participants, one stage",2458,9,left_hand,0.0059,3
"all participants, one stage",2459,9,left_hand,0.0041,3
"all participants, one stage",2460,9,right_hand,1.0,3
"all participants, one stage",2461,9,left_hand,0.0,3
"all participants, one stage",2462,9,left_hand,0.0001,3
"all participants, one stage",2463,9,left_hand,0.0001,3
"all participants, one stage",2464,9,left_hand,0.9893,3
"all participants, one stage",2465,9,right_hand,1.0,3
"all participants, one stage",2466,9,left_hand,0.0,3
"all participants, one stage",2467,9,right_hand,1.0,3
"all participants, one stage",2468,9,right_hand,1.0,3
"all participants, one stage",2469,9,left_hand,0.0,3
"all participants, one stage",2470,9,right_hand,1.0,3
"all participants, one stage",2471,9,right_hand,1.0,3
"all participants, one stage",2472,9,right_hand,1.0,3
"all participants, one stage",2473,9,left_hand,0.4296,3
"all participants, one stage",2474,9,left_hand,0.9942,3
"all participants, one stage",2475,9,right_hand,1.0,3
"all participants, one stage",2476,9,right_hand,1.0,3
"all participants, one stage",2477,9,left_hand,0.7661,3
"all participants, one stage",2478,9,left_hand,0.4215,3
"all participants, one stage",2479,9,left_hand,0.0015,3
"all participants, one stage",2480,9,right_hand,0.9238,3
"all participants, one stage",2481,9,right_hand,1.0,3
"all participants, one stage",2482,9,left_hand,1.0,3
"all participants, one stage",2483,9,left_hand,1.0,3
"all participants, one stage",2484,9,left_hand,0.0434,3
"all participants, one stage",2485,9,right_hand,1.0,3
"all participants, one stage",2486,9,left_hand,0.0,3
"all participants, one stage",2487,9,right_hand,1.0,3
"all participants, one stage",2488,9,right_hand,1.0,3
"all participants, one stage",2489,9,left_hand,0.5925,3
"all participants, one stage",2490,9,right_hand,1.0,3
"all participants, one stage",2491,9,left_hand,0.0005,3
"all participants, one stage",2492,9,right_hand,1.0,3
"all participants, one stage",2493,9,right_hand,1.0,3
"all participants, one stage",2494,9,right_hand,0.9949,3
"all participants, one stage",2495,9,left_hand,0.9631,3
"all participants, one stage",2496,9,left_hand,0.0487,3
"all participants, one stage",2497,9,left_hand,0.7133,3
"all participants, one stage",2498,9,right_hand,1.0,3
"all participants, one stage",2499,9,left_hand,0.038,3
"all participants, one stage",2500,9,left_hand,0.0,3
"all participants, one stage",2501,9,right_hand,0.9998,3
"all participants, one stage",2502,9,left_hand,0.0,3
"all participants, one stage",2503,9,left_hand,0.6049,3
"all participants, one stage",2504,9,right_hand,1.0,3
"all participants, one stage",2505,9,left_hand,0.0,3
"all participants, one stage",2506,9,right_hand,1.0,3
"all participants, one stage",2507,9,right_hand,0.9986,3
"all participants, one stage",2508,9,left_hand,0.1106,3
"all participants, one stage",2509,9,right_hand,0.9999,3
"all participants, one stage",2510,9,left_hand,0.0005,3
"all participants, one stage",2511,9,left_hand,0.0011,3
"all participants, one stage",2512,9,right_hand,1.0,3
"all participants, one stage",2513,9,left_hand,0.7794,3
"all participants, one stage",2514,9,right_hand,0.9386,3
"all participants, one stage",2515,9,right_hand,1.0,3
"all participants, one stage",2516,9,right_hand,1.0,3
"all participants, one stage",2517,9,right_hand,0.1888,3
"all participants, one stage",2518,9,right_hand,0.171,3
"all participants, one stage",2519,9,left_hand,0.0002,3
"all participants, one stage",2520,9,right_hand,0.9985,3
"all participants, one stage",2521,9,left_hand,0.0,3
"all participants, one stage",2522,9,left_hand,0.0013,3
"all participants, one stage",2523,9,left_hand,0.0002,3
"all participants, one stage",2524,9,right_hand,0.9974,3
"all participants, one stage",2525,9,right_hand,0.0173,3
"all participants, one stage",2526,9,left_hand,0.9995,3
"all participants, one stage",2527,9,right_hand,0.0,3
"all participants, one stage",2528,9,left_hand,1.0,3
"all participants, one stage",2529,9,right_hand,0.6704,3
"all participants, one stage",2530,9,left_hand,0.0,3
"all participants, one stage",2531,9,right_hand,1.0,3
"all participants, one stage",2532,9,right_hand,0.978,3
"all participants, one stage",2533,9,right_hand,0.9994,3
"all participants, one stage",2534,9,left_hand,0.0,3
"all participants, one stage",2535,9,left_hand,0.0,3
"all participants, one stage",2536,9,right_hand,1.0,3
"all participants, one stage",2537,9,left_hand,0.9564,3
"all participants, one stage",2538,9,right_hand,1.0,3
"all participants, one stage",2539,9,right_hand,0.14,3
"all participants, one stage",2540,9,left_hand,0.9999,3
"all participants, one stage",2541,9,left_hand,0.0,3
"all participants, one stage",2542,9,right_hand,1.0,3
"all participants, one stage",2543,9,left_hand,0.9783,3
"all participants, one stage",2544,9,right_hand,1.0,3
"all participants, one stage",2545,9,left_hand,0.0655,3
"all participants, one stage",2546,9,left_hand,0.0001,3
"all participants, one stage",2547,9,right_hand,0.9706,3
"all participants, one stage",2548,9,left_hand,0.0001,3
"all participants, one stage",2549,9,left_hand,0.0045,3
"all participants, one stage",2550,9,left_hand,0.0001,3
"all participants, one stage",2551,9,right_hand,0.9985,3
"all participants, one stage",2552,9,right_hand,0.0173,3
"all participants, one stage",2553,9,right_hand,0.9993,3
"all participants, one stage",2554,9,right_hand,1.0,3
"all participants, one stage",2555,9,left_hand,0.0007,3
"all participants, one stage",2556,9,right_hand,0.0019,3
"all participants, one stage",2557,9,right_hand,0.9975,3
"all participants, one stage",2558,9,right_hand,0.9911,3
"all participants, one stage",2559,9,left_hand,0.4743,3
"all participants, one stage",2560,9,left_hand,0.0,3
"all participants, one stage",2561,9,left_hand,0.6929,3
"all participants, one stage",2562,9,left_hand,0.9634,3
"all participants, one stage",2563,9,left_hand,0.002,3
"all participants, one stage",2564,9,right_hand,0.0556,3
"all participants, one stage",2565,9,left_hand,0.7308,3
"all participants, one stage",2566,9,right_hand,0.992,3
"all participants, one stage",2567,9,right_hand,1.0,3
"all participants, one stage",2568,9,left_hand,0.9245,3
"all participants, one stage",2569,9,right_hand,0.0576,3
"all participants, one stage",2570,9,left_hand,0.1154,3
"all participants, one stage",2571,9,left_hand,0.0,3
"all participants, one stage",2572,9,right_hand,0.996,3
"all participants, one stage",2573,9,right_hand,0.9996,3
"all participants, one stage",2574,9,right_hand,0.9999,3
"all participants, one stage",2575,9,left_hand,0.0004,3
"all participants, one stage",2576,9,right_hand,1.0,3
"all participants, one stage",2577,9,right_hand,0.8647,3
"all participants, one stage",2578,9,right_hand,1.0,3
"all participants, one stage",2579,9,right_hand,0.9995,3
"all participants, one stage",2580,9,right_hand,0.9621,3
"all participants, one stage",2581,9,left_hand,0.0832,3
"all participants, one stage",2582,9,right_hand,0.972,3
"all participants, one stage",2583,9,right_hand,0.3672,3
"all participants, one stage",2584,9,left_hand,0.0,3
"all participants, one stage",2585,9,left_hand,0.2923,3
"all participants, one stage",2586,9,left_hand,0.0,3
"all participants, one stage",2587,9,left_hand,0.9952,3
"all participants, one stage",2588,9,left_hand,0.0,3
"all participants, one stage",2589,9,left_hand,0.0,3
"all participants, one stage",2590,9,right_hand,1.0,3
"all participants, one stage",2591,9,left_hand,0.0081,3
"cbramod, all participants",144,1,left_hand,0.6802,0
"cbramod, all participants",145,1,right_hand,0.4258,0
"cbramod, all participants",146,1,right_hand,0.1351,0
"cbramod, all participants",147,1,left_hand,0.4947,0
"cbramod, all participants",148,1,right_hand,0.1978,0
"cbramod, all participants",149,1,left_hand,0.1218,0
"cbramod, all participants",150,1,right_hand,0.3495,0
"cbramod, all participants",151,1,right_hand,0.9379,0
"cbramod, all participants",152,1,left_hand,0.0368,0
"cbramod, all participants",153,1,right_hand,0.3341,0
"cbramod, all participants",154,1,left_hand,0.1557,0
"cbramod, all participants",155,1,left_hand,0.2441,0
"cbramod, all participants",156,1,right_hand,0.995,0
"cbramod, all participants",157,1,left_hand,0.1036,0
"cbramod, all participants",158,1,left_hand,0.1978,0
"cbramod, all participants",159,1,left_hand,0.7155,0
"cbramod, all participants",160,1,left_hand,0.4433,0
"cbramod, all participants",161,1,right_hand,0.8931,0
"cbramod, all participants",162,1,left_hand,0.0679,0
"cbramod, all participants",163,1,right_hand,0.7427,0
"cbramod, all participants",164,1,right_hand,0.4684,0
"cbramod, all participants",165,1,left_hand,0.2832,0
"cbramod, all participants",166,1,right_hand,0.573,0
"cbramod, all participants",167,1,right_hand,0.785,0
"cbramod, all participants",168,1,right_hand,0.1214,0
"cbramod, all participants",169,1,left_hand,0.0633,0
"cbramod, all participants",170,1,left_hand,0.0133,0
"cbramod, all participants",171,1,right_hand,0.2605,0
"cbramod, all participants",172,1,right_hand,0.8316,0
"cbramod, all participants",173,1,left_hand,0.5686,0
"cbramod, all participants",174,1,left_hand,0.1653,0
"cbramod, all participants",175,1,left_hand,0.2713,0
"cbramod, all participants",176,1,right_hand,0.8613,0
"cbramod, all participants",177,1,right_hand,0.3896,0
"cbramod, all participants",178,1,left_hand,0.2205,0
"cbramod, all participants",179,1,left_hand,0.0735,0
"cbramod, all participants",180,1,left_hand,0.7173,0
"cbramod, all participants",181,1,right_hand,0.6077,0
"cbramod, all participants",182,1,left_hand,0.53,0
"cbramod, all participants",183,1,right_hand,0.4801,0
"cbramod, all participants",184,1,right_hand,0.9692,0
"cbramod, all participants",185,1,left_hand,0.5993,0
"cbramod, all participants",186,1,right_hand,0.5347,0
"cbramod, all participants",187,1,left_hand,0.4705,0
"cbramod, all participants",188,1,right_hand,0.6065,0
"cbramod, all participants",189,1,right_hand,0.3564,0
"cbramod, all participants",190,1,right_hand,0.3089,0
"cbramod, all participants",191,1,left_hand,0.4674,0
"cbramod, all participants",192,1,left_hand,0.0261,0
"cbramod, all participants",193,1,left_hand,0.2933,0
"cbramod, all participants",194,1,right_hand,0.4122,0
"cbramod, all participants",195,1,left_hand,0.8222,0
"cbramod, all participants",196,1,left_hand,0.2711,0
"cbramod, all participants",197,1,right_hand,0.2644,0
"cbramod, all participants",198,1,left_hand,0.8924,0
"cbramod, all participants",199,1,left_hand,0.1619,0
"cbramod, all participants",200,1,right_hand,0.3779,0
"cbramod, all participants",201,1,left_hand,0.2052,0
"cbramod, all participants",202,1,right_hand,0.7139,0
"cbramod, all participants",203,1,right_hand,0.5122,0
"cbramod, all participants",204,1,left_hand,0.1064,0
"cbramod, all participants",205,1,right_hand,0.0719,0
"cbramod, all participants",206,1,left_hand,0.6011,0
"cbramod, all participants",207,1,left_hand,0.0042,0
"cbramod, all participants",208,1,right_hand,0.3309,0
"cbramod, all participants",209,1,left_hand,0.0584,0
"cbramod, all participants",210,1,right_hand,0.1143,0
"cbramod, all participants",211,1,right_hand,0.974,0
"cbramod, all participants",212,1,right_hand,0.6528,0
"cbramod, all participants",213,1,right_hand,0.7617,0
"cbramod, all participants",214,1,right_hand,0.4725,0
"cbramod, all participants",215,1,left_hand,0.4131,0
"cbramod, all participants",216,1,right_hand,0.0842,0
"cbramod, all participants",217,1,left_hand,0.1574,0
"cbramod, all participants",218,1,left_hand,0.6033,0
"cbramod, all participants",219,1,left_hand,0.054,0
"cbramod, all participants",220,1,right_hand,0.9743,0
"cbramod, all participants",221,1,right_hand,0.1176,0
"cbramod, all participants",222,1,left_hand,0.5945,0
"cbramod, all participants",223,1,right_hand,0.1221,0
"cbramod, all participants",224,1,left_hand,0.599,0
"cbramod, all participants",225,1,right_hand,0.8871,0
"cbramod, all participants",226,1,left_hand,0.5059,0
"cbramod, all participants",227,1,right_hand,0.6013,0
"cbramod, all participants",228,1,right_hand,0.2132,0
"cbramod, all participants",229,1,right_hand,0.8697,0
"cbramod, all participants",230,1,left_hand,0.2169,0
"cbramod, all participants",231,1,left_hand,0.3006,0
"cbramod, all participants",232,1,right_hand,0.6498,0
"cbramod, all participants",233,1,left_hand,0.0901,0
"cbramod, all participants",234,1,right_hand,0.8636,0
"cbramod, all participants",235,1,right_hand,0.2623,0
"cbramod, all participants",236,1,left_hand,0.024,0
"cbramod, all participants",237,1,left_hand,0.9316,0
"cbramod, all participants",238,1,right_hand,0.9645,0
"cbramod, all participants",239,1,left_hand,0.1155,0
"cbramod, all participants",240,1,right_hand,0.6997,0
"cbramod, all participants",241,1,left_hand,0.2727,0
"cbramod, all participants",242,1,left_hand,0.0832,0
"cbramod, all participants",243,1,right_hand,0.3685,0
"cbramod, all participants",244,1,left_hand,0.8381,0
"cbramod, all participants",245,1,left_hand,0.3649,0
"cbramod, all participants",246,1,left_hand,0.0767,0
"cbramod, all participants",247,1,right_hand,0.1472,0
"cbramod, all participants",248,1,right_hand,0.0577,0
"cbramod, all participants",249,1,right_hand,0.8945,0
"cbramod, all participants",250,1,right_hand,0.4346,0
"cbramod, all participants",251,1,left_hand,0.1056,0
"cbramod, all participants",252,1,right_hand,0.0177,0
"cbramod, all participants",253,1,right_hand,0.4971,0
"cbramod, all participants",254,1,right_hand,0.9079,0
"cbramod, all participants",255,1,left_hand,0.5953,0
"cbramod, all participants",256,1,left_hand,0.9468,0
"cbramod, all participants",257,1,left_hand,0.3484,0
"cbramod, all participants",258,1,left_hand,0.026,0
"cbramod, all participants",259,1,left_hand,0.2658,0
"cbramod, all participants",260,1,right_hand,0.6443,0
"cbramod, all participants",261,1,left_hand,0.2508,0
"cbramod, all participants",262,1,right_hand,0.7564,0
"cbramod, all participants",263,1,right_hand,0.6114,0
"cbramod, all participants",264,1,left_hand,0.6995,0
"cbramod, all participants",265,1,right_hand,0.749,0
"cbramod, all participants",266,1,left_hand,0.5712,0
"cbramod, all participants",267,1,left_hand,0.5399,0
"cbramod, all participants",268,1,right_hand,0.2497,0
"cbramod, all participants",269,1,right_hand,0.6564,0
"cbramod, all participants",270,1,right_hand,0.4777,0
"cbramod, all participants",271,1,left_hand,0.731,0
"cbramod, all participants",272,1,right_hand,0.6525,0
"cbramod, all participants",273,1,right_hand,0.8685,0
"cbramod, all participants",274,1,right_hand,0.8442,0
"cbramod, all participants",275,1,right_hand,0.6926,0
"cbramod, all participants",276,1,right_hand,0.326,0
"cbramod, all participants",277,1,left_hand,0.1832,0
"cbramod, all participants",278,1,right_hand,0.9492,0
"cbramod, all participants",279,1,right_hand,0.661,0
"cbramod, all participants",280,1,left_hand,0.0678,0
"cbramod, all participants",281,1,left_hand,0.4056,0
"cbramod, all participants",282,1,left_hand,0.3465,0
"cbramod, all participants",283,1,left_hand,0.7922,0
"cbramod, all participants",284,1,left_hand,0.1605,0
"cbramod, all participants",285,1,left_hand,0.8726,0
"cbramod, all participants",286,1,right_hand,0.656,0
"cbramod, all participants",287,1,left_hand,0.4707,0
"cbramod, all participants",432,2,left_hand,0.181,0
"cbramod, all participants",433,2,right_hand,0.6988,0
"cbramod, all participants",434,2,right_hand,0.7921,0
"cbramod, all participants",435,2,left_hand,0.7975,0
"cbramod, all participants",436,2,right_hand,0.6711,0
"cbramod, all participants",437,2,left_hand,0.5941,0
"cbramod, all participants",438,2,right_hand,0.3585,0
"cbramod, all participants",439,2,right_hand,0.7075,0
"cbramod, all participants",440,2,left_hand,0.7648,0
"cbramod, all participants",441,2,right_hand,0.8385,0
"cbramod, all participants",442,2,left_hand,0.7666,0
"cbramod, all participants",443,2,left_hand,0.735,0
"cbramod, all participants",444,2,right_hand,0.199,0
"cbramod, all participants",445,2,left_hand,0.5145,0
"cbramod, all participants",446,2,left_hand,0.1667,0
"cbramod, all participants",447,2,left_hand,0.754,0
"cbramod, all participants",448,2,left_hand,0.691,0
"cbramod, all participants",449,2,right_hand,0.3959,0
"cbramod, all participants",450,2,left_hand,0.6469,0
"cbramod, all participants",451,2,right_hand,0.8896,0
"cbramod, all participants",452,2,right_hand,0.5271,0
"cbramod, all participants",453,2,left_hand,0.5025,0
"cbramod, all participants",454,2,right_hand,0.5928,0
"cbramod, all participants",455,2,right_hand,0.9749,0
"cbramod, all participants",456,2,right_hand,0.5568,0
"cbramod, all participants",457,2,left_hand,0.2534,0
"cbramod, all participants",458,2,left_hand,0.2321,0
"cbramod, all participants",459,2,right_hand,0.2138,0
"cbramod, all participants",460,2,right_hand,0.7513,0
"cbramod, all participants",461,2,left_hand,0.3009,0
"cbramod, all participants",462,2,left_hand,0.4061,0
"cbramod, all participants",463,2,left_hand,0.5149,0
"cbramod, all participants",464,2,right_hand,0.3366,0
"cbramod, all participants",465,2,right_hand,0.0794,0
"cbramod, all participants",466,2,left_hand,0.1517,0
"cbramod, all participants",467,2,left_hand,0.208,0
"cbramod, all participants",468,2,left_hand,0.3064,0
"cbramod, all participants",469,2,right_hand,0.8166,0
"cbramod, all participants",470,2,left_hand,0.1445,0
"cbramod, all participants",471,2,right_hand,0.8761,0
"cbramod, all participants",472,2,right_hand,0.6583,0
"cbramod, all participants",473,2,left_hand,0.7806,0
"cbramod, all participants",474,2,right_hand,0.4172,0
"cbramod, all participants",475,2,left_hand,0.6661,0
"cbramod, all participants",476,2,right_hand,0.9364,0
"cbramod, all participants",477,2,right_hand,0.471,0
"cbramod, all participants",478,2,right_hand,0.2595,0
"cbramod, all participants",479,2,left_hand,0.7415,0
"cbramod, all participants",480,2,left_hand,0.292,0
"cbramod, all participants",481,2,left_hand,0.345,0
"cbramod, all participants",482,2,right_hand,0.2656,0
"cbramod, all participants",483,2,left_hand,0.1276,0
"cbramod, all participants",484,2,left_hand,0.1054,0
"cbramod, all participants",485,2,right_hand,0.183,0
"cbramod, all participants",486,2,left_hand,0.0463,0
"cbramod, all participants",487,2,left_hand,0.4892,0
"cbramod, all participants",488,2,right_hand,0.4346,0
"cbramod, all participants",489,2,left_hand,0.4853,0
"cbramod, all participants",490,2,right_hand,0.9124,0
"cbramod, all participants",491,2,right_hand,0.045,0
"cbramod, all participants",492,2,left_hand,0.5256,0
"cbramod, all participants",493,2,right_hand,0.4584,0
"cbramod, all participants",494,2,left_hand,0.8816,0
"cbramod, all participants",495,2,left_hand,0.1482,0
"cbramod, all participants",496,2,right_hand,0.0768,0
"cbramod, all participants",497,2,left_hand,0.5386,0
"cbramod, all participants",498,2,right_hand,0.7022,0
"cbramod, all participants",499,2,right_hand,0.5059,0
"cbramod, all participants",500,2,right_hand,0.3944,0
"cbramod, all participants",501,2,right_hand,0.3366,0
"cbramod, all participants",502,2,right_hand,0.1344,0
"cbramod, all participants",503,2,left_hand,0.5906,0
"cbramod, all participants",504,2,right_hand,0.5593,0
"cbramod, all participants",505,2,left_hand,0.1983,0
"cbramod, all participants",506,2,left_hand,0.5023,0
"cbramod, all participants",507,2,left_hand,0.1587,0
"cbramod, all participants",508,2,right_hand,0.0922,0
"cbramod, all participants",509,2,right_hand,0.9307,0
"cbramod, all participants",510,2,left_hand,0.2005,0
"cbramod, all participants",511,2,right_hand,0.1013,0
"cbramod, all participants",512,2,left_hand,0.5975,0
"cbramod, all participants",513,2,right_hand,0.5895,0
"cbramod, all participants",514,2,left_hand,0.2889,0
"cbramod, all participants",515,2,right_hand,0.1582,0
"cbramod, all participants",516,2,right_hand,0.4435,0
"cbramod, all participants",517,2,right_hand,0.2915,0
"cbramod, all participants",518,2,left_hand,0.4732,0
"cbramod, all participants",519,2,left_hand,0.6014,0
"cbramod, all participants",520,2,right_hand,0.5376,0
"cbramod, all participants",521,2,left_hand,0.9246,0
"cbramod, all participants",522,2,right_hand,0.7546,0
"cbramod, all participants",523,2,right_hand,0.9592,0
"cbramod, all participants",524,2,left_hand,0.6994,0
"cbramod, all participants",525,2,left_hand,0.7481,0
"cbramod, all participants",526,2,right_hand,0.5083,0
"cbramod, all participants",527,2,left_hand,0.3255,0
"cbramod, all participants",528,2,right_hand,0.3306,0
"cbramod, all participants",529,2,left_hand,0.2519,0
"cbramod, all participants",530,2,left_hand,0.4993,0
"cbramod, all participants",531,2,right_hand,0.789,0
"cbramod, all participants",532,2,left_hand,0.2064,0
"cbramod, all participants",533,2,left_hand,0.1246,0
"cbramod, all participants",534,2,left_hand,0.3149,0
"cbramod, all participants",535,2,right_hand,0.6533,0
"cbramod, all participants",536,2,right_hand,0.596,0
"cbramod, all participants",537,2,right_hand,0.6533,0
"cbramod, all participants",538,2,right_hand,0.5746,0
"cbramod, all participants",539,2,left_hand,0.3635,0
"cbramod, all participants",540,2,right_hand,0.1825,0
"cbramod, all participants",541,2,right_hand,0.2286,0
"cbramod, all participants",542,2,right_hand,0.7876,0
"cbramod, all participants",543,2,left_hand,0.1095,0
"cbramod, all participants",544,2,left_hand,0.6077,0
"cbramod, all participants",545,2,left_hand,0.5081,0
"cbramod, all participants",546,2,left_hand,0.8,0
"cbramod, all participants",547,2,left_hand,0.6248,0
"cbramod, all participants",548,2,right_hand,0.6592,0
"cbramod, all participants",549,2,left_hand,0.8734,0
"cbramod, all participants",550,2,right_hand,0.4239,0
"cbramod, all participants",551,2,right_hand,0.7203,0
"cbramod, all participants",552,2,left_hand,0.1684,0
"cbramod, all participants",553,2,right_hand,0.6537,0
"cbramod, all participants",554,2,left_hand,0.4363,0
"cbramod, all participants",555,2,left_hand,0.331,0
"cbramod, all participants",556,2,right_hand,0.9602,0
"cbramod, all participants",557,2,right_hand,0.6999,0
"cbramod, all participants",558,2,right_hand,0.5539,0
"cbramod, all participants",559,2,left_hand,0.3863,0
"cbramod, all participants",560,2,right_hand,0.974,0
"cbramod, all participants",561,2,right_hand,0.3496,0
"cbramod, all participants",562,2,right_hand,0.763,0
"cbramod, all participants",563,2,right_hand,0.1566,0
"cbramod, all participants",564,2,right_hand,0.025,0
"cbramod, all participants",565,2,left_hand,0.5941,0
"cbramod, all participants",566,2,right_hand,0.3025,0
"cbramod, all participants",567,2,right_hand,0.4769,0
"cbramod, all participants",568,2,left_hand,0.7547,0
"cbramod, all participants",569,2,left_hand,0.6778,0
"cbramod, all participants",570,2,left_hand,0.365,0
"cbramod, all participants",571,2,left_hand,0.1065,0
"cbramod, all participants",572,2,left_hand,0.8395,0
"cbramod, all participants",573,2,left_hand,0.1032,0
"cbramod, all participants",574,2,right_hand,0.3164,0
"cbramod, all participants",575,2,left_hand,0.884,0
"cbramod, all participants",720,3,left_hand,0.116,0
"cbramod, all participants",721,3,right_hand,0.9109,0
"cbramod, all participants",722,3,right_hand,0.7774,0
"cbramod, all participants",723,3,left_hand,0.1897,0
"cbramod, all participants",724,3,right_hand,0.8769,0
"cbramod, all participants",725,3,left_hand,0.3195,0
"cbramod, all participants",726,3,right_hand,0.6435,0
"cbramod, all participants",727,3,right_hand,0.2793,0
"cbramod, all participants",728,3,left_hand,0.111,0
"cbramod, all participants",729,3,right_hand,0.0935,0
"cbramod, all participants",730,3,left_hand,0.0191,0
"cbramod, all participants",731,3,left_hand,0.4117,0
"cbramod, all participants",732,3,right_hand,0.1257,0
"cbramod, all participants",733,3,left_hand,0.055,0
"cbramod, all participants",734,3,left_hand,0.0646,0
"cbramod, all participants",735,3,left_hand,0.421,0
"cbramod, all participants",736,3,left_hand,0.5801,0
"cbramod, all participants",737,3,right_hand,0.3668,0
"cbramod, all participants",738,3,left_hand,0.6236,0
"cbramod, all participants",739,3,right_hand,0.9179,0
"cbramod, all participants",740,3,right_hand,0.1596,0
"cbramod, all participants",741,3,left_hand,0.0425,0
"cbramod, all participants",742,3,right_hand,0.7563,0
"cbramod, all participants",743,3,right_hand,0.3148,0
"cbramod, all participants",744,3,right_hand,0.286,0
"cbramod, all participants",745,3,left_hand,0.1085,0
"cbramod, all participants",746,3,left_hand,0.0453,0
"cbramod, all participants",747,3,right_hand,0.9705,0
"cbramod, all participants",748,3,right_hand,0.9788,0
"cbramod, all participants",749,3,left_hand,0.0819,0
"cbramod, all participants",750,3,left_hand,0.3319,0
"cbramod, all participants",751,3,left_hand,0.0361,0
"cbramod, all participants",752,3,right_hand,0.474,0
"cbramod, all participants",753,3,right_hand,0.8785,0
"cbramod, all participants",754,3,left_hand,0.3574,0
"cbramod, all participants",755,3,left_hand,0.0698,0
"cbramod, all participants",756,3,left_hand,0.0934,0
"cbramod, all participants",757,3,right_hand,0.8702,0
"cbramod, all participants",758,3,left_hand,0.0386,0
"cbramod, all participants",759,3,right_hand,0.8174,0
"cbramod, all participants",760,3,right_hand,0.6703,0
"cbramod, all participants",761,3,left_hand,0.3843,0
"cbramod, all participants",762,3,right_hand,0.1758,0
"cbramod, all participants",763,3,left_hand,0.4771,0
"cbramod, all participants",764,3,right_hand,0.5813,0
"cbramod, all participants",765,3,right_hand,0.9232,0
"cbramod, all participants",766,3,right_hand,0.0695,0
"cbramod, all participants",767,3,left_hand,0.038,0
"cbramod, all participants",768,3,left_hand,0.3354,0
"cbramod, all participants",769,3,left_hand,0.029,0
"cbramod, all participants",770,3,right_hand,0.9744,0
"cbramod, all participants",771,3,left_hand,0.0076,0
"cbramod, all participants",772,3,left_hand,0.0134,0
"cbramod, all participants",773,3,right_hand,0.5825,0
"cbramod, all participants",774,3,left_hand,0.066,0
"cbramod, all participants",775,3,left_hand,0.0306,0
"cbramod, all participants",776,3,right_hand,0.3442,0
"cbramod, all participants",777,3,left_hand,0.1166,0
"cbramod, all participants",778,3,right_hand,0.9608,0
"cbramod, all participants",779,3,right_hand,0.3118,0
"cbramod, all participants",780,3,left_hand,0.1959,0
"cbramod, all participants",781,3,right_hand,0.2277,0
"cbramod, all participants",782,3,left_hand,0.0292,0
"cbramod, all participants",783,3,left_hand,0.0146,0
"cbramod, all participants",784,3,right_hand,0.8132,0
"cbramod, all participants",785,3,left_hand,0.2453,0
"cbramod, all participants",786,3,right_hand,0.8831,0
"cbramod, all participants",787,3,right_hand,0.4659,0
"cbramod, all participants",788,3,right_hand,0.7246,0
"cbramod, all participants",789,3,right_hand,0.8772,0
"cbramod, all participants",790,3,right_hand,0.9247,0
"cbramod, all participants",791,3,left_hand,0.1228,0
"cbramod, all participants",792,3,right_hand,0.8234,0
"cbramod, all participants",793,3,left_hand,0.0783,0
"cbramod, all participants",794,3,left_hand,0.4357,0
"cbramod, all participants",795,3,left_hand,0.3018,0
"cbramod, all participants",796,3,right_hand,0.9468,0
"cbramod, all participants",797,3,right_hand,0.9528,0
"cbramod, all participants",798,3,left_hand,0.2184,0
"cbramod, all participants",799,3,right_hand,0.1233,0
"cbramod, all participants",800,3,left_hand,0.0951,0
"cbramod, all participants",801,3,right_hand,0.7456,0
"cbramod, all participants",802,3,left_hand,0.387,0
"cbramod, all participants",803,3,right_hand,0.4577,0
"cbramod, all participants",804,3,right_hand,0.7874,0
"cbramod, all participants",805,3,right_hand,0.9389,0
"cbramod, all participants",806,3,left_hand,0.1395,0
"cbramod, all participants",807,3,left_hand,0.343,0
"cbramod, all participants",808,3,right_hand,0.8704,0
"cbramod, all participants",809,3,left_hand,0.1999,0
"cbramod, all participants",810,3,right_hand,0.8957,0
"cbramod, all participants",811,3,right_hand,0.3331,0
"cbramod, all participants",812,3,left_hand,0.4447,0
"cbramod, all participants",813,3,left_hand,0.1755,0
"cbramod, all participants",814,3,right_hand,0.9105,0
"cbramod, all participants",815,3,left_hand,0.0815,0
"cbramod, all participants",816,3,right_hand,0.5695,0
"cbramod, all participants",817,3,left_hand,0.0992,0
"cbramod, all participants",818,3,left_hand,0.0187,0
"cbramod, all participants",819,3,right_hand,0.9373,0
"cbramod, all participants",820,3,left_hand,0.1306,0
"cbramod, all participants",821,3,left_hand,0.3993,0
"cbramod, all participants",822,3,left_hand,0.2666,0
"cbramod, all participants",823,3,right_hand,0.8358,0
"cbramod, all participants",824,3,right_hand,0.8913,0
"cbramod, all participants",825,3,right_hand,0.7643,0
"cbramod, all participants",826,3,right_hand,0.9316,0
"cbramod, all participants",827,3,left_hand,0.6126,0
"cbramod, all participants",828,3,right_hand,0.8502,0
"cbramod, all participants",829,3,right_hand,0.5495,0
"cbramod, all participants",830,3,right_hand,0.9566,0
"cbramod, all participants",831,3,left_hand,0.2044,0
"cbramod, all participants",832,3,left_hand,0.1353,0
"cbramod, all participants",833,3,left_hand,0.3634,0
"cbramod, all participants",834,3,left_hand,0.7794,0
"cbramod, all participants",835,3,left_hand,0.7403,0
"cbramod, all participants",836,3,right_hand,0.2048,0
"cbramod, all participants",837,3,left_hand,0.1619,0
"cbramod, all participants",838,3,right_hand,0.856,0
"cbramod, all participants",839,3,right_hand,0.8354,0
"cbramod, all participants",840,3,left_hand,0.0829,0
"cbramod, all participants",841,3,right_hand,0.0572,0
"cbramod, all participants",842,3,left_hand,0.6858,0
"cbramod, all participants",843,3,left_hand,0.1232,0
"cbramod, all participants",844,3,right_hand,0.1427,0
"cbramod, all participants",845,3,right_hand,0.1645,0
"cbramod, all participants",846,3,right_hand,0.0373,0
"cbramod, all participants",847,3,left_hand,0.025,0
"cbramod, all participants",848,3,right_hand,0.2904,0
"cbramod, all participants",849,3,right_hand,0.0869,0
"cbramod, all participants",850,3,right_hand,0.0968,0
"cbramod, all participants",851,3,right_hand,0.4363,0
"cbramod, all participants",852,3,right_hand,0.051,0
"cbramod, all participants",853,3,left_hand,0.014,0
"cbramod, all participants",854,3,right_hand,0.4559,0
"cbramod, all participants",855,3,right_hand,0.0353,0
"cbramod, all participants",856,3,left_hand,0.2302,0
"cbramod, all participants",857,3,left_hand,0.0383,0
"cbramod, all participants",858,3,left_hand,0.1679,0
"cbramod, all participants",859,3,left_hand,0.0128,0
"cbramod, all participants",860,3,left_hand,0.0363,0
"cbramod, all participants",861,3,left_hand,0.1321,0
"cbramod, all participants",862,3,right_hand,0.3124,0
"cbramod, all participants",863,3,left_hand,0.0404,0
"cbramod, all participants",1008,4,right_hand,0.8099,0
"cbramod, all participants",1009,4,left_hand,0.5071,0
"cbramod, all participants",1010,4,left_hand,0.1555,0
"cbramod, all participants",1011,4,right_hand,0.9284,0
"cbramod, all participants",1012,4,right_hand,0.3349,0
"cbramod, all participants",1013,4,left_hand,0.4988,0
"cbramod, all participants",1014,4,left_hand,0.7921,0
"cbramod, all participants",1015,4,left_hand,0.5534,0
"cbramod, all participants",1016,4,right_hand,0.4002,0
"cbramod, all participants",1017,4,right_hand,0.1433,0
"cbramod, all participants",1018,4,left_hand,0.0485,0
"cbramod, all participants",1019,4,left_hand,0.1187,0
"cbramod, all participants",1020,4,left_hand,0.3088,0
"cbramod, all participants",1021,4,right_hand,0.3264,0
"cbramod, all participants",1022,4,left_hand,0.4567,0
"cbramod, all participants",1023,4,right_hand,0.7863,0
"cbramod, all participants",1024,4,right_hand,0.1691,0
"cbramod, all participants",1025,4,left_hand,0.0561,0
"cbramod, all participants",1026,4,right_hand,0.6826,0
"cbramod, all participants",1027,4,left_hand,0.9639,0
"cbramod, all participants",1028,4,right_hand,0.3543,0
"cbramod, all participants",1029,4,right_hand,0.9163,0
"cbramod, all participants",1030,4,right_hand,0.8992,0
"cbramod, all participants",1031,4,left_hand,0.1371,0
"cbramod, all participants",1032,4,left_hand,0.7554,0
"cbramod, all participants",1033,4,left_hand,0.5515,0
"cbramod, all participants",1034,4,right_hand,0.5951,0
"cbramod, all participants",1035,4,left_hand,0.2315,0
"cbramod, all participants",1036,4,left_hand,0.2693,0
"cbramod, all participants",1037,4,right_hand,0.1387,0
"cbramod, all participants",1038,4,left_hand,0.8141,0
"cbramod, all participants",1039,4,left_hand,0.2823,0
"cbramod, all participants",1040,4,right_hand,0.8492,0
"cbramod, all participants",1041,4,left_hand,0.4067,0
"cbramod, all participants",1042,4,right_hand,0.1972,0
"cbramod, all participants",1043,4,right_hand,0.7774,0
"cbramod, all participants",1044,4,left_hand,0.48,0
"cbramod, all participants",1045,4,right_hand,0.443,0
"cbramod, all participants",1046,4,left_hand,0.1484,0
"cbramod, all participants",1047,4,left_hand,0.1539,0
"cbramod, all participants",1048,4,right_hand,0.7277,0
"cbramod, all participants",1049,4,left_hand,0.4708,0
"cbramod, all participants",1050,4,right_hand,0.7661,0
"cbramod, all participants",1051,4,right_hand,0.6952,0
"cbramod, all participants",1052,4,right_hand,0.8985,0
"cbramod, all participants",1053,4,right_hand,0.8468,0
"cbramod, all participants",1054,4,right_hand,0.974,0
"cbramod, all participants",1055,4,left_hand,0.0315,0
"cbramod, all participants",1056,4,right_hand,0.406,0
"cbramod, all participants",1057,4,left_hand,0.3158,0
"cbramod, all participants",1058,4,left_hand,0.167,0
"cbramod, all participants",1059,4,left_hand,0.1455,0
"cbramod, all participants",1060,4,right_hand,0.8832,0
"cbramod, all participants",1061,4,right_hand,0.7647,0
"cbramod, all participants",1062,4,left_hand,0.0213,0
"cbramod, all participants",1063,4,right_hand,0.2214,0
"cbramod, all participants",1064,4,left_hand,0.0501,0
"cbramod, all participants",1065,4,right_hand,0.7762,0
"cbramod, all participants",1066,4,left_hand,0.6243,0
"cbramod, all participants",1067,4,right_hand,0.7165,0
"cbramod, all participants",1068,4,right_hand,0.9405,0
"cbramod, all participants",1069,4,right_hand,0.6134,0
"cbramod, all participants",1070,4,left_hand,0.3588,0
"cbramod, all participants",1071,4,left_hand,0.4821,0
"cbramod, all participants",1072,4,right_hand,0.5254,0
"cbramod, all participants",1073,4,left_hand,0.7814,0
"cbramod, all participants",1074,4,right_hand,0.6017,0
"cbramod, all participants",1075,4,right_hand,0.132,0
"cbramod, all participants",1076,4,left_hand,0.7276,0
"cbramod, all participants",1077,4,left_hand,0.1975,0
"cbramod, all participants",1078,4,right_hand,0.9105,0
"cbramod, all participants",1079,4,left_hand,0.5645,0
"cbramod, all participants",1080,4,right_hand,0.9584,0
"cbramod, all participants",1081,4,left_hand,0.1792,0
"cbramod, all participants",1082,4,left_hand,0.3572,0
"cbramod, all participants",1083,4,right_hand,0.1971,0
"cbramod, all participants",1084,4,left_hand,0.7828,0
"cbramod, all participants",1085,4,left_hand,0.4324,0
"cbramod, all participants",1086,4,left_hand,0.5024,0
"cbramod, all participants",1087,4,right_hand,0.9483,0
"cbramod, all participants",1088,4,right_hand,0.3022,0
"cbramod, all participants",1089,4,right_hand,0.7933,0
"cbramod, all participants",1090,4,right_hand,0.8789,0
"cbramod, all participants",1091,4,left_hand,0.6507,0
"cbramod, all participants",1092,4,right_hand,0.7164,0
"cbramod, all participants",1093,4,right_hand,0.8618,0
"cbramod, all participants",1094,4,right_hand,0.8396,0
"cbramod, all participants",1095,4,left_hand,0.0412,0
"cbramod, all participants",1096,4,left_hand,0.3942,0
"cbramod, all participants",1097,4,left_hand,0.5666,0
"cbramod, all participants",1098,4,left_hand,0.3647,0
"cbramod, all participants",1099,4,left_hand,0.491,0
"cbramod, all participants",1100,4,right_hand,0.4996,0
"cbramod, all participants",1101,4,left_hand,0.1261,0
"cbramod, all participants",1102,4,right_hand,0.6255,0
"cbramod, all participants",1103,4,right_hand,0.3028,0
"cbramod, all participants",1104,4,left_hand,0.1987,0
"cbramod, all participants",1105,4,right_hand,0.4557,0
"cbramod, all participants",1106,4,left_hand,0.2441,0
"cbramod, all participants",1107,4,left_hand,0.8301,0
"cbramod, all participants",1108,4,right_hand,0.7007,0
"cbramod, all participants",1109,4,right_hand,0.8687,0
"cbramod, all participants",1110,4,right_hand,0.9665,0
"cbramod, all participants",1111,4,left_hand,0.3365,0
"cbramod, all participants",1112,4,right_hand,0.9074,0
"cbramod, all participants",1113,4,right_hand,0.6495,0
"cbramod, all participants",1114,4,right_hand,0.9147,0
"cbramod, all participants",1115,4,right_hand,0.9514,0
"cbramod, all participants",1116,4,right_hand,0.5682,0
"cbramod, all participants",1117,4,left_hand,0.18,0
"cbramod, all participants",1118,4,right_hand,0.4394,0
"cbramod, all participants",1119,4,right_hand,0.7062,0
"cbramod, all participants",1120,4,left_hand,0.4767,0
"cbramod, all participants",1121,4,left_hand,0.1441,0
"cbramod, all participants",1122,4,left_hand,0.6226,0
"cbramod, all participants",1123,4,left_hand,0.1003,0
"cbramod, all participants",1124,4,left_hand,0.5005,0
"cbramod, all participants",1125,4,left_hand,0.0851,0
"cbramod, all participants",1126,4,right_hand,0.5322,0
"cbramod, all participants",1127,4,left_hand,0.7114,0
"cbramod, all participants",1128,4,left_hand,0.1702,0
"cbramod, all participants",1129,4,right_hand,0.3038,0
"cbramod, all participants",1130,4,right_hand,0.1414,0
"cbramod, all participants",1131,4,left_hand,0.1163,0
"cbramod, all participants",1132,4,right_hand,0.5717,0
"cbramod, all participants",1133,4,right_hand,0.9132,0
"cbramod, all participants",1134,4,right_hand,0.8346,0
"cbramod, all participants",1135,4,right_hand,0.4838,0
"cbramod, all participants",1136,4,right_hand,0.4078,0
"cbramod, all participants",1137,4,left_hand,0.8003,0
"cbramod, all participants",1138,4,left_hand,0.2036,0
"cbramod, all participants",1139,4,left_hand,0.7446,0
"cbramod, all participants",1140,4,left_hand,0.283,0
"cbramod, all participants",1141,4,right_hand,0.786,0
"cbramod, all participants",1142,4,right_hand,0.5851,0
"cbramod, all participants",1143,4,left_hand,0.7816,0
"cbramod, all participants",1144,4,left_hand,0.5435,0
"cbramod, all participants",1145,4,left_hand,0.5308,0
"cbramod, all participants",1146,4,right_hand,0.5196,0
"cbramod, all participants",1147,4,right_hand,0.8206,0
"cbramod, all participants",1148,4,left_hand,0.0095,0
"cbramod, all participants",1149,4,left_hand,0.2758,0
"cbramod, all participants",1150,4,right_hand,0.6378,0
"cbramod, all participants",1151,4,left_hand,0.0312,0
"cbramod, all participants",1296,5,left_hand,0.0201,0
"cbramod, all participants",1297,5,right_hand,0.237,0
"cbramod, all participants",1298,5,right_hand,0.4809,0
"cbramod, all participants",1299,5,left_hand,0.1286,0
"cbramod, all participants",1300,5,right_hand,0.6622,0
"cbramod, all participants",1301,5,left_hand,0.4699,0
"cbramod, all participants",1302,5,right_hand,0.8674,0
"cbramod, all participants",1303,5,right_hand,0.6254,0
"cbramod, all participants",1304,5,left_hand,0.7144,0
"cbramod, all participants",1305,5,right_hand,0.6137,0
"cbramod, all participants",1306,5,left_hand,0.0221,0
"cbramod, all participants",1307,5,left_hand,0.3337,0
"cbramod, all participants",1308,5,right_hand,0.439,0
"cbramod, all participants",1309,5,left_hand,0.1907,0
"cbramod, all participants",1310,5,left_hand,0.4892,0
"cbramod, all participants",1311,5,left_hand,0.5887,0
"cbramod, all participants",1312,5,left_hand,0.2106,0
"cbramod, all participants",1313,5,right_hand,0.6566,0
"cbramod, all participants",1314,5,left_hand,0.1974,0
"cbramod, all participants",1315,5,right_hand,0.9297,0
"cbramod, all participants",1316,5,right_hand,0.2468,0
"cbramod, all participants",1317,5,left_hand,0.0218,0
"cbramod, all participants",1318,5,right_hand,0.4178,0
"cbramod, all participants",1319,5,right_hand,0.5195,0
"cbramod, all participants",1320,5,right_hand,0.4551,0
"cbramod, all participants",1321,5,left_hand,0.2723,0
"cbramod, all participants",1322,5,left_hand,0.1758,0
"cbramod, all participants",1323,5,right_hand,0.6898,0
"cbramod, all participants",1324,5,right_hand,0.9552,0
"cbramod, all participants",1325,5,left_hand,0.5314,0
"cbramod, all participants",1326,5,left_hand,0.0082,0
"cbramod, all participants",1327,5,left_hand,0.036,0
"cbramod, all participants",1328,5,right_hand,0.1806,0
"cbramod, all participants",1329,5,right_hand,0.4406,0
"cbramod, all participants",1330,5,left_hand,0.0187,0
"cbramod, all participants",1331,5,left_hand,0.374,0
"cbramod, all participants",1332,5,left_hand,0.313,0
"cbramod, all participants",1333,5,right_hand,0.6192,0
"cbramod, all participants",1334,5,left_hand,0.0193,0
"cbramod, all participants",1335,5,right_hand,0.9407,0
"cbramod, all participants",1336,5,right_hand,0.274,0
"cbramod, all participants",1337,5,left_hand,0.1001,0
"cbramod, all participants",1338,5,right_hand,0.3267,0
"cbramod, all participants",1339,5,left_hand,0.5658,0
"cbramod, all participants",1340,5,right_hand,0.9498,0
"cbramod, all participants",1341,5,right_hand,0.5189,0
"cbramod, all participants",1342,5,right_hand,0.3441,0
"cbramod, all participants",1343,5,left_hand,0.1104,0
"cbramod, all participants",1344,5,left_hand,0.2371,0
"cbramod, all participants",1345,5,left_hand,0.0809,0
"cbramod, all participants",1346,5,right_hand,0.2758,0
"cbramod, all participants",1347,5,left_hand,0.0208,0
"cbramod, all participants",1348,5,left_hand,0.121,0
"cbramod, all participants",1349,5,right_hand,0.8822,0
"cbramod, all participants",1350,5,left_hand,0.4566,0
"cbramod, all participants",1351,5,left_hand,0.1198,0
"cbramod, all participants",1352,5,right_hand,0.5434,0
"cbramod, all participants",1353,5,left_hand,0.2628,0
"cbramod, all participants",1354,5,right_hand,0.8175,0
"cbramod, all participants",1355,5,right_hand,0.2727,0
"cbramod, all participants",1356,5,left_hand,0.1139,0
"cbramod, all participants",1357,5,right_hand,0.6648,0
"cbramod, all participants",1358,5,left_hand,0.01,0
"cbramod, all participants",1359,5,left_hand,0.0492,0
"cbramod, all participants",1360,5,right_hand,0.9112,0
"cbramod, all participants",1361,5,left_hand,0.1671,0
"cbramod, all participants",1362,5,right_hand,0.008,0
"cbramod, all participants",1363,5,right_hand,0.2812,0
"cbramod, all participants",1364,5,right_hand,0.4491,0
"cbramod, all participants",1365,5,right_hand,0.9305,0
"cbramod, all participants",1366,5,right_hand,0.9328,0
"cbramod, all participants",1367,5,left_hand,0.0203,0
"cbramod, all participants",1368,5,right_hand,0.7106,0
"cbramod, all participants",1369,5,left_hand,0.0813,0
"cbramod, all participants",1370,5,left_hand,0.6834,0
"cbramod, all participants",1371,5,left_hand,0.012,0
"cbramod, all participants",1372,5,right_hand,0.3285,0
"cbramod, all participants",1373,5,right_hand,0.5156,0
"cbramod, all participants",1374,5,left_hand,0.1126,0
"cbramod, all participants",1375,5,right_hand,0.7976,0
"cbramod, all participants",1376,5,left_hand,0.1043,0
"cbramod, all participants",1377,5,right_hand,0.4162,0
"cbramod, all participants",1378,5,left_hand,0.0941,0
"cbramod, all participants",1379,5,right_hand,0.4944,0
"cbramod, all participants",1380,5,right_hand,0.843,0
"cbramod, all participants",1381,5,right_hand,0.9023,0
"cbramod, all participants",1382,5,left_hand,0.2043,0
"cbramod, all participants",1383,5,left_hand,0.8385,0
"cbramod, all participants",1384,5,right_hand,0.5873,0
"cbramod, all participants",1385,5,left_hand,0.04,0
"cbramod, all participants",1386,5,right_hand,0.3701,0
"cbramod, all participants",1387,5,right_hand,0.373,0
"cbramod, all participants",1388,5,left_hand,0.1063,0
"cbramod, all participants",1389,5,left_hand,0.0319,0
"cbramod, all participants",1390,5,right_hand,0.4856,0
"cbramod, all participants",1391,5,left_hand,0.1576,0
"cbramod, all participants",1392,5,right_hand,0.5825,0
"cbramod, all participants",1393,5,left_hand,0.4041,0
"cbramod, all participants",1394,5,left_hand,0.5029,0
"cbramod, all participants",1395,5,right_hand,0.732,0
"cbramod, all participants",1396,5,left_hand,0.832,0
"cbramod, all participants",1397,5,left_hand,0.277,0
"cbramod, all participants",1398,5,left_hand,0.4121,0
"cbramod, all participants",1399,5,right_hand,0.7951,0
"cbramod, all participants",1400,5,right_hand,0.1478,0
"cbramod, all participants",1401,5,right_hand,0.6477,0
"cbramod, all participants",1402,5,right_hand,0.9265,0
"cbramod, all participants",1403,5,left_hand,0.0262,0
"cbramod, all participants",1404,5,right_hand,0.4214,0
"cbramod, all participants",1405,5,right_hand,0.7771,0
"cbramod, all participants",1406,5,right_hand,0.3538,0
"cbramod, all participants",1407,5,left_hand,0.1252,0
"cbramod, all participants",1408,5,left_hand,0.424,0
"cbramod, all participants",1409,5,left_hand,0.6481,0
"cbramod, all participants",1410,5,left_hand,0.2195,0
"cbramod, all participants",1411,5,left_hand,0.0784,0
"cbramod, all participants",1412,5,right_hand,0.7285,0
"cbramod, all participants",1413,5,left_hand,0.0177,0
"cbramod, all participants",1414,5,right_hand,0.6681,0
"cbramod, all participants",1415,5,right_hand,0.0484,0
"cbramod, all participants",1416,5,left_hand,0.4371,0
"cbramod, all participants",1417,5,right_hand,0.5885,0
"cbramod, all participants",1418,5,left_hand,0.0781,0
"cbramod, all participants",1419,5,left_hand,0.8178,0
"cbramod, all participants",1420,5,right_hand,0.8158,0
"cbramod, all participants",1421,5,right_hand,0.9756,0
"cbramod, all participants",1422,5,right_hand,0.2067,0
"cbramod, all participants",1423,5,left_hand,0.5576,0
"cbramod, all participants",1424,5,right_hand,0.4269,0
"cbramod, all participants",1425,5,right_hand,0.4256,0
"cbramod, all participants",1426,5,right_hand,0.2545,0
"cbramod, all participants",1427,5,right_hand,0.8999,0
"cbramod, all participants",1428,5,right_hand,0.5298,0
"cbramod, all participants",1429,5,left_hand,0.6298,0
"cbramod, all participants",1430,5,right_hand,0.2512,0
"cbramod, all participants",1431,5,right_hand,0.1907,0
"cbramod, all participants",1432,5,left_hand,0.0511,0
"cbramod, all participants",1433,5,left_hand,0.2849,0
"cbramod, all participants",1434,5,left_hand,0.3273,0
"cbramod, all participants",1435,5,left_hand,0.0479,0
"cbramod, all participants",1436,5,left_hand,0.4763,0
"cbramod, all participants",1437,5,left_hand,0.2078,0
"cbramod, all participants",1438,5,right_hand,0.2196,0
"cbramod, all participants",1439,5,left_hand,0.8809,0
"cbramod, all participants",1584,6,left_hand,0.8619,0
"cbramod, all participants",1585,6,right_hand,0.582,0
"cbramod, all participants",1586,6,right_hand,0.5529,0
"cbramod, all participants",1587,6,left_hand,0.0537,0
"cbramod, all participants",1588,6,right_hand,0.6729,0
"cbramod, all participants",1589,6,left_hand,0.6316,0
"cbramod, all participants",1590,6,right_hand,0.1886,0
"cbramod, all participants",1591,6,right_hand,0.7682,0
"cbramod, all participants",1592,6,left_hand,0.4747,0
"cbramod, all participants",1593,6,right_hand,0.8946,0
"cbramod, all participants",1594,6,left_hand,0.9206,0
"cbramod, all participants",1595,6,left_hand,0.4255,0
"cbramod, all participants",1596,6,right_hand,0.8368,0
"cbramod, all participants",1597,6,left_hand,0.078,0
"cbramod, all participants",1598,6,left_hand,0.0639,0
"cbramod, all participants",1599,6,left_hand,0.7994,0
"cbramod, all participants",1600,6,left_hand,0.4627,0
"cbramod, all participants",1601,6,right_hand,0.1775,0
"cbramod, all participants",1602,6,left_hand,0.0925,0
"cbramod, all participants",1603,6,right_hand,0.7682,0
"cbramod, all participants",1604,6,right_hand,0.8307,0
"cbramod, all participants",1605,6,left_hand,0.692,0
"cbramod, all participants",1606,6,right_hand,0.4669,0
"cbramod, all participants",1607,6,right_hand,0.9442,0
"cbramod, all participants",1608,6,right_hand,0.9536,0
"cbramod, all participants",1609,6,left_hand,0.2124,0
"cbramod, all participants",1610,6,left_hand,0.3461,0
"cbramod, all participants",1611,6,right_hand,0.4668,0
"cbramod, all participants",1612,6,right_hand,0.5554,0
"cbramod, all participants",1613,6,left_hand,0.1131,0
"cbramod, all participants",1614,6,left_hand,0.1841,0
"cbramod, all participants",1615,6,left_hand,0.8408,0
"cbramod, all participants",1616,6,right_hand,0.0818,0
"cbramod, all participants",1617,6,right_hand,0.614,0
"cbramod, all participants",1618,6,left_hand,0.1077,0
"cbramod, all participants",1619,6,left_hand,0.1503,0
"cbramod, all participants",1620,6,left_hand,0.052,0
"cbramod, all participants",1621,6,right_hand,0.8762,0
"cbramod, all participants",1622,6,left_hand,0.1586,0
"cbramod, all participants",1623,6,right_hand,0.2943,0
"cbramod, all participants",1624,6,right_hand,0.2899,0
"cbramod, all participants",1625,6,left_hand,0.4171,0
"cbramod, all participants",1626,6,right_hand,0.4051,0
"cbramod, all participants",1627,6,left_hand,0.4087,0
"cbramod, all participants",1628,6,right_hand,0.6718,0
"cbramod, all participants",1629,6,right_hand,0.1662,0
"cbramod, all participants",1630,6,right_hand,0.8439,0
"cbramod, all participants",1631,6,left_hand,0.3196,0
"cbramod, all participants",1632,6,left_hand,0.5568,0
"cbramod, all participants",1633,6,left_hand,0.5206,0
"cbramod, all participants",1634,6,right_hand,0.9541,0
"cbramod, all participants",1635,6,left_hand,0.5245,0
"cbramod, all participants",1636,6,left_hand,0.0888,0
"cbramod, all participants",1637,6,right_hand,0.3514,0
"cbramod, all participants",1638,6,left_hand,0.2272,0
"cbramod, all participants",1639,6,left_hand,0.0738,0
"cbramod, all participants",1640,6,right_hand,0.6802,0
"cbramod, all participants",1641,6,left_hand,0.1015,0
"cbramod, all participants",1642,6,right_hand,0.1434,0
"cbramod, all participants",1643,6,right_hand,0.9057,0
"cbramod, all participants",1644,6,left_hand,0.6726,0
"cbramod, all participants",1645,6,right_hand,0.602,0
"cbramod, all participants",1646,6,left_hand,0.8598,0
"cbramod, all participants",1647,6,left_hand,0.2854,0
"cbramod, all participants",1648,6,right_hand,0.8475,0
"cbramod, all participants",1649,6,left_hand,0.8142,0
"cbramod, all participants",1650,6,right_hand,0.5594,0
"cbramod, all participants",1651,6,right_hand,0.8421,0
"cbramod, all participants",1652,6,right_hand,0.2733,0
"cbramod, all participants",1653,6,right_hand,0.8016,0
"cbramod, all participants",1654,6,right_hand,0.3616,0
"cbramod, all participants",1655,6,left_hand,0.393,0
"cbramod, all participants",1656,6,right_hand,0.1211,0
"cbramod, all participants",1657,6,left_hand,0.1401,0
"cbramod, all participants",1658,6,left_hand,0.9286,0
"cbramod, all participants",1659,6,left_hand,0.1847,0
"cbramod, all participants",1660,6,right_hand,0.9592,0
"cbramod, all participants",1661,6,right_hand,0.8129,0
"cbramod, all participants",1662,6,left_hand,0.2554,0
"cbramod, all participants",1663,6,right_hand,0.7189,0
"cbramod, all participants",1664,6,left_hand,0.4541,0
"cbramod, all participants",1665,6,right_hand,0.2517,0
"cbramod, all participants",1666,6,left_hand,0.1281,0
"cbramod, all participants",1667,6,right_hand,0.851,0
"cbramod, all participants",1668,6,right_hand,0.9461,0
"cbramod, all participants",1669,6,right_hand,0.9314,0
"cbramod, all participants",1670,6,left_hand,0.1091,0
"cbramod, all participants",1671,6,left_hand,0.7867,0
"cbramod, all participants",1672,6,right_hand,0.7849,0
"cbramod, all participants",1673,6,left_hand,0.5204,0
"cbramod, all participants",1674,6,right_hand,0.5663,0
"cbramod, all participants",1675,6,right_hand,0.7328,0
"cbramod, all participants",1676,6,left_hand,0.2487,0
"cbramod, all participants",1677,6,left_hand,0.3458,0
"cbramod, all participants",1678,6,right_hand,0.8904,0
"cbramod, all participants",1679,6,left_hand,0.3586,0
"cbramod, all participants",1680,6,right_hand,0.3917,0
"cbramod, all participants",1681,6,left_hand,0.1757,0
"cbramod, all participants",1682,6,left_hand,0.2595,0
"cbramod, all participants",1683,6,right_hand,0.9261,0
"cbramod, all participants",1684,6,left_hand,0.0224,0
"cbramod, all participants",1685,6,left_hand,0.8123,0
"cbramod, all participants",1686,6,left_hand,0.7713,0
"cbramod, all participants",1687,6,right_hand,0.1234,0
"cbramod, all participants",1688,6,right_hand,0.9251,0
"cbramod, all participants",1689,6,right_hand,0.742,0
"cbramod, all participants",1690,6,right_hand,0.7374,0
"cbramod, all participants",1691,6,left_hand,0.2401,0
"cbramod, all participants",1692,6,right_hand,0.8606,0
"cbramod, all participants",1693,6,right_hand,0.8211,0
"cbramod, all participants",1694,6,right_hand,0.7609,0
"cbramod, all participants",1695,6,left_hand,0.6444,0
"cbramod, all participants",1696,6,left_hand,0.5962,0
"cbramod, all participants",1697,6,left_hand,0.2481,0
"cbramod, all participants",1698,6,left_hand,0.3124,0
"cbramod, all participants",1699,6,left_hand,0.5465,0
"cbramod, all participants",1700,6,right_hand,0.6038,0
"cbramod, all participants",1701,6,left_hand,0.1742,0
"cbramod, all participants",1702,6,right_hand,0.6736,0
"cbramod, all participants",1703,6,right_hand,0.2243,0
"cbramod, all participants",1704,6,left_hand,0.8496,0
"cbramod, all participants",1705,6,right_hand,0.5344,0
"cbramod, all participants",1706,6,left_hand,0.4045,0
"cbramod, all participants",1707,6,left_hand,0.3086,0
"cbramod, all participants",1708,6,right_hand,0.6855,0
"cbramod, all participants",1709,6,right_hand,0.055,0
"cbramod, all participants",1710,6,right_hand,0.7869,0
"cbramod, all participants",1711,6,left_hand,0.6371,0
"cbramod, all participants",1712,6,right_hand,0.7409,0
"cbramod, all participants",1713,6,right_hand,0.7826,0
"cbramod, all participants",1714,6,right_hand,0.4643,0
"cbramod, all participants",1715,6,right_hand,0.6509,0
"cbramod, all participants",1716,6,right_hand,0.9604,0
"cbramod, all participants",1717,6,left_hand,0.1365,0
"cbramod, all participants",1718,6,right_hand,0.0679,0
"cbramod, all participants",1719,6,right_hand,0.8056,0
"cbramod, all participants",1720,6,left_hand,0.0894,0
"cbramod, all participants",1721,6,left_hand,0.5658,0
"cbramod, all participants",1722,6,left_hand,0.7231,0
"cbramod, all participants",1723,6,left_hand,0.8392,0
"cbramod, all participants",1724,6,left_hand,0.2014,0
"cbramod, all participants",1725,6,left_hand,0.8373,0
"cbramod, all participants",1726,6,right_hand,0.8754,0
"cbramod, all participants",1727,6,left_hand,0.5101,0
"cbramod, all participants",1872,7,left_hand,0.8222,0
"cbramod, all participants",1873,7,right_hand,0.5219,0
"cbramod, all participants",1874,7,right_hand,0.678,0
"cbramod, all participants",1875,7,left_hand,0.0699,0
"cbramod, all participants",1876,7,right_hand,0.5697,0
"cbramod, all participants",1877,7,left_hand,0.6148,0
"cbramod, all participants",1878,7,right_hand,0.4729,0
"cbramod, all participants",1879,7,right_hand,0.8222,0
"cbramod, all participants",1880,7,left_hand,0.8175,0
"cbramod, all participants",1881,7,right_hand,0.2506,0
"cbramod, all participants",1882,7,left_hand,0.4101,0
"cbramod, all participants",1883,7,left_hand,0.5435,0
"cbramod, all participants",1884,7,right_hand,0.5157,0
"cbramod, all participants",1885,7,left_hand,0.1848,0
"cbramod, all participants",1886,7,left_hand,0.0599,0
"cbramod, all participants",1887,7,left_hand,0.4981,0
"cbramod, all participants",1888,7,left_hand,0.0964,0
"cbramod, all participants",1889,7,right_hand,0.1212,0
"cbramod, all participants",1890,7,left_hand,0.0581,0
"cbramod, all participants",1891,7,right_hand,0.4146,0
"cbramod, all participants",1892,7,right_hand,0.1613,0
"cbramod, all participants",1893,7,left_hand,0.0165,0
"cbramod, all participants",1894,7,right_hand,0.6131,0
"cbramod, all participants",1895,7,right_hand,0.8145,0
"cbramod, all participants",1896,7,right_hand,0.3242,0
"cbramod, all participants",1897,7,left_hand,0.079,0
"cbramod, all participants",1898,7,left_hand,0.111,0
"cbramod, all participants",1899,7,right_hand,0.3824,0
"cbramod, all participants",1900,7,right_hand,0.2332,0
"cbramod, all participants",1901,7,left_hand,0.1731,0
"cbramod, all participants",1902,7,left_hand,0.4122,0
"cbramod, all participants",1903,7,left_hand,0.2132,0
"cbramod, all participants",1904,7,right_hand,0.2189,0
"cbramod, all participants",1905,7,right_hand,0.2896,0
"cbramod, all participants",1906,7,left_hand,0.2009,0
"cbramod, all participants",1907,7,left_hand,0.1473,0
"cbramod, all participants",1908,7,left_hand,0.0523,0
"cbramod, all participants",1909,7,right_hand,0.0526,0
"cbramod, all participants",1910,7,left_hand,0.8774,0
"cbramod, all participants",1911,7,right_hand,0.9518,0
"cbramod, all participants",1912,7,right_hand,0.9604,0
"cbramod, all participants",1913,7,left_hand,0.4916,0
"cbramod, all participants",1914,7,right_hand,0.5419,0
"cbramod, all participants",1915,7,left_hand,0.0447,0
"cbramod, all participants",1916,7,right_hand,0.2908,0
"cbramod, all participants",1917,7,right_hand,0.7315,0
"cbramod, all participants",1918,7,right_hand,0.7848,0
"cbramod, all participants",1919,7,left_hand,0.3355,0
"cbramod, all participants",1920,7,left_hand,0.6341,0
"cbramod, all participants",1921,7,left_hand,0.0238,0
"cbramod, all participants",1922,7,right_hand,0.2033,0
"cbramod, all participants",1923,7,left_hand,0.1219,0
"cbramod, all participants",1924,7,left_hand,0.1728,0
"cbramod, all participants",1925,7,right_hand,0.3661,0
"cbramod, all participants",1926,7,left_hand,0.0899,0
"cbramod, all participants",1927,7,left_hand,0.2365,0
"cbramod, all participants",1928,7,right_hand,0.6115,0
"cbramod, all participants",1929,7,left_hand,0.0396,0
"cbramod, all participants",1930,7,right_hand,0.824,0
"cbramod, all participants",1931,7,right_hand,0.3573,0
"cbramod, all participants",1932,7,left_hand,0.0138,0
"cbramod, all participants",1933,7,right_hand,0.8831,0
"cbramod, all participants",1934,7,left_hand,0.2003,0
"cbramod, all participants",1935,7,left_hand,0.3453,0
"cbramod, all participants",1936,7,right_hand,0.9214,0
"cbramod, all participants",1937,7,left_hand,0.0225,0
"cbramod, all participants",1938,7,right_hand,0.2228,0
"cbramod, all participants",1939,7,right_hand,0.8861,0
"cbramod, all participants",1940,7,right_hand,0.6108,0
"cbramod, all participants",1941,7,right_hand,0.6583,0
"cbramod, all participants",1942,7,right_hand,0.7742,0
"cbramod, all participants",1943,7,left_hand,0.0493,0
"cbramod, all participants",1944,7,right_hand,0.5804,0
"cbramod, all participants",1945,7,left_hand,0.1819,0
"cbramod, all participants",1946,7,left_hand,0.3691,0
"cbramod, all participants",1947,7,left_hand,0.0688,0
"cbramod, all participants",1948,7,right_hand,0.1498,0
"cbramod, all participants",1949,7,right_hand,0.352,0
"cbramod, all participants",1950,7,left_hand,0.144,0
"cbramod, all participants",1951,7,right_hand,0.1465,0
"cbramod, all participants",1952,7,left_hand,0.0702,0
"cbramod, all participants",1953,7,right_hand,0.8172,0
"cbramod, all participants",1954,7,left_hand,0.0225,0
"cbramod, all participants",1955,7,right_hand,0.9107,0
"cbramod, all participants",1956,7,right_hand,0.0216,0
"cbramod, all participants",1957,7,right_hand,0.8697,0
"cbramod, all participants",1958,7,left_hand,0.1112,0
"cbramod, all participants",1959,7,left_hand,0.6764,0
"cbramod, all participants",1960,7,right_hand,0.0083,0
"cbramod, all participants",1961,7,left_hand,0.0965,0
"cbramod, all participants",1962,7,right_hand,0.8085,0
"cbramod, all participants",1963,7,right_hand,0.9057,0
"cbramod, all participants",1964,7,left_hand,0.4493,0
"cbramod, all participants",1965,7,left_hand,0.2585,0
"cbramod, all participants",1966,7,right_hand,0.6612,0
"cbramod, all participants",1967,7,left_hand,0.6681,0
"cbramod, all participants",1968,7,right_hand,0.8608,0
"cbramod, all participants",1969,7,left_hand,0.1692,0
"cbramod, all participants",1970,7,left_hand,0.1231,0
"cbramod, all participants",1971,7,right_hand,0.0647,0
"cbramod, all participants",1972,7,left_hand,0.3887,0
"cbramod, all participants",1973,7,left_hand,0.575,0
"cbramod, all participants",1974,7,left_hand,0.0367,0
"cbramod, all participants",1975,7,right_hand,0.3493,0
"cbramod, all participants",1976,7,right_hand,0.648,0
"cbramod, all participants",1977,7,right_hand,0.1769,0
"cbramod, all participants",1978,7,right_hand,0.3972,0
"cbramod, all participants",1979,7,left_hand,0.2252,0
"cbramod, all participants",1980,7,right_hand,0.5646,0
"cbramod, all participants",1981,7,right_hand,0.1263,0
"cbramod, all participants",1982,7,right_hand,0.9579,0
"cbramod, all participants",1983,7,left_hand,0.0023,0
"cbramod, all participants",1984,7,left_hand,0.0553,0
"cbramod, all participants",1985,7,left_hand,0.0262,0
"cbramod, all participants",1986,7,left_hand,0.0476,0
"cbramod, all participants",1987,7,left_hand,0.0834,0
"cbramod, all participants",1988,7,right_hand,0.3003,0
"cbramod, all participants",1989,7,left_hand,0.0208,0
"cbramod, all participants",1990,7,right_hand,0.537,0
"cbramod, all participants",1991,7,right_hand,0.9924,0
"cbramod, all participants",1992,7,left_hand,0.554,0
"cbramod, all participants",1993,7,right_hand,0.7715,0
"cbramod, all participants",1994,7,left_hand,0.0733,0
"cbramod, all participants",1995,7,left_hand,0.0529,0
"cbramod, all participants",1996,7,right_hand,0.1783,0
"cbramod, all participants",1997,7,right_hand,0.7925,0
"cbramod, all participants",1998,7,right_hand,0.4868,0
"cbramod, all participants",1999,7,left_hand,0.1177,0
"cbramod, all participants",2000,7,right_hand,0.0734,0
"cbramod, all participants",2001,7,right_hand,0.0745,0
"cbramod, all participants",2002,7,right_hand,0.0476,0
"cbramod, all participants",2003,7,right_hand,0.14,0
"cbramod, all participants",2004,7,right_hand,0.5163,0
"cbramod, all participants",2005,7,left_hand,0.0116,0
"cbramod, all participants",2006,7,right_hand,0.3245,0
"cbramod, all participants",2007,7,right_hand,0.6871,0
"cbramod, all participants",2008,7,left_hand,0.0142,0
"cbramod, all participants",2009,7,left_hand,0.0483,0
"cbramod, all participants",2010,7,left_hand,0.2685,0
"cbramod, all participants",2011,7,left_hand,0.13,0
"cbramod, all participants",2012,7,left_hand,0.0272,0
"cbramod, all participants",2013,7,left_hand,0.3783,0
"cbramod, all participants",2014,7,right_hand,0.5724,0
"cbramod, all participants",2015,7,left_hand,0.0244,0
"cbramod, all participants",2160,8,left_hand,0.5207,0
"cbramod, all participants",2161,8,right_hand,0.6155,0
"cbramod, all participants",2162,8,right_hand,0.1439,0
"cbramod, all participants",2163,8,left_hand,0.2304,0
"cbramod, all participants",2164,8,right_hand,0.4572,0
"cbramod, all participants",2165,8,left_hand,0.3479,0
"cbramod, all participants",2166,8,right_hand,0.7521,0
"cbramod, all participants",2167,8,right_hand,0.7477,0
"cbramod, all participants",2168,8,left_hand,0.0556,0
"cbramod, all participants",2169,8,right_hand,0.8243,0
"cbramod, all participants",2170,8,left_hand,0.3483,0
"cbramod, all participants",2171,8,left_hand,0.7387,0
"cbramod, all participants",2172,8,right_hand,0.6159,0
"cbramod, all participants",2173,8,left_hand,0.181,0
"cbramod, all participants",2174,8,left_hand,0.3615,0
"cbramod, all participants",2175,8,left_hand,0.0329,0
"cbramod, all participants",2176,8,left_hand,0.6456,0
"cbramod, all participants",2177,8,right_hand,0.3975,0
"cbramod, all participants",2178,8,left_hand,0.121,0
"cbramod, all participants",2179,8,right_hand,0.9815,0
"cbramod, all participants",2180,8,right_hand,0.1426,0
"cbramod, all participants",2181,8,left_hand,0.1157,0
"cbramod, all participants",2182,8,right_hand,0.9204,0
"cbramod, all participants",2183,8,right_hand,0.7756,0
"cbramod, all participants",2184,8,right_hand,0.787,0
"cbramod, all participants",2185,8,left_hand,0.7358,0
"cbramod, all participants",2186,8,left_hand,0.3372,0
"cbramod, all participants",2187,8,right_hand,0.7155,0
"cbramod, all participants",2188,8,right_hand,0.6609,0
"cbramod, all participants",2189,8,left_hand,0.2258,0
"cbramod, all participants",2190,8,left_hand,0.8759,0
"cbramod, all participants",2191,8,left_hand,0.0402,0
"cbramod, all participants",2192,8,right_hand,0.3045,0
"cbramod, all participants",2193,8,right_hand,0.8773,0
"cbramod, all participants",2194,8,left_hand,0.8647,0
"cbramod, all participants",2195,8,left_hand,0.4489,0
"cbramod, all participants",2196,8,left_hand,0.8201,0
"cbramod, all participants",2197,8,right_hand,0.5527,0
"cbramod, all participants",2198,8,left_hand,0.8798,0
"cbramod, all participants",2199,8,right_hand,0.6531,0
"cbramod, all participants",2200,8,right_hand,0.6313,0
"cbramod, all participants",2201,8,left_hand,0.1723,0
"cbramod, all participants",2202,8,right_hand,0.6031,0
"cbramod, all participants",2203,8,left_hand,0.6482,0
"cbramod, all participants",2204,8,right_hand,0.0186,0
"cbramod, all participants",2205,8,right_hand,0.8685,0
"cbramod, all participants",2206,8,right_hand,0.0818,0
"cbramod, all participants",2207,8,left_hand,0.5914,0
"cbramod, all participants",2208,8,left_hand,0.2415,0
"cbramod, all participants",2209,8,left_hand,0.284,0
"cbramod, all participants",2210,8,right_hand,0.7423,0
"cbramod, all participants",2211,8,left_hand,0.7321,0
"cbramod, all participants",2212,8,left_hand,0.6053,0
"cbramod, all participants",2213,8,right_hand,0.945,0
"cbramod, all participants",2214,8,left_hand,0.0337,0
"cbramod, all participants",2215,8,left_hand,0.2975,0
"cbramod, all participants",2216,8,right_hand,0.1486,0
"cbramod, all participants",2217,8,left_hand,0.2073,0
"cbramod, all participants",2218,8,right_hand,0.5541,0
"cbramod, all participants",2219,8,right_hand,0.8704,0
"cbramod, all participants",2220,8,left_hand,0.5976,0
"cbramod, all participants",2221,8,right_hand,0.9632,0
"cbramod, all participants",2222,8,left_hand,0.7307,0
"cbramod, all participants",2223,8,left_hand,0.6304,0
"cbramod, all participants",2224,8,right_hand,0.0573,0
"cbramod, all participants",2225,8,left_hand,0.0278,0
"cbramod, all participants",2226,8,right_hand,0.6739,0
"cbramod, all participants",2227,8,right_hand,0.6022,0
"cbramod, all participants",2228,8,right_hand,0.8867,0
"cbramod, all participants",2229,8,right_hand,0.144,0
"cbramod, all participants",2230,8,right_hand,0.1028,0
"cbramod, all participants",2231,8,left_hand,0.2706,0
"cbramod, all participants",2232,8,right_hand,0.1748,0
"cbramod, all participants",2233,8,left_hand,0.609,0
"cbramod, all participants",2234,8,left_hand,0.4189,0
"cbramod, all participants",2235,8,left_hand,0.4334,0
"cbramod, all participants",2236,8,right_hand,0.5829,0
"cbramod, all participants",2237,8,right_hand,0.862,0
"cbramod, all participants",2238,8,left_hand,0.3548,0
"cbramod, all participants",2239,8,right_hand,0.9473,0
"cbramod, all participants",2240,8,left_hand,0.0497,0
"cbramod, all participants",2241,8,right_hand,0.6732,0
"cbramod, all participants",2242,8,left_hand,0.7267,0
"cbramod, all participants",2243,8,right_hand,0.664,0
"cbramod, all participants",2244,8,right_hand,0.7284,0
"cbramod, all participants",2245,8,right_hand,0.3241,0
"cbramod, all participants",2246,8,left_hand,0.21,0
"cbramod, all participants",2247,8,left_hand,0.3843,0
"cbramod, all participants",2248,8,right_hand,0.4648,0
"cbramod, all participants",2249,8,left_hand,0.6348,0
"cbramod, all participants",2250,8,right_hand,0.6374,0
"cbramod, all participants",2251,8,right_hand,0.839,0
"cbramod, all participants",2252,8,left_hand,0.6204,0
"cbramod, all participants",2253,8,left_hand,0.1155,0
"cbramod, all participants",2254,8,right_hand,0.1802,0
"cbramod, all participants",2255,8,left_hand,0.4754,0
"cbramod, all participants",2256,8,right_hand,0.3651,0
"cbramod, all participants",2257,8,left_hand,0.4195,0
"cbramod, all participants",2258,8,left_hand,0.398,0
"cbramod, all participants",2259,8,right_hand,0.0764,0
"cbramod, all participants",2260,8,left_hand,0.4126,0
"cbramod, all participants",2261,8,left_hand,0.3937,0
"cbramod, all participants",2262,8,left_hand,0.7956,0
"cbramod, all participants",2263,8,right_hand,0.9862,0
"cbramod, all participants",2264,8,right_hand,0.5263,0
"cbramod, all participants",2265,8,right_hand,0.9445,0
"cbramod, all participants",2266,8,right_hand,0.9819,0
"cbramod, all participants",2267,8,left_hand,0.1204,0
"cbramod, all participants",2268,8,right_hand,0.4646,0
"cbramod, all participants",2269,8,right_hand,0.9719,0
"cbramod, all participants",2270,8,right_hand,0.7079,0
"cbramod, all participants",2271,8,left_hand,0.6114,0
"cbramod, all participants",2272,8,left_hand,0.886,0
"cbramod, all participants",2273,8,left_hand,0.5527,0
"cbramod, all participants",2274,8,left_hand,0.1441,0
"cbramod, all participants",2275,8,left_hand,0.7019,0
"cbramod, all participants",2276,8,right_hand,0.1917,0
"cbramod, all participants",2277,8,left_hand,0.5977,0
"cbramod, all participants",2278,8,right_hand,0.9288,0
"cbramod, all participants",2279,8,right_hand,0.8859,0
"cbramod, all participants",2280,8,left_hand,0.5452,0
"cbramod, all participants",2281,8,right_hand,0.8132,0
"cbramod, all participants",2282,8,left_hand,0.777,0
"cbramod, all participants",2283,8,left_hand,0.0382,0
"cbramod, all participants",2284,8,right_hand,0.9137,0
"cbramod, all participants",2285,8,right_hand,0.8968,0
"cbramod, all participants",2286,8,right_hand,0.8063,0
"cbramod, all participants",2287,8,left_hand,0.0611,0
"cbramod, all participants",2288,8,right_hand,0.021,0
"cbramod, all participants",2289,8,right_hand,0.6828,0
"cbramod, all participants",2290,8,right_hand,0.3347,0
"cbramod, all participants",2291,8,right_hand,0.0733,0
"cbramod, all participants",2292,8,right_hand,0.125,0
"cbramod, all participants",2293,8,left_hand,0.6835,0
"cbramod, all participants",2294,8,right_hand,0.8793,0
"cbramod, all participants",2295,8,right_hand,0.9065,0
"cbramod, all participants",2296,8,left_hand,0.2976,0
"cbramod, all participants",2297,8,left_hand,0.1971,0
"cbramod, all participants",2298,8,left_hand,0.4094,0
"cbramod, all participants",2299,8,left_hand,0.0686,0
"cbramod, all participants",2300,8,left_hand,0.9285,0
"cbramod, all participants",2301,8,left_hand,0.9067,0
"cbramod, all participants",2302,8,right_hand,0.7563,0
"cbramod, all participants",2303,8,left_hand,0.2241,0
"cbramod, all participants",2448,9,left_hand,0.3292,0
"cbramod, all participants",2449,9,right_hand,0.8953,0
"cbramod, all participants",2450,9,right_hand,0.9164,0
"cbramod, all participants",2451,9,left_hand,0.0708,0
"cbramod, all participants",2452,9,right_hand,0.9352,0
"cbramod, all participants",2453,9,left_hand,0.1128,0
"cbramod, all participants",2454,9,right_hand,0.5973,0
"cbramod, all participants",2455,9,right_hand,0.8812,0
"cbramod, all participants",2456,9,left_hand,0.9229,0
"cbramod, all participants",2457,9,right_hand,0.8175,0
"cbramod, all participants",2458,9,left_hand,0.2989,0
"cbramod, all participants",2459,9,left_hand,0.0867,0
"cbramod, all participants",2460,9,right_hand,0.6184,0
"cbramod, all participants",2461,9,left_hand,0.4273,0
"cbramod, all participants",2462,9,left_hand,0.1089,0
"cbramod, all participants",2463,9,left_hand,0.1355,0
"cbramod, all participants",2464,9,left_hand,0.8399,0
"cbramod, all participants",2465,9,right_hand,0.8978,0
"cbramod, all participants",2466,9,left_hand,0.075,0
"cbramod, all participants",2467,9,right_hand,0.8425,0
"cbramod, all participants",2468,9,right_hand,0.8264,0
"cbramod, all participants",2469,9,left_hand,0.2457,0
"cbramod, all participants",2470,9,right_hand,0.3528,0
"cbramod, all participants",2471,9,right_hand,0.9718,0
"cbramod, all participants",2472,9,right_hand,0.878,0
"cbramod, all participants",2473,9,left_hand,0.6497,0
"cbramod, all participants",2474,9,left_hand,0.7047,0
"cbramod, all participants",2475,9,right_hand,0.9064,0
"cbramod, all participants",2476,9,right_hand,0.7742,0
"cbramod, all participants",2477,9,left_hand,0.6261,0
"cbramod, all participants",2478,9,left_hand,0.8463,0
"cbramod, all participants",2479,9,left_hand,0.5217,0
"cbramod, all participants",2480,9,right_hand,0.1448,0
"cbramod, all participants",2481,9,right_hand,0.8282,0
"cbramod, all participants",2482,9,left_hand,0.3604,0
"cbramod, all participants",2483,9,left_hand,0.7726,0
"cbramod, all participants",2484,9,left_hand,0.1317,0
"cbramod, all participants",2485,9,right_hand,0.7021,0
"cbramod, all participants",2486,9,left_hand,0.3351,0
"cbramod, all participants",2487,9,right_hand,0.9246,0
"cbramod, all participants",2488,9,right_hand,0.9375,0
"cbramod, all participants",2489,9,left_hand,0.7395,0
"cbramod, all participants",2490,9,right_hand,0.6947,0
"cbramod, all participants",2491,9,left_hand,0.5116,0
"cbramod, all participants",2492,9,right_hand,0.9261,0
"cbramod, all participants",2493,9,right_hand,0.6363,0
"cbramod, all participants",2494,9,right_hand,0.3279,0
"cbramod, all participants",2495,9,left_hand,0.1786,0
"cbramod, all participants",2496,9,left_hand,0.0737,0
"cbramod, all participants",2497,9,left_hand,0.5264,0
"cbramod, all participants",2498,9,right_hand,0.8622,0
"cbramod, all participants",2499,9,left_hand,0.3589,0
"cbramod, all participants",2500,9,left_hand,0.3392,0
"cbramod, all participants",2501,9,right_hand,0.9792,0
"cbramod, all participants",2502,9,left_hand,0.1157,0
"cbramod, all participants",2503,9,left_hand,0.2563,0
"cbramod, all participants",2504,9,right_hand,0.3433,0
"cbramod, all participants",2505,9,left_hand,0.1346,0
"cbramod, all participants",2506,9,right_hand,0.9562,0
"cbramod, all participants",2507,9,right_hand,0.7543,0
"cbramod, all participants",2508,9,left_hand,0.5005,0
"cbramod, all participants",2509,9,right_hand,0.9425,0
"cbramod, all participants",2510,9,left_hand,0.4765,0
"cbramod, all participants",2511,9,left_hand,0.802,0
"cbramod, all participants",2512,9,right_hand,0.7964,0
"cbramod, all participants",2513,9,left_hand,0.3574,0
"cbramod, all participants",2514,9,right_hand,0.4784,0
"cbramod, all participants",2515,9,right_hand,0.9589,0
"cbramod, all participants",2516,9,right_hand,0.8518,0
"cbramod, all participants",2517,9,right_hand,0.7065,0
"cbramod, all participants",2518,9,right_hand,0.5734,0
"cbramod, all participants",2519,9,left_hand,0.5302,0
"cbramod, all participants",2520,9,right_hand,0.8421,0
"cbramod, all participants",2521,9,left_hand,0.7017,0
"cbramod, all participants",2522,9,left_hand,0.145,0
"cbramod, all participants",2523,9,left_hand,0.7342,0
"cbramod, all participants",2524,9,right_hand,0.7367,0
"cbramod, all participants",2525,9,right_hand,0.5676,0
"cbramod, all participants",2526,9,left_hand,0.8911,0
"cbramod, all participants",2527,9,right_hand,0.2067,0
"cbramod, all participants",2528,9,left_hand,0.9606,0
"cbramod, all participants",2529,9,right_hand,0.8221,0
"cbramod, all participants",2530,9,left_hand,0.1808,0
"cbramod, all participants",2531,9,right_hand,0.7748,0
"cbramod, all participants",2532,9,right_hand,0.6106,0
"cbramod, all participants",2533,9,right_hand,0.8375,0
"cbramod, all participants",2534,9,left_hand,0.2391,0
"cbramod, all participants",2535,9,left_hand,0.1637,0
"cbramod, all participants",2536,9,right_hand,0.191,0
"cbramod, all participants",2537,9,left_hand,0.3882,0
"cbramod, all participants",2538,9,right_hand,0.9734,0
"cbramod, all participants",2539,9,right_hand,0.8564,0
"cbramod, all participants",2540,9,left_hand,0.4216,0
"cbramod, all participants",2541,9,left_hand,0.0759,0
"cbramod, all participants",2542,9,right_hand,0.976,0
"cbramod, all participants",2543,9,left_hand,0.1843,0
"cbramod, all participants",2544,9,right_hand,0.8485,0
"cbramod, all participants",2545,9,left_hand,0.4829,0
"cbramod, all participants",2546,9,left_hand,0.5249,0
"cbramod, all participants",2547,9,right_hand,0.847,0
"cbramod, all participants",2548,9,left_hand,0.1969,0
"cbramod, all participants",2549,9,left_hand,0.0671,0
"cbramod, all participants",2550,9,left_hand,0.0468,0
"cbramod, all participants",2551,9,right_hand,0.3916,0
"cbramod, all participants",2552,9,right_hand,0.621,0
"cbramod, all participants",2553,9,right_hand,0.3709,0
"cbramod, all participants",2554,9,right_hand,0.6124,0
"cbramod, all participants",2555,9,left_hand,0.0144,0
"cbramod, all participants",2556,9,right_hand,0.1746,0
"cbramod, all participants",2557,9,right_hand,0.2412,0
"cbramod, all participants",2558,9,right_hand,0.4582,0
"cbramod, all participants",2559,9,left_hand,0.5421,0
"cbramod, all participants",2560,9,left_hand,0.1424,0
"cbramod, all participants",2561,9,left_hand,0.9292,0
"cbramod, all participants",2562,9,left_hand,0.384,0
"cbramod, all participants",2563,9,left_hand,0.6271,0
"cbramod, all participants",2564,9,right_hand,0.3268,0
"cbramod, all participants",2565,9,left_hand,0.6949,0
"cbramod, all participants",2566,9,right_hand,0.3594,0
"cbramod, all participants",2567,9,right_hand,0.3085,0
"cbramod, all participants",2568,9,left_hand,0.3169,0
"cbramod, all participants",2569,9,right_hand,0.4753,0
"cbramod, all participants",2570,9,left_hand,0.1529,0
"cbramod, all participants",2571,9,left_hand,0.3276,0
"cbramod, all participants",2572,9,right_hand,0.3905,0
"cbramod, all participants",2573,9,right_hand,0.84,0
"cbramod, all participants",2574,9,right_hand,0.9669,0
"cbramod, all participants",2575,9,left_hand,0.519,0
"cbramod, all participants",2576,9,right_hand,0.953,0
"cbramod, all participants",2577,9,right_hand,0.8334,0
"cbramod, all participants",2578,9,right_hand,0.8538,0
"cbramod, all participants",2579,9,right_hand,0.302,0
"cbramod, all participants",2580,9,right_hand,0.3226,0
"cbramod, all participants",2581,9,left_hand,0.5991,0
"cbramod, all participants",2582,9,right_hand,0.8982,0
"cbramod, all participants",2583,9,right_hand,0.616,0
"cbramod, all participants",2584,9,left_hand,0.3664,0
"cbramod, all participants",2585,9,left_hand,0.7153,0
"cbramod, all participants",2586,9,left_hand,0.0441,0
"cbramod, all participants",2587,9,left_hand,0.7226,0
"cbramod, all participants",2588,9,left_hand,0.363,0
"cbramod, all participants",2589,9,left_hand,0.0194,0
"cbramod, all participants",2590,9,right_hand,0.9584,0
"cbramod, all participants",2591,9,left_hand,0.3687,0
"cbramod, all participants",144,1,left_hand,0.8012,1
"cbramod, all participants",145,1,right_hand,0.5186,1
"cbramod, all participants",146,1,right_hand,0.0512,1
"cbramod, all participants",147,1,left_hand,0.7098,1
"cbramod, all participants",148,1,right_hand,0.4297,1
"cbramod, all participants",149,1,left_hand,0.096,1
"cbramod, all participants",150,1,right_hand,0.1451,1
"cbramod, all participants",151,1,right_hand,0.9035,1
"cbramod, all participants",152,1,left_hand,0.0322,1
"cbramod, all participants",153,1,right_hand,0.6553,1
"cbramod, all participants",154,1,left_hand,0.0883,1
"cbramod, all participants",155,1,left_hand,0.0404,1
"cbramod, all participants",156,1,right_hand,0.9916,1
"cbramod, all participants",157,1,left_hand,0.0672,1
"cbramod, all participants",158,1,left_hand,0.6838,1
"cbramod, all participants",159,1,left_hand,0.1099,1
"cbramod, all participants",160,1,left_hand,0.5438,1
"cbramod, all participants",161,1,right_hand,0.7949,1
"cbramod, all participants",162,1,left_hand,0.018,1
"cbramod, all participants",163,1,right_hand,0.7916,1
"cbramod, all participants",164,1,right_hand,0.8826,1
"cbramod, all participants",165,1,left_hand,0.3812,1
"cbramod, all participants",166,1,right_hand,0.7527,1
"cbramod, all participants",167,1,right_hand,0.7554,1
"cbramod, all participants",168,1,right_hand,0.1162,1
"cbramod, all participants",169,1,left_hand,0.0839,1
"cbramod, all participants",170,1,left_hand,0.0289,1
"cbramod, all participants",171,1,right_hand,0.7466,1
"cbramod, all participants",172,1,right_hand,0.5885,1
"cbramod, all participants",173,1,left_hand,0.2023,1
"cbramod, all participants",174,1,left_hand,0.1274,1
"cbramod, all participants",175,1,left_hand,0.1125,1
"cbramod, all participants",176,1,right_hand,0.8837,1
"cbramod, all participants",177,1,right_hand,0.2962,1
"cbramod, all participants",178,1,left_hand,0.1567,1
"cbramod, all participants",179,1,left_hand,0.1191,1
"cbramod, all participants",180,1,left_hand,0.9181,1
"cbramod, all participants",181,1,right_hand,0.7042,1
"cbramod, all participants",182,1,left_hand,0.7634,1
"cbramod, all participants",183,1,right_hand,0.5812,1
"cbramod, all participants",184,1,right_hand,0.9022,1
"cbramod, all participants",185,1,left_hand,0.4824,1
"cbramod, all participants",186,1,right_hand,0.5056,1
"cbramod, all participants",187,1,left_hand,0.4871,1
"cbramod, all participants",188,1,right_hand,0.5572,1
"cbramod, all participants",189,1,right_hand,0.5871,1
"cbramod, all participants",190,1,right_hand,0.4441,1
"cbramod, all participants",191,1,left_hand,0.7897,1
"cbramod, all participants",192,1,left_hand,0.0152,1
"cbramod, all participants",193,1,left_hand,0.0935,1
"cbramod, all participants",194,1,right_hand,0.4401,1
"cbramod, all participants",195,1,left_hand,0.3704,1
"cbramod, all participants",196,1,left_hand,0.4437,1
"cbramod, all participants",197,1,right_hand,0.379,1
"cbramod, all participants",198,1,left_hand,0.4499,1
"cbramod, all participants",199,1,left_hand,0.153,1
"cbramod, all participants",200,1,right_hand,0.8187,1
"cbramod, all participants",201,1,left_hand,0.3528,1
"cbramod, all participants",202,1,right_hand,0.4217,1
"cbramod, all participants",203,1,right_hand,0.2238,1
"cbramod, all participants",204,1,left_hand,0.0599,1
"cbramod, all participants",205,1,right_hand,0.0506,1
"cbramod, all participants",206,1,left_hand,0.6037,1
"cbramod, all participants",207,1,left_hand,0.0077,1
"cbramod, all participants",208,1,right_hand,0.1612,1
"cbramod, all participants",209,1,left_hand,0.1373,1
"cbramod, all participants",210,1,right_hand,0.1981,1
"cbramod, all participants",211,1,right_hand,0.9391,1
"cbramod, all participants",212,1,right_hand,0.361,1
"cbramod, all participants",213,1,right_hand,0.8804,1
"cbramod, all participants",214,1,right_hand,0.2514,1
"cbramod, all participants",215,1,left_hand,0.2113,1
"cbramod, all participants",216,1,right_hand,0.3074,1
"cbramod, all participants",217,1,left_hand,0.1151,1
"cbramod, all participants",218,1,left_hand,0.4811,1
"cbramod, all participants",219,1,left_hand,0.3656,1
"cbramod, all participants",220,1,right_hand,0.9584,1
"cbramod, all participants",221,1,right_hand,0.5591,1
"cbramod, all participants",222,1,left_hand,0.555,1
"cbramod, all participants",223,1,right_hand,0.1139,1
"cbramod, all participants",224,1,left_hand,0.867,1
"cbramod, all participants",225,1,right_hand,0.8547,1
"cbramod, all participants",226,1,left_hand,0.5736,1
"cbramod, all participants",227,1,right_hand,0.7429,1
"cbramod, all participants",228,1,right_hand,0.2649,1
"cbramod, all participants",229,1,right_hand,0.6043,1
"cbramod, all participants",230,1,left_hand,0.542,1
"cbramod, all participants",231,1,left_hand,0.4969,1
"cbramod, all participants",232,1,right_hand,0.8475,1
"cbramod, all participants",233,1,left_hand,0.0695,1
"cbramod, all participants",234,1,right_hand,0.8868,1
"cbramod, all participants",235,1,right_hand,0.5303,1
"cbramod, all participants",236,1,left_hand,0.0741,1
"cbramod, all participants",237,1,left_hand,0.8846,1
"cbramod, all participants",238,1,right_hand,0.8595,1
"cbramod, all participants",239,1,left_hand,0.3495,1
"cbramod, all participants",240,1,right_hand,0.5957,1
"cbramod, all participants",241,1,left_hand,0.1018,1
"cbramod, all participants",242,1,left_hand,0.2292,1
"cbramod, all participants",243,1,right_hand,0.7022,1
"cbramod, all participants",244,1,left_hand,0.8475,1
"cbramod, all participants",245,1,left_hand,0.6622,1
"cbramod, all participants",246,1,left_hand,0.1263,1
"cbramod, all participants",247,1,right_hand,0.4442,1
"cbramod, all participants",248,1,right_hand,0.2804,1
"cbramod, all participants",249,1,right_hand,0.9846,1
"cbramod, all participants",250,1,right_hand,0.7677,1
"cbramod, all participants",251,1,left_hand,0.0298,1
"cbramod, all participants",252,1,right_hand,0.2806,1
"cbramod, all participants",253,1,right_hand,0.6652,1
"cbramod, all participants",254,1,right_hand,0.9311,1
"cbramod, all participants",255,1,left_hand,0.6863,1
"cbramod, all participants",256,1,left_hand,0.7314,1
"cbramod, all participants",257,1,left_hand,0.7015,1
"cbramod, all participants",258,1,left_hand,0.0632,1
"cbramod, all participants",259,1,left_hand,0.3947,1
"cbramod, all participants",260,1,right_hand,0.7783,1
"cbramod, all participants",261,1,left_hand,0.0962,1
"cbramod, all participants",262,1,right_hand,0.9038,1
"cbramod, all participants",263,1,right_hand,0.7247,1
"cbramod, all participants",264,1,left_hand,0.3832,1
"cbramod, all participants",265,1,right_hand,0.7391,1
"cbramod, all participants",266,1,left_hand,0.8007,1
"cbramod, all participants",267,1,left_hand,0.5792,1
"cbramod, all participants",268,1,right_hand,0.3275,1
"cbramod, all participants",269,1,right_hand,0.2684,1
"cbramod, all participants",270,1,right_hand,0.749,1
"cbramod, all participants",271,1,left_hand,0.814,1
"cbramod, all participants",272,1,right_hand,0.309,1
"cbramod, all participants",273,1,right_hand,0.8888,1
"cbramod, all participants",274,1,right_hand,0.5839,1
"cbramod, all participants",275,1,right_hand,0.4531,1
"cbramod, all participants",276,1,right_hand,0.4744,1
"cbramod, all participants",277,1,left_hand,0.376,1
"cbramod, all participants",278,1,right_hand,0.956,1
"cbramod, all participants",279,1,right_hand,0.8711,1
"cbramod, all participants",280,1,left_hand,0.456,1
"cbramod, all participants",281,1,left_hand,0.5726,1
"cbramod, all participants",282,1,left_hand,0.2207,1
"cbramod, all participants",283,1,left_hand,0.2663,1
"cbramod, all participants",284,1,left_hand,0.3265,1
"cbramod, all participants",285,1,left_hand,0.9481,1
"cbramod, all participants",286,1,right_hand,0.3039,1
"cbramod, all participants",287,1,left_hand,0.3456,1
"cbramod, all participants",432,2,left_hand,0.36,1
"cbramod, all participants",433,2,right_hand,0.9147,1
"cbramod, all participants",434,2,right_hand,0.8641,1
"cbramod, all participants",435,2,left_hand,0.7781,1
"cbramod, all participants",436,2,right_hand,0.7501,1
"cbramod, all participants",437,2,left_hand,0.1487,1
"cbramod, all participants",438,2,right_hand,0.7298,1
"cbramod, all participants",439,2,right_hand,0.9171,1
"cbramod, all participants",440,2,left_hand,0.3078,1
"cbramod, all participants",441,2,right_hand,0.773,1
"cbramod, all participants",442,2,left_hand,0.6473,1
"cbramod, all participants",443,2,left_hand,0.5871,1
"cbramod, all participants",444,2,right_hand,0.458,1
"cbramod, all participants",445,2,left_hand,0.4935,1
"cbramod, all participants",446,2,left_hand,0.0831,1
"cbramod, all participants",447,2,left_hand,0.9336,1
"cbramod, all participants",448,2,left_hand,0.8024,1
"cbramod, all participants",449,2,right_hand,0.6939,1
"cbramod, all participants",450,2,left_hand,0.8357,1
"cbramod, all participants",451,2,right_hand,0.9247,1
"cbramod, all participants",452,2,right_hand,0.8633,1
"cbramod, all participants",453,2,left_hand,0.7709,1
"cbramod, all participants",454,2,right_hand,0.4295,1
"cbramod, all participants",455,2,right_hand,0.9808,1
"cbramod, all participants",456,2,right_hand,0.5317,1
"cbramod, all participants",457,2,left_hand,0.3223,1
"cbramod, all participants",458,2,left_hand,0.3377,1
"cbramod, all participants",459,2,right_hand,0.304,1
"cbramod, all participants",460,2,right_hand,0.7656,1
"cbramod, all participants",461,2,left_hand,0.2092,1
"cbramod, all participants",462,2,left_hand,0.4554,1
"cbramod, all participants",463,2,left_hand,0.5975,1
"cbramod, all participants",464,2,right_hand,0.2468,1
"cbramod, all participants",465,2,right_hand,0.1521,1
"cbramod, all participants",466,2,left_hand,0.1398,1
"cbramod, all participants",467,2,left_hand,0.3656,1
"cbramod, all participants",468,2,left_hand,0.3746,1
"cbramod, all participants",469,2,right_hand,0.8025,1
"cbramod, all participants",470,2,left_hand,0.1625,1
"cbramod, all participants",471,2,right_hand,0.3893,1
"cbramod, all participants",472,2,right_hand,0.6314,1
"cbramod, all participants",473,2,left_hand,0.8782,1
"cbramod, all participants",474,2,right_hand,0.3391,1
"cbramod, all participants",475,2,left_hand,0.596,1
"cbramod, all participants",476,2,right_hand,0.6726,1
"cbramod, all participants",477,2,right_hand,0.578,1
"cbramod, all participants",478,2,right_hand,0.5238,1
"cbramod, all participants",479,2,left_hand,0.8164,1
"cbramod, all participants",480,2,left_hand,0.4367,1
"cbramod, all participants",481,2,left_hand,0.3679,1
"cbramod, all participants",482,2,right_hand,0.2892,1
"cbramod, all participants",483,2,left_hand,0.1219,1
"cbramod, all participants",484,2,left_hand,0.1413,1
"cbramod, all participants",485,2,right_hand,0.3804,1
"cbramod, all participants",486,2,left_hand,0.0755,1
"cbramod, all participants",487,2,left_hand,0.6615,1
"cbramod, all participants",488,2,right_hand,0.2238,1
"cbramod, all participants",489,2,left_hand,0.3266,1
"cbramod, all participants",490,2,right_hand,0.9333,1
"cbramod, all participants",491,2,right_hand,0.0881,1
"cbramod, all participants",492,2,left_hand,0.8048,1
"cbramod, all participants",493,2,right_hand,0.1898,1
"cbramod, all participants",494,2,left_hand,0.8754,1
"cbramod, all participants",495,2,left_hand,0.1168,1
"cbramod, all participants",496,2,right_hand,0.0919,1
"cbramod, all participants",497,2,left_hand,0.4669,1
"cbramod, all participants",498,2,right_hand,0.7624,1
"cbramod, all participants",499,2,right_hand,0.7517,1
"cbramod, all participants",500,2,right_hand,0.5798,1
"cbramod, all participants",501,2,right_hand,0.2917,1
"cbramod, all participants",502,2,right_hand,0.433,1
"cbramod, all participants",503,2,left_hand,0.8389,1
"cbramod, all participants",504,2,right_hand,0.6157,1
"cbramod, all participants",505,2,left_hand,0.4853,1
"cbramod, all participants",506,2,left_hand,0.7335,1
"cbramod, all participants",507,2,left_hand,0.4062,1
"cbramod, all participants",508,2,right_hand,0.1515,1
"cbramod, all participants",509,2,right_hand,0.9108,1
"cbramod, all participants",510,2,left_hand,0.0448,1
"cbramod, all participants",511,2,right_hand,0.1251,1
"cbramod, all participants",512,2,left_hand,0.2221,1
"cbramod, all participants",513,2,right_hand,0.5409,1
"cbramod, all participants",514,2,left_hand,0.1321,1
"cbramod, all participants",515,2,right_hand,0.1463,1
"cbramod, all participants",516,2,right_hand,0.6609,1
"cbramod, all participants",517,2,right_hand,0.2856,1
"cbramod, all participants",518,2,left_hand,0.1354,1
"cbramod, all participants",519,2,left_hand,0.9236,1
"cbramod, all participants",520,2,right_hand,0.5996,1
"cbramod, all participants",521,2,left_hand,0.7385,1
"cbramod, all participants",522,2,right_hand,0.4967,1
"cbramod, all participants",523,2,right_hand,0.8936,1
"cbramod, all participants",524,2,left_hand,0.1623,1
"cbramod, all participants",525,2,left_hand,0.7402,1
"cbramod, all participants",526,2,right_hand,0.6649,1
"cbramod, all participants",527,2,left_hand,0.2311,1
"cbramod, all participants",528,2,right_hand,0.2915,1
"cbramod, all participants",529,2,left_hand,0.1371,1
"cbramod, all participants",530,2,left_hand,0.5194,1
"cbramod, all participants",531,2,right_hand,0.8615,1
"cbramod, all participants",532,2,left_hand,0.5846,1
"cbramod, all participants",533,2,left_hand,0.2025,1
"cbramod, all participants",534,2,left_hand,0.4735,1
"cbramod, all participants",535,2,right_hand,0.5545,1
"cbramod, all participants",536,2,right_hand,0.931,1
"cbramod, all participants",537,2,right_hand,0.3655,1
"cbramod, all participants",538,2,right_hand,0.4619,1
"cbramod, all participants",539,2,left_hand,0.4111,1
"cbramod, all participants",540,2,right_hand,0.3143,1
"cbramod, all participants",541,2,right_hand,0.2955,1
"cbramod, all participants",542,2,right_hand,0.6673,1
"cbramod, all participants",543,2,left_hand,0.2016,1
"cbramod, all participants",544,2,left_hand,0.468,1
"cbramod, all participants",545,2,left_hand,0.3657,1
"cbramod, all participants",546,2,left_hand,0.7876,1
"cbramod, all participants",547,2,left_hand,0.5115,1
"cbramod, all participants",548,2,right_hand,0.5884,1
"cbramod, all participants",549,2,left_hand,0.571,1
"cbramod, all participants",550,2,right_hand,0.4479,1
"cbramod, all participants",551,2,right_hand,0.8637,1
"cbramod, all participants",552,2,left_hand,0.2401,1
"cbramod, all participants",553,2,right_hand,0.7902,1
"cbramod, all participants",554,2,left_hand,0.5308,1
"cbramod, all participants",555,2,left_hand,0.4054,1
"cbramod, all participants",556,2,right_hand,0.8913,1
"cbramod, all participants",557,2,right_hand,0.8714,1
"cbramod, all participants",558,2,right_hand,0.4658,1
"cbramod, all participants",559,2,left_hand,0.3936,1
"cbramod, all participants",560,2,right_hand,0.9657,1
"cbramod, all participants",561,2,right_hand,0.4564,1
"cbramod, all participants",562,2,right_hand,0.6592,1
"cbramod, all participants",563,2,right_hand,0.024,1
"cbramod, all participants",564,2,right_hand,0.0336,1
"cbramod, all participants",565,2,left_hand,0.6262,1
"cbramod, all participants",566,2,right_hand,0.4915,1
"cbramod, all participants",567,2,right_hand,0.7147,1
"cbramod, all participants",568,2,left_hand,0.8569,1
"cbramod, all participants",569,2,left_hand,0.8793,1
"cbramod, all participants",570,2,left_hand,0.6491,1
"cbramod, all participants",571,2,left_hand,0.1299,1
"cbramod, all participants",572,2,left_hand,0.9851,1
"cbramod, all participants",573,2,left_hand,0.1337,1
"cbramod, all participants",574,2,right_hand,0.4337,1
"cbramod, all participants",575,2,left_hand,0.222,1
"cbramod, all participants",720,3,left_hand,0.0441,1
"cbramod, all participants",721,3,right_hand,0.7464,1
"cbramod, all participants",722,3,right_hand,0.721,1
"cbramod, all participants",723,3,left_hand,0.0245,1
"cbramod, all participants",724,3,right_hand,0.7902,1
"cbramod, all participants",725,3,left_hand,0.0892,1
"cbramod, all participants",726,3,right_hand,0.4963,1
"cbramod, all participants",727,3,right_hand,0.271,1
"cbramod, all participants",728,3,left_hand,0.1229,1
"cbramod, all participants",729,3,right_hand,0.0689,1
"cbramod, all participants",730,3,left_hand,0.0125,1
"cbramod, all participants",731,3,left_hand,0.5088,1
"cbramod, all participants",732,3,right_hand,0.101,1
"cbramod, all participants",733,3,left_hand,0.0527,1
"cbramod, all participants",734,3,left_hand,0.062,1
"cbramod, all participants",735,3,left_hand,0.3171,1
"cbramod, all participants",736,3,left_hand,0.5109,1
"cbramod, all participants",737,3,right_hand,0.2384,1
"cbramod, all participants",738,3,left_hand,0.7033,1
"cbramod, all participants",739,3,right_hand,0.9577,1
"cbramod, all participants",740,3,right_hand,0.1381,1
"cbramod, all participants",741,3,left_hand,0.0573,1
"cbramod, all participants",742,3,right_hand,0.8342,1
"cbramod, all participants",743,3,right_hand,0.8088,1
"cbramod, all participants",744,3,right_hand,0.4663,1
"cbramod, all participants",745,3,left_hand,0.0791,1
"cbramod, all participants",746,3,left_hand,0.0399,1
"cbramod, all participants",747,3,right_hand,0.9624,1
"cbramod, all participants",748,3,right_hand,0.8801,1
"cbramod, all participants",749,3,left_hand,0.0667,1
"cbramod, all participants",750,3,left_hand,0.1402,1
"cbramod, all participants",751,3,left_hand,0.0762,1
"cbramod, all participants",752,3,right_hand,0.4517,1
"cbramod, all participants",753,3,right_hand,0.8645,1
"cbramod, all participants",754,3,left_hand,0.4601,1
"cbramod, all participants",755,3,left_hand,0.0214,1
"cbramod, all participants",756,3,left_hand,0.1341,1
"cbramod, all participants",757,3,right_hand,0.6903,1
"cbramod, all participants",758,3,left_hand,0.0513,1
"cbramod, all participants",759,3,right_hand,0.7527,1
"cbramod, all participants",760,3,right_hand,0.5604,1
"cbramod, all participants",761,3,left_hand,0.3681,1
"cbramod, all participants",762,3,right_hand,0.2923,1
"cbramod, all participants",763,3,left_hand,0.3024,1
"cbramod, all participants",764,3,right_hand,0.4388,1
"cbramod, all participants",765,3,right_hand,0.8827,1
"cbramod, all participants",766,3,right_hand,0.0617,1
"cbramod, all participants",767,3,left_hand,0.0135,1
"cbramod, all participants",768,3,left_hand,0.3653,1
"cbramod, all participants",769,3,left_hand,0.0185,1
"cbramod, all participants",770,3,right_hand,0.9377,1
"cbramod, all participants",771,3,left_hand,0.0107,1
"cbramod, all participants",772,3,left_hand,0.0199,1
"cbramod, all participants",773,3,right_hand,0.8444,1
"cbramod, all participants",774,3,left_hand,0.0857,1
"cbramod, all participants",775,3,left_hand,0.3384,1
"cbramod, all participants",776,3,right_hand,0.133,1
"cbramod, all participants",777,3,left_hand,0.2086,1
"cbramod, all participants",778,3,right_hand,0.963,1
"cbramod, all participants",779,3,right_hand,0.7277,1
"cbramod, all participants",780,3,left_hand,0.3628,1
"cbramod, all participants",781,3,right_hand,0.278,1
"cbramod, all participants",782,3,left_hand,0.0225,1
"cbramod, all participants",783,3,left_hand,0.0105,1
"cbramod, all participants",784,3,right_hand,0.8008,1
"cbramod, all participants",785,3,left_hand,0.199,1
"cbramod, all participants",786,3,right_hand,0.9049,1
"cbramod, all participants",787,3,right_hand,0.1729,1
"cbramod, all participants",788,3,right_hand,0.7631,1
"cbramod, all participants",789,3,right_hand,0.9596,1
"cbramod, all participants",790,3,right_hand,0.7838,1
"cbramod, all participants",791,3,left_hand,0.2963,1
"cbramod, all participants",792,3,right_hand,0.9121,1
"cbramod, all participants",793,3,left_hand,0.068,1
"cbramod, all participants",794,3,left_hand,0.4753,1
"cbramod, all participants",795,3,left_hand,0.4155,1
"cbramod, all participants",796,3,right_hand,0.8861,1
"cbramod, all participants",797,3,right_hand,0.9272,1
"cbramod, all participants",798,3,left_hand,0.2931,1
"cbramod, all participants",799,3,right_hand,0.0793,1
"cbramod, all participants",800,3,left_hand,0.1648,1
"cbramod, all participants",801,3,right_hand,0.865,1
"cbramod, all participants",802,3,left_hand,0.5989,1
"cbramod, all participants",803,3,right_hand,0.5313,1
"cbramod, all participants",804,3,right_hand,0.3342,1
"cbramod, all participants",805,3,right_hand,0.8985,1
"cbramod, all participants",806,3,left_hand,0.1534,1
"cbramod, all participants",807,3,left_hand,0.1006,1
"cbramod, all participants",808,3,right_hand,0.9148,1
"cbramod, all participants",809,3,left_hand,0.417,1
"cbramod, all participants",810,3,right_hand,0.8617,1
"cbramod, all participants",811,3,right_hand,0.5919,1
"cbramod, all participants",812,3,left_hand,0.2414,1
"cbramod, all participants",813,3,left_hand,0.4293,1
"cbramod, all participants",814,3,right_hand,0.821,1
"cbramod, all participants",815,3,left_hand,0.2855,1
"cbramod, all participants",816,3,right_hand,0.8807,1
"cbramod, all participants",817,3,left_hand,0.0562,1
"cbramod, all participants",818,3,left_hand,0.0152,1
"cbramod, all participants",819,3,right_hand,0.9066,1
"cbramod, all participants",820,3,left_hand,0.1589,1
"cbramod, all participants",821,3,left_hand,0.587,1
"cbramod, all participants",822,3,left_hand,0.3664,1
"cbramod, all participants",823,3,right_hand,0.5853,1
"cbramod, all participants",824,3,right_hand,0.9197,1
"cbramod, all participants",825,3,right_hand,0.3928,1
"cbramod, all participants",826,3,right_hand,0.9697,1
"cbramod, all participants",827,3,left_hand,0.7741,1
"cbramod, all participants",828,3,right_hand,0.6244,1
"cbramod, all participants",829,3,right_hand,0.3786,1
"cbramod, all participants",830,3,right_hand,0.9511,1
"cbramod, all participants",831,3,left_hand,0.0683,1
"cbramod, all participants",832,3,left_hand,0.1973,1
"cbramod, all participants",833,3,left_hand,0.2319,1
"cbramod, all participants",834,3,left_hand,0.502,1
"cbramod, all participants",835,3,left_hand,0.6603,1
"cbramod, all participants",836,3,right_hand,0.5435,1
"cbramod, all participants",837,3,left_hand,0.2041,1
"cbramod, all participants",838,3,right_hand,0.8185,1
"cbramod, all participants",839,3,right_hand,0.8766,1
"cbramod, all participants",840,3,left_hand,0.0331,1
"cbramod, all participants",841,3,right_hand,0.1241,1
"cbramod, all participants",842,3,left_hand,0.7488,1
"cbramod, all participants",843,3,left_hand,0.4757,1
"cbramod, all participants",844,3,right_hand,0.3282,1
"cbramod, all participants",845,3,right_hand,0.42,1
"cbramod, all participants",846,3,right_hand,0.0177,1
"cbramod, all participants",847,3,left_hand,0.0677,1
"cbramod, all participants",848,3,right_hand,0.1483,1
"cbramod, all participants",849,3,right_hand,0.128,1
"cbramod, all participants",850,3,right_hand,0.1567,1
"cbramod, all participants",851,3,right_hand,0.2237,1
"cbramod, all participants",852,3,right_hand,0.0657,1
"cbramod, all participants",853,3,left_hand,0.0247,1
"cbramod, all participants",854,3,right_hand,0.1562,1
"cbramod, all participants",855,3,right_hand,0.0819,1
"cbramod, all participants",856,3,left_hand,0.3984,1
"cbramod, all participants",857,3,left_hand,0.0189,1
"cbramod, all participants",858,3,left_hand,0.4802,1
"cbramod, all participants",859,3,left_hand,0.0264,1
"cbramod, all participants",860,3,left_hand,0.0268,1
"cbramod, all participants",861,3,left_hand,0.0891,1
"cbramod, all participants",862,3,right_hand,0.5113,1
"cbramod, all participants",863,3,left_hand,0.0396,1
"cbramod, all participants",1008,4,right_hand,0.7597,1
"cbramod, all participants",1009,4,left_hand,0.3921,1
"cbramod, all participants",1010,4,left_hand,0.1997,1
"cbramod, all participants",1011,4,right_hand,0.8734,1
"cbramod, all participants",1012,4,right_hand,0.4413,1
"cbramod, all participants",1013,4,left_hand,0.5008,1
"cbramod, all participants",1014,4,left_hand,0.4997,1
"cbramod, all participants",1015,4,left_hand,0.2398,1
"cbramod, all participants",1016,4,right_hand,0.279,1
"cbramod, all participants",1017,4,right_hand,0.3839,1
"cbramod, all participants",1018,4,left_hand,0.0553,1
"cbramod, all participants",1019,4,left_hand,0.1398,1
"cbramod, all participants",1020,4,left_hand,0.3148,1
"cbramod, all participants",1021,4,right_hand,0.8544,1
"cbramod, all participants",1022,4,left_hand,0.3124,1
"cbramod, all participants",1023,4,right_hand,0.9513,1
"cbramod, all participants",1024,4,right_hand,0.3344,1
"cbramod, all participants",1025,4,left_hand,0.0303,1
"cbramod, all participants",1026,4,right_hand,0.4024,1
"cbramod, all participants",1027,4,left_hand,0.9739,1
"cbramod, all participants",1028,4,right_hand,0.3171,1
"cbramod, all participants",1029,4,right_hand,0.5136,1
"cbramod, all participants",1030,4,right_hand,0.8436,1
"cbramod, all participants",1031,4,left_hand,0.3599,1
"cbramod, all participants",1032,4,left_hand,0.8684,1
"cbramod, all participants",1033,4,left_hand,0.5044,1
"cbramod, all participants",1034,4,right_hand,0.7843,1
"cbramod, all participants",1035,4,left_hand,0.2773,1
"cbramod, all participants",1036,4,left_hand,0.3344,1
"cbramod, all participants",1037,4,right_hand,0.7371,1
"cbramod, all participants",1038,4,left_hand,0.7803,1
"cbramod, all participants",1039,4,left_hand,0.2905,1
"cbramod, all participants",1040,4,right_hand,0.8882,1
"cbramod, all participants",1041,4,left_hand,0.8157,1
"cbramod, all participants",1042,4,right_hand,0.2841,1
"cbramod, all participants",1043,4,right_hand,0.9604,1
"cbramod, all participants",1044,4,left_hand,0.3197,1
"cbramod, all participants",1045,4,right_hand,0.8412,1
"cbramod, all participants",1046,4,left_hand,0.1159,1
"cbramod, all participants",1047,4,left_hand,0.0976,1
"cbramod, all participants",1048,4,right_hand,0.9341,1
"cbramod, all participants",1049,4,left_hand,0.3665,1
"cbramod, all participants",1050,4,right_hand,0.8669,1
"cbramod, all participants",1051,4,right_hand,0.7759,1
"cbramod, all participants",1052,4,right_hand,0.8922,1
"cbramod, all participants",1053,4,right_hand,0.6967,1
"cbramod, all participants",1054,4,right_hand,0.8755,1
"cbramod, all participants",1055,4,left_hand,0.0844,1
"cbramod, all participants",1056,4,right_hand,0.6021,1
"cbramod, all participants",1057,4,left_hand,0.3106,1
"cbramod, all participants",1058,4,left_hand,0.5022,1
"cbramod, all participants",1059,4,left_hand,0.2109,1
"cbramod, all participants",1060,4,right_hand,0.9342,1
"cbramod, all participants",1061,4,right_hand,0.7753,1
"cbramod, all participants",1062,4,left_hand,0.0267,1
"cbramod, all participants",1063,4,right_hand,0.4099,1
"cbramod, all participants",1064,4,left_hand,0.0593,1
"cbramod, all participants",1065,4,right_hand,0.5187,1
"cbramod, all participants",1066,4,left_hand,0.2999,1
"cbramod, all participants",1067,4,right_hand,0.6355,1
"cbramod, all participants",1068,4,right_hand,0.9766,1
"cbramod, all participants",1069,4,right_hand,0.5816,1
"cbramod, all participants",1070,4,left_hand,0.2295,1
"cbramod, all participants",1071,4,left_hand,0.5564,1
"cbramod, all participants",1072,4,right_hand,0.6944,1
"cbramod, all participants",1073,4,left_hand,0.655,1
"cbramod, all participants",1074,4,right_hand,0.8608,1
"cbramod, all participants",1075,4,right_hand,0.3306,1
"cbramod, all participants",1076,4,left_hand,0.6466,1
"cbramod, all participants",1077,4,left_hand,0.1681,1
"cbramod, all participants",1078,4,right_hand,0.9617,1
"cbramod, all participants",1079,4,left_hand,0.15,1
"cbramod, all participants",1080,4,right_hand,0.8386,1
"cbramod, all participants",1081,4,left_hand,0.7695,1
"cbramod, all participants",1082,4,left_hand,0.5748,1
"cbramod, all participants",1083,4,right_hand,0.4959,1
"cbramod, all participants",1084,4,left_hand,0.8737,1
"cbramod, all participants",1085,4,left_hand,0.2832,1
"cbramod, all participants",1086,4,left_hand,0.6417,1
"cbramod, all participants",1087,4,right_hand,0.9867,1
"cbramod, all participants",1088,4,right_hand,0.6334,1
"cbramod, all participants",1089,4,right_hand,0.9528,1
"cbramod, all participants",1090,4,right_hand,0.8829,1
"cbramod, all participants",1091,4,left_hand,0.6251,1
"cbramod, all participants",1092,4,right_hand,0.8924,1
"cbramod, all participants",1093,4,right_hand,0.7927,1
"cbramod, all participants",1094,4,right_hand,0.9126,1
"cbramod, all participants",1095,4,left_hand,0.2264,1
"cbramod, all participants",1096,4,left_hand,0.781,1
"cbramod, all participants",1097,4,left_hand,0.11,1
"cbramod, all participants",1098,4,left_hand,0.6273,1
"cbramod, all participants",1099,4,left_hand,0.4162,1
"cbramod, all participants",1100,4,right_hand,0.7437,1
"cbramod, all participants",1101,4,left_hand,0.2178,1
"cbramod, all participants",1102,4,right_hand,0.7483,1
"cbramod, all participants",1103,4,right_hand,0.5415,1
"cbramod, all participants",1104,4,left_hand,0.2037,1
"cbramod, all participants",1105,4,right_hand,0.683,1
"cbramod, all participants",1106,4,left_hand,0.6279,1
"cbramod, all participants",1107,4,left_hand,0.885,1
"cbramod, all participants",1108,4,right_hand,0.8864,1
"cbramod, all participants",1109,4,right_hand,0.689,1
"cbramod, all participants",1110,4,right_hand,0.9739,1
"cbramod, all participants",1111,4,left_hand,0.045,1
"cbramod, all participants",1112,4,right_hand,0.9486,1
"cbramod, all participants",1113,4,right_hand,0.7029,1
"cbramod, all participants",1114,4,right_hand,0.8456,1
"cbramod, all participants",1115,4,right_hand,0.9536,1
"cbramod, all participants",1116,4,right_hand,0.9356,1
"cbramod, all participants",1117,4,left_hand,0.5863,1
"cbramod, all participants",1118,4,right_hand,0.5117,1
"cbramod, all participants",1119,4,right_hand,0.9075,1
"cbramod, all participants",1120,4,left_hand,0.1803,1
"cbramod, all participants",1121,4,left_hand,0.2255,1
"cbramod, all participants",1122,4,left_hand,0.9259,1
"cbramod, all participants",1123,4,left_hand,0.0752,1
"cbramod, all participants",1124,4,left_hand,0.7887,1
"cbramod, all participants",1125,4,left_hand,0.1391,1
"cbramod, all participants",1126,4,right_hand,0.5656,1
"cbramod, all participants",1127,4,left_hand,0.8773,1
"cbramod, all participants",1128,4,left_hand,0.1329,1
"cbramod, all participants",1129,4,right_hand,0.2014,1
"cbramod, all participants",1130,4,right_hand,0.1121,1
"cbramod, all participants",1131,4,left_hand,0.4095,1
"cbramod, all participants",1132,4,right_hand,0.8472,1
"cbramod, all participants",1133,4,right_hand,0.7037,1
"cbramod, all participants",1134,4,right_hand,0.8173,1
"cbramod, all participants",1135,4,right_hand,0.5902,1
"cbramod, all participants",1136,4,right_hand,0.6734,1
"cbramod, all participants",1137,4,left_hand,0.8198,1
"cbramod, all participants",1138,4,left_hand,0.1086,1
"cbramod, all participants",1139,4,left_hand,0.5617,1
"cbramod, all participants",1140,4,left_hand,0.355,1
"cbramod, all participants",1141,4,right_hand,0.8951,1
"cbramod, all participants",1142,4,right_hand,0.515,1
"cbramod, all participants",1143,4,left_hand,0.9545,1
"cbramod, all participants",1144,4,left_hand,0.8794,1
"cbramod, all participants",1145,4,left_hand,0.8834,1
"cbramod, all participants",1146,4,right_hand,0.699,1
"cbramod, all participants",1147,4,right_hand,0.9382,1
"cbramod, all participants",1148,4,left_hand,0.0053,1
"cbramod, all participants",1149,4,left_hand,0.531,1
"cbramod, all participants",1150,4,right_hand,0.9491,1
"cbramod, all participants",1151,4,left_hand,0.0293,1
"cbramod, all participants",1296,5,left_hand,0.1045,1
"cbramod, all participants",1297,5,right_hand,0.3586,1
"cbramod, all participants",1298,5,right_hand,0.8016,1
"cbramod, all participants",1299,5,left_hand,0.4779,1
"cbramod, all participants",1300,5,right_hand,0.4574,1
"cbramod, all participants",1301,5,left_hand,0.4418,1
"cbramod, all participants",1302,5,right_hand,0.8649,1
"cbramod, all participants",1303,5,right_hand,0.6002,1
"cbramod, all participants",1304,5,left_hand,0.6997,1
"cbramod, all participants",1305,5,right_hand,0.4246,1
"cbramod, all participants",1306,5,left_hand,0.0462,1
"cbramod, all participants",1307,5,left_hand,0.4323,1
"cbramod, all participants",1308,5,right_hand,0.8006,1
"cbramod, all participants",1309,5,left_hand,0.6504,1
"cbramod, all participants",1310,5,left_hand,0.6124,1
"cbramod, all participants",1311,5,left_hand,0.7642,1
"cbramod, all participants",1312,5,left_hand,0.3917,1
"cbramod, all participants",1313,5,right_hand,0.9003,1
"cbramod, all participants",1314,5,left_hand,0.3162,1
"cbramod, all participants",1315,5,right_hand,0.8773,1
"cbramod, all participants",1316,5,right_hand,0.187,1
"cbramod, all participants",1317,5,left_hand,0.0131,1
"cbramod, all participants",1318,5,right_hand,0.8002,1
"cbramod, all participants",1319,5,right_hand,0.6283,1
"cbramod, all participants",1320,5,right_hand,0.5577,1
"cbramod, all participants",1321,5,left_hand,0.751,1
"cbramod, all participants",1322,5,left_hand,0.3352,1
"cbramod, all participants",1323,5,right_hand,0.6695,1
"cbramod, all participants",1324,5,right_hand,0.9414,1
"cbramod, all participants",1325,5,left_hand,0.7308,1
"cbramod, all participants",1326,5,left_hand,0.0235,1
"cbramod, all participants",1327,5,left_hand,0.0351,1
"cbramod, all participants",1328,5,right_hand,0.5218,1
"cbramod, all participants",1329,5,right_hand,0.4075,1
"cbramod, all participants",1330,5,left_hand,0.0626,1
"cbramod, all participants",1331,5,left_hand,0.3123,1
"cbramod, all participants",1332,5,left_hand,0.6715,1
"cbramod, all participants",1333,5,right_hand,0.9546,1
"cbramod, all participants",1334,5,left_hand,0.0654,1
"cbramod, all participants",1335,5,right_hand,0.9695,1
"cbramod, all participants",1336,5,right_hand,0.2253,1
"cbramod, all participants",1337,5,left_hand,0.2408,1
"cbramod, all participants",1338,5,right_hand,0.7741,1
"cbramod, all participants",1339,5,left_hand,0.2678,1
"cbramod, all participants",1340,5,right_hand,0.9486,1
"cbramod, all participants",1341,5,right_hand,0.7681,1
"cbramod, all participants",1342,5,right_hand,0.6773,1
"cbramod, all participants",1343,5,left_hand,0.2984,1
"cbramod, all participants",1344,5,left_hand,0.4782,1
"cbramod, all participants",1345,5,left_hand,0.1632,1
"cbramod, all participants",1346,5,right_hand,0.4068,1
"cbramod, all participants",1347,5,left_hand,0.2173,1
"cbramod, all participants",1348,5,left_hand,0.1617,1
"cbramod, all participants",1349,5,right_hand,0.915,1
"cbramod, all participants",1350,5,left_hand,0.4811,1
"cbramod, all participants",1351,5,left_hand,0.4149,1
"cbramod, all participants",1352,5,right_hand,0.8284,1
"cbramod, all participants",1353,5,left_hand,0.3823,1
"cbramod, all participants",1354,5,right_hand,0.5628,1
"cbramod, all participants",1355,5,right_hand,0.2025,1
"cbramod, all participants",1356,5,left_hand,0.3064,1
"cbramod, all participants",1357,5,right_hand,0.5587,1
"cbramod, all participants",1358,5,left_hand,0.0645,1
"cbramod, all participants",1359,5,left_hand,0.1042,1
"cbramod, all participants",1360,5,right_hand,0.9554,1
"cbramod, all participants",1361,5,left_hand,0.0915,1
"cbramod, all participants",1362,5,right_hand,0.0696,1
"cbramod, all participants",1363,5,right_hand,0.4719,1
"cbramod, all participants",1364,5,right_hand,0.5678,1
"cbramod, all participants",1365,5,right_hand,0.8692,1
"cbramod, all participants",1366,5,right_hand,0.7933,1
"cbramod, all participants",1367,5,left_hand,0.0578,1
"cbramod, all participants",1368,5,right_hand,0.8429,1
"cbramod, all participants",1369,5,left_hand,0.1983,1
"cbramod, all participants",1370,5,left_hand,0.7647,1
"cbramod, all participants",1371,5,left_hand,0.2042,1
"cbramod, all participants",1372,5,right_hand,0.491,1
"cbramod, all participants",1373,5,right_hand,0.5105,1
"cbramod, all participants",1374,5,left_hand,0.3688,1
"cbramod, all participants",1375,5,right_hand,0.7969,1
"cbramod, all participants",1376,5,left_hand,0.2872,1
"cbramod, all participants",1377,5,right_hand,0.6516,1
"cbramod, all participants",1378,5,left_hand,0.1579,1
"cbramod, all participants",1379,5,right_hand,0.9045,1
"cbramod, all participants",1380,5,right_hand,0.768,1
"cbramod, all participants",1381,5,right_hand,0.8159,1
"cbramod, all participants",1382,5,left_hand,0.4994,1
"cbramod, all participants",1383,5,left_hand,0.7722,1
"cbramod, all participants",1384,5,right_hand,0.7227,1
"cbramod, all participants",1385,5,left_hand,0.1322,1
"cbramod, all participants",1386,5,right_hand,0.824,1
"cbramod, all participants",1387,5,right_hand,0.6249,1
"cbramod, all participants",1388,5,left_hand,0.1917,1
"cbramod, all participants",1389,5,left_hand,0.1334,1
"cbramod, all participants",1390,5,right_hand,0.5475,1
"cbramod, all participants",1391,5,left_hand,0.2437,1
"cbramod, all participants",1392,5,right_hand,0.3956,1
"cbramod, all participants",1393,5,left_hand,0.5932,1
"cbramod, all participants",1394,5,left_hand,0.4855,1
"cbramod, all participants",1395,5,right_hand,0.7094,1
"cbramod, all participants",1396,5,left_hand,0.9581,1
"cbramod, all participants",1397,5,left_hand,0.2954,1
"cbramod, all participants",1398,5,left_hand,0.4864,1
"cbramod, all participants",1399,5,right_hand,0.6199,1
"cbramod, all participants",1400,5,right_hand,0.8179,1
"cbramod, all participants",1401,5,right_hand,0.8587,1
"cbramod, all participants",1402,5,right_hand,0.9247,1
"cbramod, all participants",1403,5,left_hand,0.0899,1
"cbramod, all participants",1404,5,right_hand,0.8765,1
"cbramod, all participants",1405,5,right_hand,0.8049,1
"cbramod, all participants",1406,5,right_hand,0.4754,1
"cbramod, all participants",1407,5,left_hand,0.3092,1
"cbramod, all participants",1408,5,left_hand,0.5884,1
"cbramod, all participants",1409,5,left_hand,0.5402,1
"cbramod, all participants",1410,5,left_hand,0.117,1
"cbramod, all participants",1411,5,left_hand,0.3222,1
"cbramod, all participants",1412,5,right_hand,0.5327,1
"cbramod, all participants",1413,5,left_hand,0.023,1
"cbramod, all participants",1414,5,right_hand,0.8673,1
"cbramod, all participants",1415,5,right_hand,0.2412,1
"cbramod, all participants",1416,5,left_hand,0.6666,1
"cbramod, all participants",1417,5,right_hand,0.7478,1
"cbramod, all participants",1418,5,left_hand,0.0278,1
"cbramod, all participants",1419,5,left_hand,0.8178,1
"cbramod, all participants",1420,5,right_hand,0.8933,1
"cbramod, all participants",1421,5,right_hand,0.882,1
"cbramod, all participants",1422,5,right_hand,0.548,1
"cbramod, all participants",1423,5,left_hand,0.8578,1
"cbramod, all participants",1424,5,right_hand,0.4177,1
"cbramod, all participants",1425,5,right_hand,0.6803,1
"cbramod, all participants",1426,5,right_hand,0.7453,1
"cbramod, all participants",1427,5,right_hand,0.8609,1
"cbramod, all participants",1428,5,right_hand,0.5508,1
"cbramod, all participants",1429,5,left_hand,0.4888,1
"cbramod, all participants",1430,5,right_hand,0.8261,1
"cbramod, all participants",1431,5,right_hand,0.808,1
"cbramod, all participants",1432,5,left_hand,0.6311,1
"cbramod, all participants",1433,5,left_hand,0.3639,1
"cbramod, all participants",1434,5,left_hand,0.4981,1
"cbramod, all participants",1435,5,left_hand,0.2602,1
"cbramod, all participants",1436,5,left_hand,0.3554,1
"cbramod, all participants",1437,5,left_hand,0.4528,1
"cbramod, all participants",1438,5,right_hand,0.3291,1
"cbramod, all participants",1439,5,left_hand,0.7153,1
"cbramod, all participants",1584,6,left_hand,0.658,1
"cbramod, all participants",1585,6,right_hand,0.5723,1
"cbramod, all participants",1586,6,right_hand,0.5405,1
"cbramod, all participants",1587,6,left_hand,0.1855,1
"cbramod, all participants",1588,6,right_hand,0.7513,1
"cbramod, all participants",1589,6,left_hand,0.1922,1
"cbramod, all participants",1590,6,right_hand,0.0905,1
"cbramod, all participants",1591,6,right_hand,0.6754,1
"cbramod, all participants",1592,6,left_hand,0.4302,1
"cbramod, all participants",1593,6,right_hand,0.9305,1
"cbramod, all participants",1594,6,left_hand,0.946,1
"cbramod, all participants",1595,6,left_hand,0.2965,1
"cbramod, all participants",1596,6,right_hand,0.819,1
"cbramod, all participants",1597,6,left_hand,0.1502,1
"cbramod, all participants",1598,6,left_hand,0.3281,1
"cbramod, all participants",1599,6,left_hand,0.6867,1
"cbramod, all participants",1600,6,left_hand,0.7623,1
"cbramod, all participants",1601,6,right_hand,0.8874,1
"cbramod, all participants",1602,6,left_hand,0.2833,1
"cbramod, all participants",1603,6,right_hand,0.7396,1
"cbramod, all participants",1604,6,right_hand,0.6225,1
"cbramod, all participants",1605,6,left_hand,0.7733,1
"cbramod, all participants",1606,6,right_hand,0.6482,1
"cbramod, all participants",1607,6,right_hand,0.8756,1
"cbramod, all participants",1608,6,right_hand,0.9011,1
"cbramod, all participants",1609,6,left_hand,0.3691,1
"cbramod, all participants",1610,6,left_hand,0.6571,1
"cbramod, all participants",1611,6,right_hand,0.2856,1
"cbramod, all participants",1612,6,right_hand,0.1598,1
"cbramod, all participants",1613,6,left_hand,0.1336,1
"cbramod, all participants",1614,6,left_hand,0.1404,1
"cbramod, all participants",1615,6,left_hand,0.8876,1
"cbramod, all participants",1616,6,right_hand,0.0578,1
"cbramod, all participants",1617,6,right_hand,0.8455,1
"cbramod, all participants",1618,6,left_hand,0.1911,1
"cbramod, all participants",1619,6,left_hand,0.0932,1
"cbramod, all participants",1620,6,left_hand,0.1773,1
"cbramod, all participants",1621,6,right_hand,0.8423,1
"cbramod, all participants",1622,6,left_hand,0.2486,1
"cbramod, all participants",1623,6,right_hand,0.4389,1
"cbramod, all participants",1624,6,right_hand,0.3346,1
"cbramod, all participants",1625,6,left_hand,0.5341,1
"cbramod, all participants",1626,6,right_hand,0.5804,1
"cbramod, all participants",1627,6,left_hand,0.3152,1
"cbramod, all participants",1628,6,right_hand,0.6675,1
"cbramod, all participants",1629,6,right_hand,0.1388,1
"cbramod, all participants",1630,6,right_hand,0.8491,1
"cbramod, all participants",1631,6,left_hand,0.1534,1
"cbramod, all participants",1632,6,left_hand,0.8893,1
"cbramod, all participants",1633,6,left_hand,0.7708,1
"cbramod, all participants",1634,6,right_hand,0.8779,1
"cbramod, all participants",1635,6,left_hand,0.7717,1
"cbramod, all participants",1636,6,left_hand,0.0754,1
"cbramod, all participants",1637,6,right_hand,0.4109,1
"cbramod, all participants",1638,6,left_hand,0.2862,1
"cbramod, all participants",1639,6,left_hand,0.1905,1
"cbramod, all participants",1640,6,right_hand,0.7676,1
"cbramod, all participants",1641,6,left_hand,0.1275,1
"cbramod, all participants",1642,6,right_hand,0.1479,1
"cbramod, all participants",1643,6,right_hand,0.8677,1
"cbramod, all participants",1644,6,left_hand,0.5543,1
"cbramod, all participants",1645,6,right_hand,0.5973,1
"cbramod, all participants",1646,6,left_hand,0.673,1
"cbramod, all participants",1647,6,left_hand,0.5027,1
"cbramod, all participants",1648,6,right_hand,0.7521,1
"cbramod, all participants",1649,6,left_hand,0.9486,1
"cbramod, all participants",1650,6,right_hand,0.86,1
"cbramod, all participants",1651,6,right_hand,0.6811,1
"cbramod, all participants",1652,6,right_hand,0.3343,1
"cbramod, all participants",1653,6,right_hand,0.8023,1
"cbramod, all participants",1654,6,right_hand,0.6614,1
"cbramod, all participants",1655,6,left_hand,0.7772,1
"cbramod, all participants",1656,6,right_hand,0.2988,1
"cbramod, all participants",1657,6,left_hand,0.0491,1
"cbramod, all participants",1658,6,left_hand,0.5632,1
"cbramod, all participants",1659,6,left_hand,0.4723,1
"cbramod, all participants",1660,6,right_hand,0.9489,1
"cbramod, all participants",1661,6,right_hand,0.8695,1
"cbramod, all participants",1662,6,left_hand,0.0327,1
"cbramod, all participants",1663,6,right_hand,0.6646,1
"cbramod, all participants",1664,6,left_hand,0.6145,1
"cbramod, all participants",1665,6,right_hand,0.2013,1
"cbramod, all participants",1666,6,left_hand,0.2948,1
"cbramod, all participants",1667,6,right_hand,0.5568,1
"cbramod, all participants",1668,6,right_hand,0.9121,1
"cbramod, all participants",1669,6,right_hand,0.9134,1
"cbramod, all participants",1670,6,left_hand,0.1671,1
"cbramod, all participants",1671,6,left_hand,0.745,1
"cbramod, all participants",1672,6,right_hand,0.8773,1
"cbramod, all participants",1673,6,left_hand,0.8501,1
"cbramod, all participants",1674,6,right_hand,0.2015,1
"cbramod, all participants",1675,6,right_hand,0.8885,1
"cbramod, all participants",1676,6,left_hand,0.3187,1
"cbramod, all participants",1677,6,left_hand,0.1406,1
"cbramod, all participants",1678,6,right_hand,0.6572,1
"cbramod, all participants",1679,6,left_hand,0.5593,1
"cbramod, all participants",1680,6,right_hand,0.2108,1
"cbramod, all participants",1681,6,left_hand,0.4521,1
"cbramod, all participants",1682,6,left_hand,0.3885,1
"cbramod, all participants",1683,6,right_hand,0.8747,1
"cbramod, all participants",1684,6,left_hand,0.0307,1
"cbramod, all participants",1685,6,left_hand,0.7377,1
"cbramod, all participants",1686,6,left_hand,0.8258,1
"cbramod, all participants",1687,6,right_hand,0.5005,1
"cbramod, all participants",1688,6,right_hand,0.8701,1
"cbramod, all participants",1689,6,right_hand,0.8994,1
"cbramod, all participants",1690,6,right_hand,0.518,1
"cbramod, all participants",1691,6,left_hand,0.7177,1
"cbramod, all participants",1692,6,right_hand,0.9249,1
"cbramod, all participants",1693,6,right_hand,0.9269,1
"cbramod, all participants",1694,6,right_hand,0.822,1
"cbramod, all participants",1695,6,left_hand,0.5133,1
"cbramod, all participants",1696,6,left_hand,0.613,1
"cbramod, all participants",1697,6,left_hand,0.4034,1
"cbramod, all participants",1698,6,left_hand,0.0803,1
"cbramod, all participants",1699,6,left_hand,0.8046,1
"cbramod, all participants",1700,6,right_hand,0.6582,1
"cbramod, all participants",1701,6,left_hand,0.2638,1
"cbramod, all participants",1702,6,right_hand,0.5546,1
"cbramod, all participants",1703,6,right_hand,0.2915,1
"cbramod, all participants",1704,6,left_hand,0.8783,1
"cbramod, all participants",1705,6,right_hand,0.4494,1
"cbramod, all participants",1706,6,left_hand,0.389,1
"cbramod, all participants",1707,6,left_hand,0.4712,1
"cbramod, all participants",1708,6,right_hand,0.7655,1
"cbramod, all participants",1709,6,right_hand,0.0429,1
"cbramod, all participants",1710,6,right_hand,0.7687,1
"cbramod, all participants",1711,6,left_hand,0.3351,1
"cbramod, all participants",1712,6,right_hand,0.9344,1
"cbramod, all participants",1713,6,right_hand,0.9296,1
"cbramod, all participants",1714,6,right_hand,0.2121,1
"cbramod, all participants",1715,6,right_hand,0.4239,1
"cbramod, all participants",1716,6,right_hand,0.9377,1
"cbramod, all participants",1717,6,left_hand,0.2107,1
"cbramod, all participants",1718,6,right_hand,0.2457,1
"cbramod, all participants",1719,6,right_hand,0.8709,1
"cbramod, all participants",1720,6,left_hand,0.4213,1
"cbramod, all participants",1721,6,left_hand,0.2769,1
"cbramod, all participants",1722,6,left_hand,0.6105,1
"cbramod, all participants",1723,6,left_hand,0.6373,1
"cbramod, all participants",1724,6,left_hand,0.1291,1
"cbramod, all participants",1725,6,left_hand,0.713,1
"cbramod, all participants",1726,6,right_hand,0.8407,1
"cbramod, all participants",1727,6,left_hand,0.8171,1
"cbramod, all participants",1872,7,left_hand,0.8187,1
"cbramod, all participants",1873,7,right_hand,0.2652,1
"cbramod, all participants",1874,7,right_hand,0.6,1
"cbramod, all participants",1875,7,left_hand,0.1321,1
"cbramod, all participants",1876,7,right_hand,0.7711,1
"cbramod, all participants",1877,7,left_hand,0.4874,1
"cbramod, all participants",1878,7,right_hand,0.605,1
"cbramod, all participants",1879,7,right_hand,0.9191,1
"cbramod, all participants",1880,7,left_hand,0.5815,1
"cbramod, all participants",1881,7,right_hand,0.2842,1
"cbramod, all participants",1882,7,left_hand,0.1808,1
"cbramod, all participants",1883,7,left_hand,0.6739,1
"cbramod, all participants",1884,7,right_hand,0.7186,1
"cbramod, all participants",1885,7,left_hand,0.4616,1
"cbramod, all participants",1886,7,left_hand,0.0435,1
"cbramod, all participants",1887,7,left_hand,0.4511,1
"cbramod, all participants",1888,7,left_hand,0.1609,1
"cbramod, all participants",1889,7,right_hand,0.2942,1
"cbramod, all participants",1890,7,left_hand,0.0769,1
"cbramod, all participants",1891,7,right_hand,0.3486,1
"cbramod, all participants",1892,7,right_hand,0.7683,1
"cbramod, all participants",1893,7,left_hand,0.031,1
"cbramod, all participants",1894,7,right_hand,0.7382,1
"cbramod, all participants",1895,7,right_hand,0.9341,1
"cbramod, all participants",1896,7,right_hand,0.5319,1
"cbramod, all participants",1897,7,left_hand,0.5834,1
"cbramod, all participants",1898,7,left_hand,0.5842,1
"cbramod, all participants",1899,7,right_hand,0.4962,1
"cbramod, all participants",1900,7,right_hand,0.4757,1
"cbramod, all participants",1901,7,left_hand,0.1895,1
"cbramod, all participants",1902,7,left_hand,0.0805,1
"cbramod, all participants",1903,7,left_hand,0.6435,1
"cbramod, all participants",1904,7,right_hand,0.4888,1
"cbramod, all participants",1905,7,right_hand,0.1351,1
"cbramod, all participants",1906,7,left_hand,0.2373,1
"cbramod, all participants",1907,7,left_hand,0.0751,1
"cbramod, all participants",1908,7,left_hand,0.1238,1
"cbramod, all participants",1909,7,right_hand,0.2073,1
"cbramod, all participants",1910,7,left_hand,0.9606,1
"cbramod, all participants",1911,7,right_hand,0.9556,1
"cbramod, all participants",1912,7,right_hand,0.8815,1
"cbramod, all participants",1913,7,left_hand,0.0962,1
"cbramod, all participants",1914,7,right_hand,0.532,1
"cbramod, all participants",1915,7,left_hand,0.024,1
"cbramod, all participants",1916,7,right_hand,0.3674,1
"cbramod, all participants",1917,7,right_hand,0.7139,1
"cbramod, all participants",1918,7,right_hand,0.8887,1
"cbramod, all participants",1919,7,left_hand,0.1265,1
"cbramod, all participants",1920,7,left_hand,0.4715,1
"cbramod, all participants",1921,7,left_hand,0.1178,1
"cbramod, all participants",1922,7,right_hand,0.3635,1
"cbramod, all participants",1923,7,left_hand,0.2127,1
"cbramod, all participants",1924,7,left_hand,0.1128,1
"cbramod, all participants",1925,7,right_hand,0.8663,1
"cbramod, all participants",1926,7,left_hand,0.1189,1
"cbramod, all participants",1927,7,left_hand,0.5468,1
"cbramod, all participants",1928,7,right_hand,0.5269,1
"cbramod, all participants",1929,7,left_hand,0.0706,1
"cbramod, all participants",1930,7,right_hand,0.9676,1
"cbramod, all participants",1931,7,right_hand,0.7475,1
"cbramod, all participants",1932,7,left_hand,0.0093,1
"cbramod, all participants",1933,7,right_hand,0.8161,1
"cbramod, all participants",1934,7,left_hand,0.2721,1
"cbramod, all participants",1935,7,left_hand,0.2854,1
"cbramod, all participants",1936,7,right_hand,0.7611,1
"cbramod, all participants",1937,7,left_hand,0.0205,1
"cbramod, all participants",1938,7,right_hand,0.5032,1
"cbramod, all participants",1939,7,right_hand,0.9036,1
"cbramod, all participants",1940,7,right_hand,0.734,1
"cbramod, all participants",1941,7,right_hand,0.6285,1
"cbramod, all participants",1942,7,right_hand,0.7638,1
"cbramod, all participants",1943,7,left_hand,0.0271,1
"cbramod, all participants",1944,7,right_hand,0.7314,1
"cbramod, all participants",1945,7,left_hand,0.5307,1
"cbramod, all participants",1946,7,left_hand,0.4343,1
"cbramod, all participants",1947,7,left_hand,0.1917,1
"cbramod, all participants",1948,7,right_hand,0.5584,1
"cbramod, all participants",1949,7,right_hand,0.7957,1
"cbramod, all participants",1950,7,left_hand,0.4787,1
"cbramod, all participants",1951,7,right_hand,0.3282,1
"cbramod, all participants",1952,7,left_hand,0.1222,1
"cbramod, all participants",1953,7,right_hand,0.9256,1
"cbramod, all participants",1954,7,left_hand,0.1195,1
"cbramod, all participants",1955,7,right_hand,0.8827,1
"cbramod, all participants",1956,7,right_hand,0.019,1
"cbramod, all participants",1957,7,right_hand,0.7559,1
"cbramod, all participants",1958,7,left_hand,0.1138,1
"cbramod, all participants",1959,7,left_hand,0.2238,1
"cbramod, all participants",1960,7,right_hand,0.0465,1
"cbramod, all participants",1961,7,left_hand,0.1455,1
"cbramod, all participants",1962,7,right_hand,0.9069,1
"cbramod, all participants",1963,7,right_hand,0.8309,1
"cbramod, all participants",1964,7,left_hand,0.795,1
"cbramod, all participants",1965,7,left_hand,0.7295,1
"cbramod, all participants",1966,7,right_hand,0.9101,1
"cbramod, all participants",1967,7,left_hand,0.7927,1
"cbramod, all participants",1968,7,right_hand,0.8185,1
"cbramod, all participants",1969,7,left_hand,0.3658,1
"cbramod, all participants",1970,7,left_hand,0.0956,1
"cbramod, all participants",1971,7,right_hand,0.2597,1
"cbramod, all participants",1972,7,left_hand,0.1449,1
"cbramod, all participants",1973,7,left_hand,0.3857,1
"cbramod, all participants",1974,7,left_hand,0.0847,1
"cbramod, all participants",1975,7,right_hand,0.2834,1
"cbramod, all participants",1976,7,right_hand,0.781,1
"cbramod, all participants",1977,7,right_hand,0.1414,1
"cbramod, all participants",1978,7,right_hand,0.4056,1
"cbramod, all participants",1979,7,left_hand,0.6333,1
"cbramod, all participants",1980,7,right_hand,0.8705,1
"cbramod, all participants",1981,7,right_hand,0.0303,1
"cbramod, all participants",1982,7,right_hand,0.9784,1
"cbramod, all participants",1983,7,left_hand,0.0214,1
"cbramod, all participants",1984,7,left_hand,0.0441,1
"cbramod, all participants",1985,7,left_hand,0.0243,1
"cbramod, all participants",1986,7,left_hand,0.0774,1
"cbramod, all participants",1987,7,left_hand,0.2235,1
"cbramod, all participants",1988,7,right_hand,0.1682,1
"cbramod, all participants",1989,7,left_hand,0.0655,1
"cbramod, all participants",1990,7,right_hand,0.4481,1
"cbramod, all participants",1991,7,right_hand,0.9872,1
"cbramod, all participants",1992,7,left_hand,0.2892,1
"cbramod, all participants",1993,7,right_hand,0.8027,1
"cbramod, all participants",1994,7,left_hand,0.0424,1
"cbramod, all participants",1995,7,left_hand,0.0429,1
"cbramod, all participants",1996,7,right_hand,0.1169,1
"cbramod, all participants",1997,7,right_hand,0.6789,1
"cbramod, all participants",1998,7,right_hand,0.7037,1
"cbramod, all participants",1999,7,left_hand,0.184,1
"cbramod, all participants",2000,7,right_hand,0.2387,1
"cbramod, all participants",2001,7,right_hand,0.2598,1
"cbramod, all participants",2002,7,right_hand,0.1883,1
"cbramod, all participants",2003,7,right_hand,0.2125,1
"cbramod, all participants",2004,7,right_hand,0.6446,1
"cbramod, all participants",2005,7,left_hand,0.0988,1
"cbramod, all participants",2006,7,right_hand,0.6906,1
"cbramod, all participants",2007,7,right_hand,0.4874,1
"cbramod, all participants",2008,7,left_hand,0.0098,1
"cbramod, all participants",2009,7,left_hand,0.0431,1
"cbramod, all participants",2010,7,left_hand,0.12,1
"cbramod, all participants",2011,7,left_hand,0.0842,1
"cbramod, all participants",2012,7,left_hand,0.0607,1
"cbramod, all participants",2013,7,left_hand,0.1756,1
"cbramod, all participants",2014,7,right_hand,0.3423,1
"cbramod, all participants",2015,7,left_hand,0.0292,1
"cbramod, all participants",2160,8,left_hand,0.2411,1
"cbramod, all participants",2161,8,right_hand,0.4335,1
"cbramod, all participants",2162,8,right_hand,0.2831,1
"cbramod, all participants",2163,8,left_hand,0.3282,1
"cbramod, all participants",2164,8,right_hand,0.1356,1
"cbramod, all participants",2165,8,left_hand,0.4213,1
"cbramod, all participants",2166,8,right_hand,0.739,1
"cbramod, all participants",2167,8,right_hand,0.8638,1
"cbramod, all participants",2168,8,left_hand,0.1485,1
"cbramod, all participants",2169,8,right_hand,0.7544,1
"cbramod, all participants",2170,8,left_hand,0.7284,1
"cbramod, all participants",2171,8,left_hand,0.7338,1
"cbramod, all participants",2172,8,right_hand,0.7472,1
"cbramod, all participants",2173,8,left_hand,0.3355,1
"cbramod, all participants",2174,8,left_hand,0.0348,1
"cbramod, all participants",2175,8,left_hand,0.0275,1
"cbramod, all participants",2176,8,left_hand,0.8117,1
"cbramod, all participants",2177,8,right_hand,0.6858,1
"cbramod, all participants",2178,8,left_hand,0.0556,1
"cbramod, all participants",2179,8,right_hand,0.8952,1
"cbramod, all participants",2180,8,right_hand,0.7192,1
"cbramod, all participants",2181,8,left_hand,0.067,1
"cbramod, all participants",2182,8,right_hand,0.9385,1
"cbramod, all participants",2183,8,right_hand,0.8289,1
"cbramod, all participants",2184,8,right_hand,0.7311,1
"cbramod, all participants",2185,8,left_hand,0.4678,1
"cbramod, all participants",2186,8,left_hand,0.2948,1
"cbramod, all participants",2187,8,right_hand,0.5867,1
"cbramod, all participants",2188,8,right_hand,0.5881,1
"cbramod, all participants",2189,8,left_hand,0.1525,1
"cbramod, all participants",2190,8,left_hand,0.7782,1
"cbramod, all participants",2191,8,left_hand,0.0632,1
"cbramod, all participants",2192,8,right_hand,0.4846,1
"cbramod, all participants",2193,8,right_hand,0.9073,1
"cbramod, all participants",2194,8,left_hand,0.895,1
"cbramod, all participants",2195,8,left_hand,0.2719,1
"cbramod, all participants",2196,8,left_hand,0.9212,1
"cbramod, all participants",2197,8,right_hand,0.4091,1
"cbramod, all participants",2198,8,left_hand,0.9305,1
"cbramod, all participants",2199,8,right_hand,0.7837,1
"cbramod, all participants",2200,8,right_hand,0.7384,1
"cbramod, all participants",2201,8,left_hand,0.4398,1
"cbramod, all participants",2202,8,right_hand,0.9255,1
"cbramod, all participants",2203,8,left_hand,0.8384,1
"cbramod, all participants",2204,8,right_hand,0.0434,1
"cbramod, all participants",2205,8,right_hand,0.4475,1
"cbramod, all participants",2206,8,right_hand,0.3476,1
"cbramod, all participants",2207,8,left_hand,0.6015,1
"cbramod, all participants",2208,8,left_hand,0.0652,1
"cbramod, all participants",2209,8,left_hand,0.1094,1
"cbramod, all participants",2210,8,right_hand,0.7193,1
"cbramod, all participants",2211,8,left_hand,0.5336,1
"cbramod, all participants",2212,8,left_hand,0.6964,1
"cbramod, all participants",2213,8,right_hand,0.9464,1
"cbramod, all participants",2214,8,left_hand,0.1139,1
"cbramod, all participants",2215,8,left_hand,0.3178,1
"cbramod, all participants",2216,8,right_hand,0.2736,1
"cbramod, all participants",2217,8,left_hand,0.0581,1
"cbramod, all participants",2218,8,right_hand,0.5796,1
"cbramod, all participants",2219,8,right_hand,0.9348,1
"cbramod, all participants",2220,8,left_hand,0.6906,1
"cbramod, all participants",2221,8,right_hand,0.9785,1
"cbramod, all participants",2222,8,left_hand,0.5639,1
"cbramod, all participants",2223,8,left_hand,0.9141,1
"cbramod, all participants",2224,8,right_hand,0.4406,1
"cbramod, all participants",2225,8,left_hand,0.1043,1
"cbramod, all participants",2226,8,right_hand,0.569,1
"cbramod, all participants",2227,8,right_hand,0.5144,1
"cbramod, all participants",2228,8,right_hand,0.9536,1
"cbramod, all participants",2229,8,right_hand,0.232,1
"cbramod, all participants",2230,8,right_hand,0.6773,1
"cbramod, all participants",2231,8,left_hand,0.1366,1
"cbramod, all participants",2232,8,right_hand,0.3118,1
"cbramod, all participants",2233,8,left_hand,0.3705,1
"cbramod, all participants",2234,8,left_hand,0.4404,1
"cbramod, all participants",2235,8,left_hand,0.3439,1
"cbramod, all participants",2236,8,right_hand,0.3859,1
"cbramod, all participants",2237,8,right_hand,0.8322,1
"cbramod, all participants",2238,8,left_hand,0.5491,1
"cbramod, all participants",2239,8,right_hand,0.8853,1
"cbramod, all participants",2240,8,left_hand,0.3918,1
"cbramod, all participants",2241,8,right_hand,0.7467,1
"cbramod, all participants",2242,8,left_hand,0.7482,1
"cbramod, all participants",2243,8,right_hand,0.2798,1
"cbramod, all participants",2244,8,right_hand,0.49,1
"cbramod, all participants",2245,8,right_hand,0.1682,1
"cbramod, all participants",2246,8,left_hand,0.3386,1
"cbramod, all participants",2247,8,left_hand,0.2083,1
"cbramod, all participants",2248,8,right_hand,0.7177,1
"cbramod, all participants",2249,8,left_hand,0.6234,1
"cbramod, all participants",2250,8,right_hand,0.6765,1
"cbramod, all participants",2251,8,right_hand,0.9705,1
"cbramod, all participants",2252,8,left_hand,0.6767,1
"cbramod, all participants",2253,8,left_hand,0.5583,1
"cbramod, all participants",2254,8,right_hand,0.063,1
"cbramod, all participants",2255,8,left_hand,0.0852,1
"cbramod, all participants",2256,8,right_hand,0.6526,1
"cbramod, all participants",2257,8,left_hand,0.7077,1
"cbramod, all participants",2258,8,left_hand,0.6852,1
"cbramod, all participants",2259,8,right_hand,0.0984,1
"cbramod, all participants",2260,8,left_hand,0.0488,1
"cbramod, all participants",2261,8,left_hand,0.4449,1
"cbramod, all participants",2262,8,left_hand,0.6418,1
"cbramod, all participants",2263,8,right_hand,0.9315,1
"cbramod, all participants",2264,8,right_hand,0.92,1
"cbramod, all participants",2265,8,right_hand,0.8773,1
"cbramod, all participants",2266,8,right_hand,0.9684,1
"cbramod, all participants",2267,8,left_hand,0.0711,1
"cbramod, all participants",2268,8,right_hand,0.8117,1
"cbramod, all participants",2269,8,right_hand,0.9418,1
"cbramod, all participants",2270,8,right_hand,0.8023,1
"cbramod, all participants",2271,8,left_hand,0.788,1
"cbramod, all participants",2272,8,left_hand,0.9045,1
"cbramod, all participants",2273,8,left_hand,0.6839,1
"cbramod, all participants",2274,8,left_hand,0.1871,1
"cbramod, all participants",2275,8,left_hand,0.6937,1
"cbramod, all participants",2276,8,right_hand,0.5193,1
"cbramod, all participants",2277,8,left_hand,0.6991,1
"cbramod, all participants",2278,8,right_hand,0.9599,1
"cbramod, all participants",2279,8,right_hand,0.9055,1
"cbramod, all participants",2280,8,left_hand,0.7273,1
"cbramod, all participants",2281,8,right_hand,0.7148,1
"cbramod, all participants",2282,8,left_hand,0.8257,1
"cbramod, all participants",2283,8,left_hand,0.1235,1
"cbramod, all participants",2284,8,right_hand,0.9373,1
"cbramod, all participants",2285,8,right_hand,0.8222,1
"cbramod, all participants",2286,8,right_hand,0.7091,1
"cbramod, all participants",2287,8,left_hand,0.0408,1
"cbramod, all participants",2288,8,right_hand,0.1114,1
"cbramod, all participants",2289,8,right_hand,0.8624,1
"cbramod, all participants",2290,8,right_hand,0.517,1
"cbramod, all participants",2291,8,right_hand,0.0602,1
"cbramod, all participants",2292,8,right_hand,0.2048,1
"cbramod, all participants",2293,8,left_hand,0.879,1
"cbramod, all participants",2294,8,right_hand,0.7582,1
"cbramod, all participants",2295,8,right_hand,0.8927,1
"cbramod, all participants",2296,8,left_hand,0.1106,1
"cbramod, all participants",2297,8,left_hand,0.3604,1
"cbramod, all participants",2298,8,left_hand,0.3978,1
"cbramod, all participants",2299,8,left_hand,0.14,1
"cbramod, all participants",2300,8,left_hand,0.6846,1
"cbramod, all participants",2301,8,left_hand,0.9375,1
"cbramod, all participants",2302,8,right_hand,0.6339,1
"cbramod, all participants",2303,8,left_hand,0.2596,1
"cbramod, all participants",2448,9,left_hand,0.2578,1
"cbramod, all participants",2449,9,right_hand,0.7102,1
"cbramod, all participants",2450,9,right_hand,0.8099,1
"cbramod, all participants",2451,9,left_hand,0.2033,1
"cbramod, all participants",2452,9,right_hand,0.9205,1
"cbramod, all participants",2453,9,left_hand,0.0599,1
"cbramod, all participants",2454,9,right_hand,0.8441,1
"cbramod, all participants",2455,9,right_hand,0.7709,1
"cbramod, all participants",2456,9,left_hand,0.7763,1
"cbramod, all participants",2457,9,right_hand,0.8924,1
"cbramod, all participants",2458,9,left_hand,0.255,1
"cbramod, all participants",2459,9,left_hand,0.2017,1
"cbramod, all participants",2460,9,right_hand,0.6898,1
"cbramod, all participants",2461,9,left_hand,0.6958,1
"cbramod, all participants",2462,9,left_hand,0.085,1
"cbramod, all participants",2463,9,left_hand,0.1501,1
"cbramod, all participants",2464,9,left_hand,0.8362,1
"cbramod, all participants",2465,9,right_hand,0.8763,1
"cbramod, all participants",2466,9,left_hand,0.1231,1
"cbramod, all participants",2467,9,right_hand,0.83,1
"cbramod, all participants",2468,9,right_hand,0.6887,1
"cbramod, all participants",2469,9,left_hand,0.1622,1
"cbramod, all participants",2470,9,right_hand,0.6649,1
"cbramod, all participants",2471,9,right_hand,0.8742,1
"cbramod, all participants",2472,9,right_hand,0.9535,1
"cbramod, all participants",2473,9,left_hand,0.249,1
"cbramod, all participants",2474,9,left_hand,0.6556,1
"cbramod, all participants",2475,9,right_hand,0.9558,1
"cbramod, all participants",2476,9,right_hand,0.8599,1
"cbramod, all participants",2477,9,left_hand,0.7433,1
"cbramod, all participants",2478,9,left_hand,0.943,1
"cbramod, all participants",2479,9,left_hand,0.2889,1
"cbramod, all participants",2480,9,right_hand,0.2332,1
"cbramod, all participants",2481,9,right_hand,0.9605,1
"cbramod, all participants",2482,9,left_hand,0.7212,1
"cbramod, all participants",2483,9,left_hand,0.4884,1
"cbramod, all participants",2484,9,left_hand,0.0669,1
"cbramod, all participants",2485,9,right_hand,0.7355,1
"cbramod, all participants",2486,9,left_hand,0.2731,1
"cbramod, all participants",2487,9,right_hand,0.8679,1
"cbramod, all participants",2488,9,right_hand,0.8618,1
"cbramod, all participants",2489,9,left_hand,0.3405,1
"cbramod, all participants",2490,9,right_hand,0.7316,1
"cbramod, all participants",2491,9,left_hand,0.1425,1
"cbramod, all participants",2492,9,right_hand,0.9425,1
"cbramod, all participants",2493,9,right_hand,0.5252,1
"cbramod, all participants",2494,9,right_hand,0.6775,1
"cbramod, all participants",2495,9,left_hand,0.0976,1
"cbramod, all participants",2496,9,left_hand,0.1461,1
"cbramod, all participants",2497,9,left_hand,0.3585,1
"cbramod, all participants",2498,9,right_hand,0.9519,1
"cbramod, all participants",2499,9,left_hand,0.6841,1
"cbramod, all participants",2500,9,left_hand,0.0441,1
"cbramod, all participants",2501,9,right_hand,0.9343,1
"cbramod, all participants",2502,9,left_hand,0.3438,1
"cbramod, all participants",2503,9,left_hand,0.1942,1
"cbramod, all participants",2504,9,right_hand,0.3569,1
"cbramod, all participants",2505,9,left_hand,0.2285,1
"cbramod, all participants",2506,9,right_hand,0.7682,1
"cbramod, all participants",2507,9,right_hand,0.9327,1
"cbramod, all participants",2508,9,left_hand,0.2322,1
"cbramod, all participants",2509,9,right_hand,0.9015,1
"cbramod, all participants",2510,9,left_hand,0.7683,1
"cbramod, all participants",2511,9,left_hand,0.3452,1
"cbramod, all participants",2512,9,right_hand,0.3003,1
"cbramod, all participants",2513,9,left_hand,0.2401,1
"cbramod, all participants",2514,9,right_hand,0.3457,1
"cbramod, all participants",2515,9,right_hand,0.9026,1
"cbramod, all participants",2516,9,right_hand,0.9019,1
"cbramod, all participants",2517,9,right_hand,0.4713,1
"cbramod, all participants",2518,9,right_hand,0.2461,1
"cbramod, all participants",2519,9,left_hand,0.4173,1
"cbramod, all participants",2520,9,right_hand,0.8658,1
"cbramod, all participants",2521,9,left_hand,0.6102,1
"cbramod, all participants",2522,9,left_hand,0.0172,1
"cbramod, all participants",2523,9,left_hand,0.8673,1
"cbramod, all participants",2524,9,right_hand,0.5922,1
"cbramod, all participants",2525,9,right_hand,0.3666,1
"cbramod, all participants",2526,9,left_hand,0.9231,1
"cbramod, all participants",2527,9,right_hand,0.1767,1
"cbramod, all participants",2528,9,left_hand,0.9394,1
"cbramod, all participants",2529,9,right_hand,0.8438,1
"cbramod, all participants",2530,9,left_hand,0.1718,1
"cbramod, all participants",2531,9,right_hand,0.5626,1
"cbramod, all participants",2532,9,right_hand,0.5468,1
"cbramod, all participants",2533,9,right_hand,0.9262,1
"cbramod, all participants",2534,9,left_hand,0.3935,1
"cbramod, all participants",2535,9,left_hand,0.3555,1
"cbramod, all participants",2536,9,right_hand,0.4705,1
"cbramod, all participants",2537,9,left_hand,0.5905,1
"cbramod, all participants",2538,9,right_hand,0.9877,1
"cbramod, all participants",2539,9,right_hand,0.6082,1
"cbramod, all participants",2540,9,left_hand,0.1613,1
"cbramod, all participants",2541,9,left_hand,0.043,1
"cbramod, all participants",2542,9,right_hand,0.96,1
"cbramod, all participants",2543,9,left_hand,0.6622,1
"cbramod, all participants",2544,9,right_hand,0.5925,1
"cbramod, all participants",2545,9,left_hand,0.1127,1
"cbramod, all participants",2546,9,left_hand,0.8177,1
"cbramod, all participants",2547,9,right_hand,0.8299,1
"cbramod, all participants",2548,9,left_hand,0.438,1
"cbramod, all participants",2549,9,left_hand,0.1334,1
"cbramod, all participants",2550,9,left_hand,0.0749,1
"cbramod, all participants",2551,9,right_hand,0.3833,1
"cbramod, all participants",2552,9,right_hand,0.4233,1
"cbramod, all participants",2553,9,right_hand,0.4615,1
"cbramod, all participants",2554,9,right_hand,0.5175,1
"cbramod, all participants",2555,9,left_hand,0.0174,1
"cbramod, all participants",2556,9,right_hand,0.3304,1
"cbramod, all participants",2557,9,right_hand,0.5491,1
"cbramod, all participants",2558,9,right_hand,0.5704,1
"cbramod, all participants",2559,9,left_hand,0.1509,1
"cbramod, all participants",2560,9,left_hand,0.0835,1
"cbramod, all participants",2561,9,left_hand,0.7912,1
"cbramod, all participants",2562,9,left_hand,0.8304,1
"cbramod, all participants",2563,9,left_hand,0.8802,1
"cbramod, all participants",2564,9,right_hand,0.4135,1
"cbramod, all participants",2565,9,left_hand,0.2492,1
"cbramod, all participants",2566,9,right_hand,0.1497,1
"cbramod, all participants",2567,9,right_hand,0.3023,1
"cbramod, all participants",2568,9,left_hand,0.2654,1
"cbramod, all participants",2569,9,right_hand,0.3079,1
"cbramod, all participants",2570,9,left_hand,0.3956,1
"cbramod, all participants",2571,9,left_hand,0.445,1
"cbramod, all participants",2572,9,right_hand,0.2366,1
"cbramod, all participants",2573,9,right_hand,0.9164,1
"cbramod, all participants",2574,9,right_hand,0.7114,1
"cbramod, all participants",2575,9,left_hand,0.4725,1
"cbramod, all participants",2576,9,right_hand,0.974,1
"cbramod, all participants",2577,9,right_hand,0.77,1
"cbramod, all participants",2578,9,right_hand,0.8769,1
"cbramod, all participants",2579,9,right_hand,0.3914,1
"cbramod, all participants",2580,9,right_hand,0.4293,1
"cbramod, all participants",2581,9,left_hand,0.3526,1
"cbramod, all participants",2582,9,right_hand,0.755,1
"cbramod, all participants",2583,9,right_hand,0.875,1
"cbramod, all participants",2584,9,left_hand,0.0508,1
"cbramod, all participants",2585,9,left_hand,0.1792,1
"cbramod, all participants",2586,9,left_hand,0.1787,1
"cbramod, all participants",2587,9,left_hand,0.9602,1
"cbramod, all participants",2588,9,left_hand,0.231,1
"cbramod, all participants",2589,9,left_hand,0.025,1
"cbramod, all participants",2590,9,right_hand,0.8709,1
"cbramod, all participants",2591,9,left_hand,0.6529,1
